sample_id,true_index,predicted_index,Common_Rust,Gray_Leaf_Spot,Healthy,Northern_Corn_Leaf_Blight
00126ef33b1f603fcf705fe5b3d186f7932d2348fe52aca404752233586a86e7,3,3,2.583398782007862e-06,2.5116876713582315e-05,2.9314253424672643e-06,0.9999693632125854
0013fe55fe0d5d2397bcce7ea20747589b1ab34c18a0d34c8efb48d3ef5cbc80,1,1,1.3740636859438382e-06,0.9990618824958801,1.599214449754527e-08,0.0009367227321490645
0024a015776ef9867fc9c25fbca8d9dfb2ab38c46b0f5d38aff4f102523eef0f,3,3,0.00012421089923009276,5.569069253397174e-05,6.314007237051555e-07,0.9998194575309753
004de1ce5ed3aaf376fe971e96c3aa4e70595ec54efb430869ceb91b4a0abc71,2,2,2.0072526973891058e-10,6.640819560921329e-10,0.9999985694885254,1.433025886399264e-06
00582457c5b6fa2d95261f0727637c7ddf62d56712d2cd182ddcb59fa18b2258,3,3,0.0004955862532369792,0.004438948817551136,1.2671105650952086e-05,0.9950528740882874
006c251199c0d9efe06f799641b9d01dec7fba7ba9762b8d92adc4296fdaffbb,3,3,6.728308790115989e-07,2.026035303970275e-07,1.2491704559636219e-08,0.9999991655349731
0074325543c066de34b2721f7408803d8a1496b08edf345198051bcabca4c8d0,3,3,2.233729645695348e-09,0.00013287508045323193,8.34489988221776e-09,0.9998670816421509
00a17aa1f7df29160c0fce5a48079e6658eb4f5539a648985687ebe55c527ac1,2,2,6.032043131654063e-08,5.118193371345114e-07,0.9999973773956299,1.9892913769581355e-06
00a39428a5fb85724f4c463df464c76a6f65d4b85c1406d8184fb9f9f9447988,1,1,1.9078386515047896e-07,0.9972033500671387,9.51861920839292e-07,0.0027955402620136738
00b1684dd9d04cc53e65d7cd2dc111dcdddcd347bbe1ec7852066b35ff3eb68c,3,3,1.865731213968047e-08,0.00010559282236499712,1.250388322660001e-06,0.999893069267273
00b9be713d9db53a34ecc1bf7bf02e735b44bd6d7e8bb64aae3642d99883267a,0,0,0.9974410533905029,3.412607475183904e-05,4.812585029867478e-05,0.002476625144481659
00c45e284314d90a3f33f476ab6bbc4d5408a7c5c53486d049dd35fcd3545085,0,0,0.9998144507408142,3.33706498167885e-06,2.140026663255412e-05,0.0001607562880963087
00e37b88d799a367b4fe76956ec8ced446c6aa35c0d8caf4c35f7458bc120d61,1,1,8.732884992923573e-08,0.9987789988517761,8.726719791241067e-09,0.0012209253618493676
00f65bbf6acafdf9688862bd5efbcbb65c2e6cc9a68caca65dfd3242b0d74545,3,3,6.319979547697585e-06,0.0008534573134966195,1.4890755437590997e-06,0.9991387128829956
00fb35108efe02eeb6b17aa7b46e5847c3ce78dace89f9d5268eba9086f87dc9,1,1,1.3313214708432497e-07,0.9968538880348206,6.83287507854402e-05,0.0030777098145335913
0119e09b243f6d6daa0dbf0e03629a086c6553318da3a3cd5051819b5259aefd,3,3,0.0015192758291959763,0.008673897944390774,0.0013436144217848778,0.9884632229804993
011a50513b33d260f9032d0ff37db682e254a51864eb6ecd9f10b990c6a9b912,2,2,4.799080577377879e-11,4.2401468447472723e-10,1.0,3.577569351875809e-10
012a04856355c8661e9560a8316fe573a056929d18e35b72378eda099acdf00b,3,3,1.2200510823845434e-08,0.00010259791451971978,3.551688720904167e-09,0.9998973608016968
013f521833dbf1175f69ca55b56f9450813a18a9f16610c9f4a2022f2f37e281,0,0,1.0,5.505314537579409e-10,4.6702659101116595e-11,8.957137254128611e-09
01584ab7a01048a80f61af07f1a5812f35ff2986289307784ff3e4662851f18f,3,3,3.919700120036396e-09,0.00017587700858712196,1.141043814989473e-09,0.9998241066932678
015da00f83c40462d0d37f272be2882c0f9117e7c8a15da837c292a4e0f52999,3,3,0.0011995707172900438,0.003752018790692091,0.00010869734251173213,0.9949396848678589
016acd6b0b1d8013b43efa29b7fc3d3c24f81969058dfc606dba8c4aaa116c46,0,0,0.9998821020126343,2.722718818404246e-06,2.0488001609919593e-05,9.464164031669497e-05
0173d1402ddffa065a45a81c380e77d508d0bef95428b8d0156fe901347a547f,0,0,1.0,1.8924755096350054e-08,2.9632545306412794e-08,2.6722819512770002e-08
019f67323f7c158212cb8226b0ba398aedba820bdeb8b17b003c187c2837d31d,3,3,7.383485353784636e-06,0.0020516335498541594,2.5046827431651764e-05,0.9979159235954285
01a08db49b37544eea801572f2613f8a783ab6f8cbbe9bc5068cada23a6c66b1,2,2,2.310063791810535e-05,7.665117323085724e-07,0.9999639987945557,1.2114382116124034e-05
01c98955fb4e8d0f63048ba4c86dc141eacdaa5378c0f673fe57862473490ffa,3,3,6.0419006331358105e-06,0.1168462336063385,2.22418157136417e-06,0.8831455111503601
01cba60dcd4a9f19ce6889eb2dc788d6e074e51eb53d05f1a3e5f52be88a2217,0,0,1.0,7.326431905596564e-09,3.987812302597149e-09,8.232302839417116e-09
01ff1ab813eddbdac6cd5311777f61c494d30ebbfb3e33c1323f8a3501815858,2,2,1.2268285900063347e-05,2.5452885893173516e-05,0.9994199275970459,0.0005423321854323149
02002f9575a927ea372038626e3d74c2ad1790f3726aea60b37ab89f4be0732e,2,2,3.961574475397356e-05,0.0002531851932872087,0.9969471096992493,0.0027601022738963366
026de0df79a78cfdcf5d9e9bcbe4479ee8aed4850e6a6d39e911b92898716283,0,0,0.9999951124191284,8.85504150005545e-08,1.5529171548678278e-07,4.6177733565855306e-06
0274ac23d9a60c39a14ff9d95b0bb8be17387e8fe329dfc2c799061135a49bb0,3,3,0.0001067606353899464,0.017557334154844284,0.001542970654554665,0.9807929396629333
029308a7624f0f0b0adae5c61e1b08434621fd211f8b16bbe8a6de79a31ddfcf,0,0,0.9997939467430115,0.00011941421689698473,6.311227480182424e-05,2.345982466067653e-05
02a0027a179af7e7b38da6835a5aa3bf61dab1a448c8e1cae538d6afaf3a8b33,0,0,0.9999940395355225,4.4179543579048186e-07,1.3631240847189474e-07,5.352553671400528e-06
02a2e7148ea90378d8f6bf61ab68c70aa8bbe577c501906cd8d65aa1fdad14bb,3,3,0.00029499520314857364,0.04621826484799385,5.181104825169314e-06,0.9534816145896912
02b6624a339f6af8a79ff0ba0c129e29e6d7be9327945a6ed4cebf56c1262c84,3,0,0.6212185025215149,0.000836535298731178,0.00013660687545780092,0.3778083324432373
02cc14d92075b555ca8b2919a5188178c54a4cd34aa51176d9c5545c260321e1,2,2,5.496341145772021e-06,6.3431048147322144e-06,0.9999822378158569,5.95652863921714e-06
02dd2dc033ee3e6964548fbed00f6b8fd35d1661f1dac32546e5ed4a2812b32c,0,0,0.9998301267623901,4.094941687071696e-06,5.2615436288760975e-05,0.00011317581811454147
03305aa631d25d88a44e0697156e96bd948df1d1308907138eafb1684666792a,1,1,9.892437979885926e-10,0.9975016713142395,1.515204672841719e-07,0.0024982017930597067
033f615c96acb4b03f36b3c51a91c76c0059013b4cd28b0f844369064388b382,3,3,2.4981713977467734e-06,1.3979079994896892e-05,9.863757441053167e-06,0.9999736547470093
035a95f8952b1f4710a5e03bdf3b1301085268df0168d0615e4a0739c50d48ab,1,1,4.3369891500333324e-07,0.9874826669692993,0.00033595753484405577,0.012180899269878864
03719ea85448691b84ff5057261968dbdd8de438837d283c1e4905bd4c9b3b6f,3,3,3.764480727141972e-09,1.3789222975901794e-05,6.81826706205868e-10,0.9999861717224121
03a5a596c10de0d25ec3cd99dee07da2e53e48bdff6f18e3ef58e4816b1244c0,3,3,8.21467480704996e-08,0.0022748776245862246,1.422677939899586e-07,0.9977249503135681
03c57b4bd5127cdf1e596d22cf7e3a81aba7f72563f31b26e1d57185d6f537fc,3,3,6.918801227584481e-05,0.002936603734269738,3.277718133176677e-05,0.9969614148139954
03d221fe5f9577529433b4b25602f31960582e1d3a4f8217925678d8a4e5d7f9,3,3,1.3496753126673866e-05,0.0008468878804706037,5.0004880904452875e-05,0.9990895986557007
03da3ed6d96006bf2da84211cd3fb54b9a1cec92dd495c4e43ec6bbd93a12dc2,2,2,1.4075860690354602e-06,3.26163244608324e-05,0.9999593496322632,6.62628826830769e-06
03e630267703b8483ecd74010d76b0d73bd3caa470e9edb111bed4fff4fc2da4,0,0,0.9999978542327881,1.9292414776828082e-08,6.673068764229129e-09,2.1465116333274636e-06
03f12ef1b7285ff70e4075c1230e87f66c0a2e6b0aad35ffe6f1e1a3589f929d,1,1,4.692910522408056e-07,0.9982960820198059,2.1148450457530998e-07,0.0017032360192388296
03f3258a564b03326603ebd5474923ec8e323d2ba358014d3376d4f38c338eff,0,0,0.9999992847442627,3.581095029403514e-07,6.099314830976255e-09,3.6519836044135445e-07
03f632e7b2a904878fe460c76dd840761e5768de7e2734256d19b75a47e2aaed,3,3,1.084103041648632e-05,0.0010489510605111718,2.658129233168438e-05,0.9989136457443237
0425205b53b1144ede6cec5c31ca0d94c1ff8902d1253f7fe58c13cf81140d0a,2,2,3.3920998703251826e-06,5.57553576072678e-05,0.9999394416809082,1.3995495464769192e-06
044c148ccd48d95f8693897299c111cd680f4b2c81e0536e49a12e0079c0078a,3,3,6.550399120897055e-07,0.0006604246445931494,1.9369378989608776e-08,0.9993389248847961
045672dacca9f44c3efbc154339d148672f2217f9b5164c9f10d9b5a7ed0aeb7,0,0,0.9988273978233337,0.0001788321533240378,0.0003870702930726111,0.0006066276109777391
04812fb142968b3f0f45b20020602437dc9860694da96cd26f0ebb9ac096796e,3,3,1.2449787618606933e-06,0.011892640963196754,2.4445130364370016e-08,0.9881061315536499
04a86712709702a59d3185dc874f89717e5290bf2dfd30131d30cb7879b13fb5,2,2,2.8920462682435755e-06,6.912601747899316e-06,0.9999423027038574,4.793032712768763e-05
04abbfeb39f6b0a1e89b6ba9598261a1e59b5636a4a9165a1d7f281d2efd77ed,3,3,9.096853403889327e-08,0.004721605218946934,7.529856560495318e-08,0.9952782392501831
04b9eb103f23f629eee3fc658b502c2845b8cabd39a19912c221e2d0dd316b6b,0,0,0.9999998807907104,3.189548181126156e-08,8.624383873723218e-09,1.1764736029817868e-07
04caf724d7843de13c479206e4442038b21b54b2b36b6cac29a38fb073f7efe9,3,3,0.001425509457476437,0.14993654191493988,0.08713186532258987,0.7615060806274414
04cc77ec8e3e6358d09741eece7d8415a899918b69e0b23f1d8ad68b55d2aecf,2,2,3.018391510067886e-07,4.57264661690715e-07,0.999998927116394,3.5571011380852724e-07
04cfdf7dd6686ca8a6dccd08c968df23ec7b61742d7c80ecd5a53aa7957cdf19,0,0,0.9908663630485535,0.003270980203524232,1.836462161008967e-06,0.005860829260200262
04d63da193f38db022339c5454411a1180d0df485f553c806fc8990e25e7bc7d,1,1,3.1614670206181472e-06,0.9980593323707581,3.065279088332318e-05,0.0019067696994170547
04e71df09165fb92d6c8cd689f827f9c1066bc1408faa979a403f3cb6c32b5e7,2,2,2.3753390365754967e-09,2.723708369956057e-09,1.0,4.302159517521886e-09
04f3e69761fb547f6e73f870aac3e92198887752f50bb0f440a8dc350ba5c4b8,0,0,0.9999878406524658,2.7279438086225127e-07,8.244526725320611e-06,3.7002669159846846e-06
04fbb3b989804de9e76aeed2690e49046a3e94faf1df21d85a588df2bc6873de,3,3,2.7071456187854892e-08,5.375401451601647e-05,4.219314897468962e-10,0.9999462366104126
0509d4e25cdf71a4137353b7cb2ad6660538a655bc3e3767938c5c19b762992b,3,3,2.1944531454209937e-06,5.154049722477794e-05,1.9620428304278903e-07,0.999946117401123
051846ca56b3cccaaff54570ae9e3b26c8fa6d0ac611e18b5606fc33e7ef4cfc,0,0,0.9999728202819824,2.1864781956537627e-05,1.5574810277030338e-06,3.809405825450085e-06
051fb2add684015a56869186f4ac992b40922cf5ba3b5011ff2fd7ac86dabef8,0,0,0.999995231628418,6.750082661710621e-07,4.079249649180383e-08,4.043392436869908e-06
053e1a9bbba96f131627df99875473cc2ae43d3bf63db9b0275d56dab0946293,2,2,1.7536729013389873e-11,8.511617105577685e-11,1.0,2.3246689018208144e-09
0552a31dbdf7e12056a31740b32704061a0baae80eb2641004ab3ff516de3c5e,0,0,0.9999393224716187,2.2075760170992e-06,3.436043925830745e-06,5.49199539818801e-05
05559c875572c188ce56fc63d424542131ae2154069052944024cd8251522e86,0,0,0.9995861649513245,1.284697646042332e-06,4.87912210633823e-10,0.0004125629202462733
055c3bf468d0c8dcf34e92281a8421009402d86f9afc715b98034eec6b543e8f,2,2,6.608463110069351e-08,8.2815168056527e-09,0.9999998807907104,1.4399279990584546e-08
05628ce9694daaef749b1889a0269c7529761cb96f33309007da5429e5c9a30d,2,2,8.350808045065605e-09,1.0725001331479689e-08,0.9999988079071045,1.1584145340748364e-06
0564e409d059340837c2105eec3a2f8a7f2dd5a46eed5137e50c0bc9ea039dec,2,2,1.4103740113569074e-06,2.4135630155797116e-05,0.9999105930328369,6.385746382875368e-05
0580864c6e14c4bf1c2081c4667b0a2f7ff06cc9cf19b484d8cda218c4367dc9,1,1,0.09607020020484924,0.4876297116279602,0.03228112682700157,0.38401898741722107
05bf3488198001e4bbe243b60101aedaecf74f3df9a407130af8fb3a3cf5f900,2,2,3.0186864563575e-08,1.3022226141856663e-07,0.9999998807907104,1.9308247445337656e-08
05c4ac99e7ca2f1d616215b0ceddd4cc3d7925c867d7a13ceb40e3037aca7496,3,3,6.346734267026477e-07,0.02143249101936817,1.588829945831094e-06,0.9785652756690979
05ccc5abeb4a7970a7a3767dbb8d488646a809333ed4412b2db6aa65bb65c5e0,0,0,0.9998437166213989,0.00012145342770963907,2.2695485313306563e-06,3.2497711799805984e-05
05e1de87057a60d009e24bd596e3f723d0a19d5927213913c3f5aabdb95c762b,3,3,1.3617275085309188e-09,0.010034404695034027,9.716228932532545e-10,0.989965558052063
05f69bff328b767f3d668c98889f1e1fc693fce14180b63f35db164125927b59,1,1,1.4611410747988884e-08,0.9895029067993164,3.2111310588334163e-07,0.010496767237782478
05fb64fa94ed707e0e15f48e9e60274d8f82259d6c90dc629776f7b1609f077f,0,0,0.9999914169311523,3.749746824155409e-08,5.981612982708384e-10,8.552631697966717e-06
05ffb6b37fb088c269bf86419cd6e06c7b21bae12d8d4974da764a2421b7ecc4,2,2,2.4189978020672243e-08,1.1504965158337654e-07,0.9999994039535522,5.321526259649545e-07
0600784e804b81a89a09b1f27c88943887b8a2fea9f4328016630514dce4c03a,2,2,1.239322386936692e-06,3.1066792871570215e-05,0.9999109506607056,5.672797851730138e-05
06078eb3f0f7334d105f7269d99fd796a4952d72a2b443f82b9223bb37b2d3fc,2,2,6.394172373802576e-07,1.5754695823488873e-06,0.9999961853027344,1.5340724530688021e-06
06418b35643b538434fea65071d98fe757eab08d5d38b50a77e5cf215b1c0156,3,3,2.961451528449288e-09,0.017607826739549637,1.8890860431497458e-08,0.9823921322822571
064359df124f01d51c773d5f13703deb8da2e819febed2003ee31f73c8032a23,0,0,0.9974585175514221,0.001530228415504098,0.0005881531396880746,0.0004231437051203102
064c51c7f5d6916bcc11f5173214c923dfc3d8807d0660a9c2ee3b7510bd1802,0,0,0.999992847442627,2.900687832152471e-07,2.097387323374278e-06,4.784909833688289e-06
0670b1fa13ec8779f2129dfdfcfffc669b83ff4ff34c1a7810df3386e825b663,0,0,0.9999871253967285,6.206269063113723e-06,5.480178799643909e-08,6.716345524182543e-06
069ea6bea41d222ed7ebcb53449e8068fda8d5e9c9e6184cd90c0df35aaae6b6,3,3,8.96569929409452e-08,1.0182039659412112e-05,1.700656682146473e-08,0.9999897480010986
06cc7a508103b94a381f99e06a895dcbf380de39e2afe77c3d58341d0488d3f6,0,0,0.9761591553688049,0.0010042056674137712,5.684604275302263e-06,0.022830888628959656
06ed9c7610a6056f2037dbd962af9d411f6df27b9616222ed5d80e71ef9661b2,2,2,9.739692785615262e-08,2.5987426965912164e-07,0.9999990463256836,6.458516281782067e-07
0722a29e74c816561e7e2bd1044440874ea4af4be2575e1d1deb731f94a18101,2,2,3.349049393364112e-07,4.4974017328058835e-06,0.9999923706054688,2.7838293590320973e-06
07248983e7a3d08716745c6e31aa38335d075213ce7fae71f5652e64be910e58,3,3,8.887847798177972e-05,0.00010511437722016126,3.0223176509025507e-05,0.9997758269309998
0726cc0b2404d3fd9d3094b22a1afaaab2908277cb8e1483e28ef6f7aa60df29,0,0,0.9985353946685791,0.0009437277331016958,1.1143190022266936e-05,0.0005097378743812442
07338db9b43d0b143cfeed61e6f7db4fe441d6ac3013491be1b034b24852bbfe,1,1,4.216894566866358e-08,0.9990019202232361,9.0201041302862e-08,0.0009980123722925782
0735874f91939f6aeda3e0c3d9666ea989fa3884895f1d9a750dca24562452e9,2,2,1.491281267362865e-07,1.084135419660015e-06,0.9999715089797974,2.7292084268992767e-05
073638ae9b808c0a63d8dd9b01576ea6fc0a8b0f94464fdc4be67d8ac7817ee6,3,3,3.144492382034514e-07,0.0016745834145694971,1.2150844668212812e-05,0.9983129501342773
075625229e08ae93e44b53e055fce873c59d551504d2605cc1609863a6d1850e,3,3,9.533758504876033e-11,6.56646959029672e-09,7.549826042119179e-11,1.0
07658352013d7b32a3d117574c85ed1d781e9c50046a69369fe8f663ce321d0e,0,0,0.9999974966049194,9.014741664259418e-08,9.630775821278803e-07,1.4040559790373663e-06
07727e5479751cf14f6eaf47a0168ebbea7fbd06ffc2c8b6445233f9047d67f0,2,2,2.8387030504006816e-09,6.0875478880007e-08,0.9999997615814209,9.317790272689308e-08
077680e1d6d95e5d00a8c9e25554331d2d7fb41c900e31cbe2c21aa9b8415751,2,2,2.908764429321309e-07,1.949215402419213e-06,0.9999915361404419,6.178446255944436e-06
07933a4e6722be63669f40ab0390b159bcbea097032563d00da888f480aafa34,3,3,3.4055389619425114e-07,5.219770173425786e-06,5.052269713701207e-10,0.9999943971633911
079f9fb3de3786965e780af34f0e3b833abe67cafa4849d34b4b14eeb76845e8,0,0,0.999993085861206,5.037315531808417e-06,3.573465221506922e-07,1.5262473880284233e-06
07acabb5cbfcf8ae5c8fb1ff0ecfdbccf5fa57605d20ca0b73e958d36c9132bb,1,1,3.704572691276553e-06,0.9855303764343262,2.720547172430088e-06,0.014463180676102638
07ad1eb812f68a5090d74a2bd298909d1e7be044a4cd854f71e9c6a33ed78d47,3,3,0.00028754890081472695,0.05945010110735893,1.1369167623342946e-05,0.9402509927749634
07c637ead132137f2092b5b7d35b4ad4c7cb49517fe5b976630e9f76ec35b770,0,0,0.908295750617981,0.01879442110657692,0.006648900453001261,0.06626088917255402
07d958b440ed1390845edf672a0489e32fd0dbbac63649e07fec759faf073a25,1,1,4.7330834718195547e-07,0.990068256855011,2.036309751929366e-06,0.009929247200489044
07d9e94fe3ceb387db098f20a96055e0babf016300a237faf4ee92f74ca5c84d,0,0,0.9999971389770508,2.637484385559219e-06,1.695440898785705e-09,2.2533849630690383e-07
07efdd8f59d1cce626238d4c4a456d780b4ab405ef46afb8d29a93edc35c897f,0,0,0.9998878240585327,5.932596468483098e-05,3.1141090062192234e-07,5.240338578005321e-05
0823b90473c33a9e915b618503baf2765dff90d69e14609ba2b0b2032a9289fb,2,2,5.187323903754759e-09,1.1137577970998791e-08,0.9999995231628418,5.206584319239482e-07
08305a30b8b096a98c316a43a0e86733e26dece5b7693302742392d654c326a0,2,2,8.421777124567598e-07,2.4153557660611114e-06,0.999991774559021,5.056431746197632e-06
087ecfe878a9a151565ea8ee363dea31cea821703c4545ca92e3387d2bb178d5,1,1,3.982030102633871e-05,0.9608768820762634,9.964740456780419e-05,0.038983553647994995
088177733de1f51cd9ae5d982dd5fa821af01971da80acc023150b7d02e4cdc7,0,0,0.9999995231628418,6.063523727561915e-08,1.0825569773942334e-08,3.437520774696168e-07
0892077deecd4fb5aa39ade98c8e919206d7f175df377623122fb899b54cf1f2,3,3,6.819116293854677e-08,0.0029073054902255535,5.996514573780587e-08,0.997092604637146
089ecdb6aacdc65d570e87461829acfbdb31a4db707b6e8686afa322c2f2cdfe,3,3,9.464213412968547e-09,7.446953532053158e-05,4.5984457130998635e-08,0.9999254941940308
08a1ad60ee1770677c757d4caf2a5e0f5c803e12d7dac054e41ca1e4c4115ccf,0,0,0.9999998807907104,1.0658370186433785e-08,5.0157204611878115e-08,1.1265402832805194e-07
08a60e38caee87720b49d3dac16ada70414efa7a673edda6538f2db643a899fa,3,3,0.0027910845819860697,0.0005032675107941031,0.0001659127010498196,0.9965397119522095
08ab6e50494218c9525c9b87e68cf314fb10955c5a5b423d924fb6e70d20c432,1,1,2.2162153001659135e-08,0.9972648620605469,5.346781790649402e-07,0.002734626177698374
08b913b9759320316294ad8774b3a46526f3514e97b65b7b29ccb62bce4cbda3,0,0,0.9999997615814209,1.542924366049192e-07,8.915002958076457e-09,1.0976506104043438e-07
08c1b124e186227337d5c9495b4cc0a7a4cde7cda2b483c736ccc4bb25514b66,3,3,0.00011270787217654288,0.042152002453804016,3.780289944188553e-06,0.9577314853668213
08c6ae788b5a1f33f0bc614a2d77eada40428045c7c7cc25a86b4074d28b39a8,1,1,7.140045636333525e-05,0.9995324611663818,7.560617518720392e-07,0.00039552029920741916
08d22200085be045f5c7ff1d46d95b2e757481d489fda9b023464df6e7366109,2,2,1.9229549064192497e-09,1.6977773498183524e-07,0.9999998807907104,5.754304055471948e-08
08f6918504d52dd5a51e78d9b132e82ffd398a830ab779e79546bca385e3b873,3,3,0.00023234999389387667,0.0009472789242863655,3.199951663646061e-07,0.9988200068473816
08fead265cb88ae4d4fb05bb9f8ebf4e56d1917b14a60843ed8db75f6344868f,2,2,7.554607464044238e-07,1.423657181476301e-06,0.9999959468841553,1.9089504803559976e-06
0916c1e86cea97fa74accc2c344071a1cf2ec5ddd324ad543d4ab5a5d6a4f15c,2,2,5.3805383259941664e-08,8.50924720907642e-07,0.9999979734420776,1.0679502793209394e-06
091a8522350ef0228939e39c7b4597a879d9f6d66f26ff21059ead7c95b6e666,2,2,1.6041304888858576e-06,8.25584811536828e-06,0.9999877214431763,2.3429386146744946e-06
0942fa52c212b7d9d4307e991bc6d31e474523a79b62c058f11fdcb718fafd6a,0,0,0.9999947547912598,3.4124632009024936e-08,3.5041867363361234e-07,4.87967008666601e-06
09901ec6da770ac050dc4f57a8da051300afda39c0fbb1470eaf61aa36e8897c,0,0,0.9999991655349731,2.7621985054793186e-07,4.01050556320115e-07,1.7951714426089893e-07
099cc5c8d0dfecc8d6825ff0ec037d4c48d3b6d367247f95c4a3d7eba77736d3,1,1,1.2271954119569273e-07,0.6884013414382935,2.717759457482316e-07,0.31159839034080505
09e0e3fba2b31ea7242954e24c4b6d69d50382e77396584310863ddd7f09a625,0,0,1.0,5.316390883081112e-09,3.4803753212742095e-09,5.843093831003898e-08
09eefa5814699c12470a77f208b3ed5ed72d30f3418a70c07302e54a5b4ecebc,1,1,1.8273095037102394e-08,0.9952816367149353,1.0547746569500305e-06,0.004717275965958834
09fb6a163e9f897bb5fc93259105b12370b47e76135de04224061283b6aec176,3,3,6.62166073084336e-08,7.682382602069993e-06,1.6956438031456855e-08,0.9999922513961792
0a0c5700e39a1b51215b581993690957e17bc14c9c627eaa082a0b6a4b9e7553,0,0,0.9999998807907104,3.254097824534341e-10,3.199408099563428e-11,9.620943330901355e-08
0a0e7de6536d869f41a2482420c9dc94f7c849a452d6b842a84b5f26ee9e3d0a,2,2,7.079890146366452e-11,4.4727593850879543e-10,1.0,3.591439645678207e-11
0a2094e21d5fdd2594296fc377257bd358e580dafc61e72deb217329ea6f82ed,0,0,0.9999908208847046,8.139820124597463e-07,2.355803303544235e-07,8.104379048745614e-06
0a350c7d1f4125e0246c52391ca6bc0ad5c574c48fea5e7dfaec46b64456abb2,0,0,0.9999896287918091,1.0521808917474118e-06,5.05145351326064e-07,8.858600267558359e-06
0a5a2e26d5d6258e4737307cda92a1f40f4a0771f4201b4084c47c8b3aab7e90,3,3,2.0915733330184594e-05,0.0005413698963820934,4.540495979199477e-09,0.9994377493858337
0a7941540651de00b46548c5724ee0f1832b61e2cec505a940fe3a8d2353ea6c,2,2,4.703164524499925e-10,5.348023535134416e-08,1.0,4.0431085146508394e-09
0a7b7262c4b4bc086913125e36696b5b89e377f662a7bf7aca95a43d8eb811a1,1,1,0.0003517608274705708,0.9836033582687378,4.186862497590482e-06,0.016040729358792305
0a7d472d5da53b9436775feb479598e0c8067eae96dfd06c7ebdaecee79af473,3,3,0.0035526398569345474,0.000809245917480439,0.00010000770271290094,0.9955381155014038
0a88fbd6f66e327b5c5f13fdb7d82aa842e6fae3f5641dba85f6a9c26fbb485a,2,2,1.040698498400161e-05,1.4811452274443582e-05,0.9999414682388306,3.320312680443749e-05
0ab57703117e8c7b61463ff7274eb33e0c381afb8c90ee4a1ed4ef3cdfbba965,3,3,7.36851575311448e-08,0.026613643392920494,6.987796297153182e-08,0.9733861684799194
0b16a92dc4ffb22828b6892c31df37dfe89c96a0ce3fff1048424c4d4b535c78,1,1,1.7559717568893518e-10,0.9989068508148193,3.2658673543295436e-09,0.001093195634894073
0b342cd959ce5b944c4de593af6533c7bef5261ca0bcf8e863a0d880ed6a96a6,0,0,0.9999889135360718,8.39371736560679e-08,3.398813452903937e-09,1.099525616155006e-05
0b3a2a5b94898382695f4bad7765db32732eb2ebad608da631786c00cd762ae0,2,2,6.499953997263219e-08,6.705286637043173e-08,0.9999996423721313,2.237435126062337e-07
0b711d1190aae44335fdb0d00fe2a3fa305c0d9cc3b71b841ba6a9f1d97bfc03,0,0,0.9997783303260803,0.00013668749306816608,5.996260824758792e-06,7.900844502728432e-05
0b7c572c5f7a9c8e40def58ecf0a8569e2ad9250cb5ca475f77f0f27dc5d6581,1,1,8.88099016549404e-09,0.9998661279678345,1.6333900987319794e-07,0.00013374505215324461
0b8b4cb561c732a0df2d536bb04ef39c95ca5e97695f92cecbcd8ef9187cf299,3,3,7.954739658089238e-07,0.0016406222712248564,2.220429678345681e-06,0.998356282711029
0b993f59be794cf58ea4831ecca18f18481348af0c86fc923781bfcc35902d3c,2,2,9.871241601899783e-09,2.842752451215347e-07,0.9999994039535522,3.577872860205389e-07
0ba80e2975e64f224dc2ec36d701f66bdab2634a98a008c5b553f023cc700476,2,2,5.187798524097786e-10,1.6340939268388865e-08,0.9999998807907104,9.415262525180879e-08
0bb19123db037b11d08c17fe566107705c4dc5916d995886aa10717267c1f9ae,3,3,2.379973693678039e-07,2.271658377139829e-05,1.0095376978824788e-08,0.9999769926071167
0bee2f0ea8d105da53343b78c65d182278332a4a8ab31ef1723379799e0b4924,0,0,0.9999960660934448,4.688229537919142e-08,3.635408774016469e-08,3.882225882989587e-06
0bf0ff94125cbbb584f2892f02cc3950ab1e69f3ede6f8aeec34405b8130fdad,0,0,0.819084644317627,0.10880006104707718,0.0006012376979924738,0.07151400297880173
0c06271d6812a54eb7d11dbbaae576bf8dd1ca0b2ac8b478cff93581eded7a64,0,0,0.9999929666519165,3.534637926350115e-06,5.316982409908633e-09,3.4774163850670448e-06
0c08d2c100044bff4a4247a1a3ad746a56739dbd717181dc415b320c894fbde7,3,3,2.21101049646677e-06,0.00014686427311971784,9.590965532879636e-08,0.9998507499694824
0c20d7877ae76c03453193ecf93a9e21108e7bcd51aa486fcae3054ccd73d2aa,3,3,3.4634368262231874e-07,8.038208034122363e-05,8.483082325483338e-08,0.9999191761016846
0c27c882176d3e845c29cf352907b9d4a164daef1ddbb953e634f2ce5f7be65b,1,1,1.0058369248611143e-08,0.9959768652915955,3.7765552463042695e-08,0.004023154731839895
0c9e82570bc9cbaf276a8f2b3d07d90cc4c3c0f862161cb25b43ff70ace073d2,3,3,7.917880429886281e-05,0.003688442287966609,0.00013678104733116925,0.996095597743988
0caf8fafa688d5e708ab671df454480bd7bbc8ffded66f3b158d403ac0859968,0,0,0.9954921007156372,1.3213889360486064e-05,0.0042923386208713055,0.00020229189249221236
0ccfc24920eb5f30a94039123ba6162c9e3f7ad6ed37b6dcbfa88d8b67248a24,0,0,0.9991005659103394,0.00023657559358980507,1.5391324268421158e-05,0.0006475825794041157
0cd3dbad932b94986921bbba33fee41712cbecab25f8ce7caf5215f0df6a7d44,0,0,0.9999996423721313,7.209175123534806e-08,4.9131369195265506e-08,2.446634255193203e-07
0cf308d34db4261185b97a5421460427a0e200f850a433efa360e14663c1630b,3,3,1.4752271404461226e-08,4.6391737669182476e-06,5.3835296220938744e-09,0.9999953508377075
0d07978288beb44475a7e71225d0001531f33a86f336194cc9a12cb5d02b413d,2,2,3.4422384942445206e-08,1.3188800949137658e-06,0.9999924898147583,6.164861588331405e-06
0d24d3485ba1ebd0549ea5fd0310fcc65f8816555176e7d4117fe465c8142944,3,3,0.00032786911469884217,0.00318346731364727,1.706134389678482e-05,0.996471643447876
0d3f83313224ce31122fd2de5cc6384a179e08e6b3fb1cfce7cb57302fd81e9f,0,0,0.9999992847442627,4.306014655952595e-09,3.794798919543041e-10,6.902129143782076e-07
0d53ac9e040278aebcc642c7be35f59141296ec6103fc1119a86488ef45d5628,3,3,1.7598257784356974e-07,0.007321526296436787,1.0813362649741975e-08,0.9926782846450806
0d55ec2c470e7d6840fec2406d15e3b5cb3d46a8e2defef6503d432f3b6b3aef,2,2,4.172078682529445e-09,3.349529720253486e-08,0.9999998807907104,1.2344456479240762e-07
0d8ae7f0ad33e76d5b86bed9af134bd672ac6cc94d59d0006bbbef202446115a,2,2,8.520023575542268e-10,1.0527350241318345e-05,0.9999891519546509,3.2029703334046644e-07
0d8b9325b6f471d5ba31cfcb018b675582d4d7204f11fbf41b1f065a305dce1b,0,0,0.9985926747322083,0.0006070220260880888,5.3079602366779e-06,0.0007949373102746904
0d8d3eb77f98da0ec8e5424d5bd2c4cf7fcd39b7941405796dd00a64e348e4bc,0,0,0.9999637603759766,1.790805725931932e-07,3.239393819853831e-08,3.5968871088698506e-05
0daedb8a075f2d46feec2b1c6722c022b7957ac22e1aff8b446c27bc6e92a2a7,0,0,0.999992847442627,1.193695197798661e-06,1.1221158047192148e-07,5.872957899555331e-06
0de916021cfd369c835da3a29198282735095fb24a3dda1e0d7b62f7bdee6af6,0,0,0.9999773502349854,1.0838062735274434e-05,2.534630993977771e-06,9.249199138139375e-06
0de97196782cbd3741bce6fcdf9571f81cc8a3f61326e648110ba518d8334b9c,0,0,0.9629402756690979,0.016399867832660675,0.00014802197983954102,0.020511861890554428
0e013653f1991c61502c5f322acaa5767a143cfefd2eeea2182b92d206eed8d8,2,2,3.5391916952676183e-08,1.4299872646006406e-06,0.9999978542327881,7.0912614091867e-07
0e0cf93f89f86f0e5286a1303781db1c46342844d7369830c07b63d14ff378f9,1,1,7.9140846764858e-07,0.9997523427009583,3.3934435350602143e-07,0.0002464274875819683
0e3b73209751908f9aad5a54233719e81356527548eb2aec79a88025de48aee1,0,0,0.9998811483383179,7.246572204167023e-05,9.63078946369933e-06,3.667456257971935e-05
0e4cdd6379d09d45fd2a227f9634cfd4cada05864f0e5083178f020fb200bae6,3,3,1.3826676195094478e-06,0.000353110721334815,1.612951017193609e-08,0.999645471572876
0e579def9c6e21fbece661f72619c9b7859ffe040121077f68e2e385ea502bb4,0,0,0.9940656423568726,0.00032073346665129066,7.22457343727001e-06,0.00560637004673481
0e57cfc64bdbbf5fc606de144a20f67a15b2293d1705a123ef8e8f7fd01872a3,2,2,2.141749791917391e-05,8.26915493234992e-05,0.9995207786560059,0.00037511903792619705
0e5fb14ff3328ca29c69a150412b4843474265a2e5a8ce83c99c19bae8e5fb75,2,2,1.647254954662003e-08,4.434441791545396e-08,0.9999973773956299,2.472251935614622e-06
0e7926789255e1e20800780b93f9ef8371ba14e2501a50be61f00d873dd91a02,3,3,7.639783689228352e-06,0.0008323980146087706,1.1750144039979205e-05,0.9991482496261597
0e8c7520c292547447f198ec8feb4aa7d138a3950169e704e00a8ef8224ce6b0,0,0,0.9998379945755005,5.2097885117063925e-08,9.017186108906117e-09,0.0001620371622266248
0ea1d5b469a922b90e3ad868b1f02acb0262283ce696679b2b3cabc9b75eb204,2,2,1.8728031625503405e-10,9.135155409900619e-10,1.0,4.768025418933064e-10
0eb746c057319e1109aac1287aaedab9c061419f80ad6667446325bd81823f8e,1,1,1.646795624310471e-07,0.9981175661087036,1.9454857635992084e-07,0.001882081269286573
0ed1d6f299505fb9fc738996e2e0d216b69d27837b81237a174ac1ef356c5b5b,0,0,0.9999111890792847,5.357216650736518e-06,5.767550348423356e-08,8.34662132547237e-05
0eeaa37141aee4b3262125a945e8c75ff56bd256683c9f865e86285d423bb288,2,2,9.24848087002772e-10,1.8613310004411687e-08,1.0,3.28305311825261e-08
0eecbaf35d6f67b3c7c7800a0d41931f1d16324ddfcbc8067fbe663413703303,1,1,4.739301584777422e-05,0.8003619313240051,2.365323598496616e-05,0.19956697523593903
0ef23daa1eb3b5eb89ed0247019dc00eeef60d63b1b1f5bbe1d30a47cb2d0877,0,0,0.9999991655349731,2.238554452915764e-09,7.711913330155085e-10,7.791172151883075e-07
0f20dc1d69df2698c0b9dec708721591edeb4ef8c1bc93099afc628dd8be5f2b,2,2,3.804292134645948e-07,4.8214541692459534e-08,0.9999995231628418,2.4139559684499545e-08
0f2805e56ef62307a18286c2a56baa9e89e44cc2e6a9b1d185061ecd9d0d0df8,3,3,1.855166686937082e-07,1.8871402062359266e-05,3.539204262992257e-09,0.9999809265136719
0f497db3b85c1927c6e15f5e1e5fe02f69a7dd18f9a433593866e1dc6cd720e7,1,1,1.3914927876612637e-05,0.9960825443267822,5.347203568817349e-06,0.0038982254918664694
0f59a04336bb1ce4ebeb5d72901b84296001e1caf58d3e4c7f888993835666d5,2,2,2.0635446684735825e-09,3.64437937605544e-07,0.9999996423721313,1.1914967679160782e-08
0f5e56aac741c0273e9e57b90dd7c19438c7c34183e6339a13f1f0891cf9ab54,2,2,2.3580096097930436e-08,3.344466392718459e-08,0.9999995231628418,4.39129678397876e-07
0f6795ba3354a6f7bafb82b61a3b39e0ed1129d0c628b8a64df8b1ff72c31077,1,1,9.832825753619545e-07,0.9994999170303345,5.7888794202654026e-08,0.0004991004825569689
0f686ce27f676918355ba6faf2eb2235c988365164309c1bb6a4661c0b8a69b2,0,0,0.9999996423721313,8.890960856433594e-08,2.2202975458185392e-08,1.884806550833673e-07
0f741304106b95b0424552023b3787849ced6b211e0206a90ab546c4140faa89,3,3,1.5640447372788913e-06,0.3158697187900543,4.25999314757064e-06,0.6841244101524353
0f9766de7a58cb4da954ade3243698e3316fa876271d7179c38f6bc930b7c337,2,2,4.191792322671972e-05,2.9163687941036187e-05,0.9995582699775696,0.00037059866008348763
0fa8163e999dabda4a09122330f635d732bbd1aa6eae4ab66f9a62bfe66228b8,3,3,2.6218580639891798e-09,1.7573709556018002e-05,1.436100127705231e-10,0.999982476234436
0fefaab57eb53fe22fbce421b25781030d37d45d4e4fb41328554bf23f13b5f7,3,3,3.4819788652384887e-06,0.0005228311056271195,5.441087296276237e-07,0.9994731545448303
0ff132c5c6ea2e02fad2e2e8b0e2187772a6cc69d8e06ec69d977707845e4625,3,3,1.0802958968270104e-05,0.0006575625739060342,5.765372748101072e-07,0.9993311166763306
100d35a54c20348743046f84a914d14e22bc38be511eb7a60ba5cfe206876044,1,1,2.7972593130698442e-08,0.9999271631240845,7.003463053933956e-08,7.27717051631771e-05
1017ef4dd045a9284c15884bf2e8bcb9fc82f006e40ede0dbe03d9df8c3a95d1,2,2,1.4068591269733588e-07,3.884987563651521e-06,0.9999526739120483,4.323891698732041e-05
102185c42b859500e6b5c7afb312bba4e6de8786c7e840db444f97990afb5936,2,2,1.1464014733064687e-06,6.158813448564615e-06,0.999937891960144,5.4860563977854326e-05
1041aa857454f8c0663c9c55d6bb7988eb0090dedc6611d7deec98c4847493ef,2,2,7.205380256891658e-07,2.941349976026686e-06,0.9999895095825195,6.816354016336845e-06
1042f405376c7b6d773e27a4ded85d5c555d69ce76b03d83bd9c1fbfbc973daf,3,3,2.416377355984878e-06,0.00019791234808508307,1.714140722697266e-07,0.9997995495796204
1055120e87845c761567b093b2ad3b4d7aeac97f2e0db0ed19d2daedfe8a4af5,2,2,4.174140144641569e-09,2.8291752940390325e-08,0.9999998807907104,1.4480094989721692e-07
10572a10825598ed1f461efd74d5d403e33239016da3dc4b7b7c00bdb6811982,0,0,0.999993085861206,3.217827497792314e-06,2.1397985960902588e-07,3.5009727525903145e-06
106ef64b0c8ebbdcd09b22d8b24b859f7df53f48b0042fb880f2d713628a40cc,2,2,3.3376741725987813e-07,4.898050747215166e-07,0.9999812841415405,1.7860496882349253e-05
1097d1ad906738839c400d00f38dad55a058443d11d870da229342611a5efa05,2,2,8.333936420967802e-05,0.0004725183534901589,0.991678774356842,0.007765287533402443
10a30f28640e32ed9b4b2fd18fcf0e17fdfd6260b16368ed8f5ab4a49382c806,0,0,1.0,2.6737155892075926e-11,3.1311293835489806e-11,8.615753444018992e-09
10d6d02a952ff04cdba541215d9f8b22cf9eef472eaba1da8f18fa16f7eb5215,1,1,1.1566833713061442e-08,0.9714315533638,7.484336705942951e-09,0.028568396344780922
10e15f1c88ceda5b126d25f64ca4ec09229e2359b58ed8b0d39381df3dffd883,0,0,0.9977771639823914,0.0009034694521687925,4.627439921023324e-06,0.0013146594865247607
1117e293602241ff45cbf7ae9848cc1c2ae67ef98a4bec3196ee79e33d99a336,3,3,2.4180478703783592e-06,0.03850794956088066,2.04821062652627e-05,0.9614691734313965
112dcfdcc36597b2140901a4117a5fe7a16677b0f67cfaa7020362ceb0dce783,2,2,5.189036400565783e-08,1.1106542530114893e-07,0.9999990463256836,7.863683890718676e-07
1135a73d953df542ff8ea27d4dd0ba085d59f284d03ba4e0009befbec5b8e18d,3,3,3.695426897820653e-08,1.5520303350058384e-05,1.685301867837552e-06,0.9999827146530151
114675e4de1372d1bd9e2b01e7fda41b96f45428900f0238ce8c01786284c45a,0,0,0.9970390796661377,1.569086691688426e-07,3.5661349784277263e-07,0.002960432320833206
1147e91f1ee5a2150cd46b5a7416096c802246637327c45efae3de636ab80564,0,0,0.9962970614433289,6.42920276732184e-05,1.567123763379641e-05,0.0036229670513421297
1172e989237dd6b3738b88ccb2bcc61672514771dd904d54fd87a4946d055d51,3,3,1.1735689042779995e-07,0.0400020107626915,2.4673578082001768e-05,0.9599732160568237
117be95a90ea6cf2e7d7c23acf456ea095b45582e2cefd7e809c9bbd11ee2bc9,0,0,0.9999890327453613,7.718134838796686e-06,3.949365634525748e-07,2.902396545323427e-06
11b98345d8191c9cef438f46d7ef9c94604fea04bdea2ff2643e630a0eca1321,3,3,7.35617845748493e-07,0.0030204933136701584,2.4534442673029844e-06,0.996976375579834
11bcb04084a469e9321a2188e918c4618da00d88d4fda55eaf4c1306d99ebcdc,0,0,0.9989756345748901,2.3963935745996423e-05,0.0008173015085048974,0.00018321129027754068
11cf8ae778d134d5713fff43a7f4c49286980ee44763e7f4dab387d518360dc0,2,2,2.322244618824243e-09,3.7156038246166645e-09,1.0,1.3566716638990783e-08
121f4a8619134218b25459c2c26cd3de4f014b997cd82644a84e9488f193364e,2,2,1.6259325263945357e-07,3.514818729399849e-07,0.9999972581863403,2.2675540094496682e-06
1246f9341dd12f1788bebac30ef69a93528f73f05d8d9ef275ee17e74014326b,0,0,0.9973318576812744,0.0004730100044980645,0.0014889748999848962,0.0007060930365696549
1257b890ddab90d0866f02ec521f3535a7463174cc09b6b72ad9d7c9d7b25256,0,0,0.9999806880950928,1.1806546353909653e-05,1.8453633856552187e-06,5.673196028510574e-06
12610aba561c280d52f39d1d435c9c47dc139576d59470e4e87d6cb7aaf58387,1,1,0.00025201585958711803,0.8434482216835022,2.5613995603634976e-05,0.15627412497997284
126d0bd3659bc3e8296ae1f45dbc01c0dd1dfc0ca263f32eb48ce067d0cd99b0,3,3,7.043187224553549e-07,1.6285655874526128e-05,0.0002463611017446965,0.9997366070747375
1289760bf2530d6121fb12afe15ae0700467f6657982c2aab6cd0fc0afe912d3,1,1,5.5567688832525164e-05,0.9972829818725586,9.221560503647197e-06,0.002652224153280258
128f86ce9ecc33bb59063e6c2614f4bb319cfd62559762ce9a641f5af2267e5a,3,3,2.1031651087355385e-08,0.000155287969391793,1.2083059885981129e-08,0.9998446702957153
129b0ade16086146c18b83e98f972f0cf2875322458d804ab0bf995a0cc1c462,0,0,0.999992847442627,4.819506784770056e-07,1.542889371819456e-08,6.644374025199795e-06
12b739f7091f00a6af4476cb00711e9b2832f6a2550449d81e92e71225d9ae97,0,0,0.999998927116394,2.0285924051677284e-09,6.641034250298716e-11,1.0517051123315468e-06
12c6a71e21ed848e565e640908a58d5b587595e735b4f1f48bf7ad28b7cf02b0,0,0,0.987354576587677,1.0568564903223887e-05,2.5785841444303514e-06,0.012632226571440697
12ccbc9e84feb53206d053f05a62905f11959ecab6c1979fd273c12d9051a01c,0,0,0.9999632835388184,8.685933039487281e-07,2.217744921040321e-08,3.5900688089895993e-05
12e568185e847edcfa929efc2511d2e9c4e8e8a65b8430ca14ff31ae9c011350,3,3,9.43407201248192e-07,0.000414821581216529,1.9242679627495818e-06,0.9995823502540588
12f0fc128c71707545256c3da0b929f75b5774d65b9e086c9c4b632ac42f1666,0,0,0.9999895095825195,9.381388963447534e-07,1.9192425497749355e-06,7.634507710463367e-06
1320f7a7a7e6bd438f8a704a4b2bf4ad5bd7a1596971e4d6318a100a2aca8574,2,2,1.1959270240780029e-09,1.0687703166922802e-08,0.9999997615814209,1.8952123070903326e-07
1322e3fcc3b0cb17025e3dd509476a170d68777b4bf0f9ee43a310e864dd10ee,2,2,8.466553680364086e-09,2.263966052851174e-06,0.9999969005584717,8.679401730660175e-07
132c95c428a9cc4423ccbc12fd8bdc666fe06fd41c659dae61f333ea2df7d1c5,1,1,4.039313328263461e-09,0.9999592304229736,1.0682562390229577e-08,4.0708473534323275e-05
13358c0828fdfc32779836fd66d3e47e7661db690d32d0cee5cca1cdb6081461,3,3,2.025285716911185e-08,1.7739198199251405e-07,1.609129079982452e-10,0.9999997615814209
133bb0648d387f86d4d3adfb3255ba7ce8c1aff813725abfd3fd7d3690ea8ab7,0,0,0.9790230393409729,0.000450678140623495,0.0007225064327940345,0.019803721457719803
1353ead033070bbeb5571ec434779fd8a8222b12c3c2df69592c1c68bc5611c7,0,0,0.999984622001648,7.169643367888057e-08,4.436760292492181e-09,1.5237148545566015e-05
135e25ec1711b78936fa7e14e1149516cb7f9517b2331c995cdd5be566888945,0,0,0.8540214896202087,0.0012802011333405972,5.437030722532654e-06,0.14469294250011444
138012a1b05609a93b281a6445db41ae6587e6f8ab8101b1bb1225e100d0813e,3,3,9.335082609140954e-07,0.016781115904450417,4.235323203261032e-08,0.9832179546356201
138ee61cbbc0cfd6422e3cce5e7e2e44a1eb078cd6e1b5e3996d88e21bbf2067,3,3,0.0026430771686136723,0.006364187225699425,5.92417927691713e-06,0.9909867644309998
1396c8d9c891f8e95044930068ac9df8b7819c18c92c3c77c4826ad63c569e9f,3,3,2.2616393380303634e-06,0.000441334443166852,2.1794956239773455e-07,0.9995561242103577
13a241aa0fd7df0af72e0af259613f85432d8a9077e943b1791991af604b55bb,0,0,0.9999927282333374,8.261067137027567e-07,1.0998973287712488e-08,6.442195626732428e-06
13edd44a576e435d417040d22a623f49db10bdde968db539802e7b57968c40d0,0,0,0.9999902248382568,7.353692410561052e-08,6.882009273567746e-08,9.558451893099118e-06
1408470ffb11359aa962ebf5764bd16bfddfdb28e429742f680a63c7f9688553,3,3,0.00023576039529871196,0.002122409176081419,4.216669822199037e-06,0.9976376295089722
140fe3b69954e735b8fa8ba687bdff6b85d66a7a2a2679493b82efef17a40f85,0,0,0.9994722008705139,4.75663946417626e-05,1.5201509995677043e-05,0.0004650728078559041
141e5d5e9b47b77cbc3bc8cfb29910fee1857be26236d475a2677d9827bb9272,2,2,9.635438800614793e-06,4.748117135022767e-06,0.9998946189880371,9.097017755266279e-05
1436556a31ca0b6f1586bacb5a1f3ce7b948e06a2c4fa541e7433bd9185ac32f,3,3,7.152654024622507e-09,2.7900119675905444e-05,2.2883778427740253e-08,0.9999721050262451
14402d74b755f172655584cf276ed978774b57426cefd93cffc90141ee4e792d,0,0,0.9999955892562866,1.6654474848110112e-06,2.154221647288068e-06,5.649725949297135e-07
1445f17fac15aa29d811a53b0f025cfa80696d84e545383b7f5b41407e5ad036,1,1,2.1242199466087186e-07,0.9998681545257568,1.86397826951179e-07,0.00013136213237885386
146dd73f2371f31fb6fb5a0d990c3f20325f1a1f66aea7f8e1069cc950eb00d8,1,1,5.280998394141534e-08,0.9996809959411621,1.2802883020412992e-07,0.00031886016950011253
148f56843b55d6b0c8b8c5dc5869a6ce1bdfb8c741d80f7df481efdf7bbca7a9,2,2,9.894282726463643e-08,1.1598906013432497e-07,0.9999995231628418,2.9297206083356286e-07
149a423fc6740695d543eab30df7e37f567847f26de7df97cd6ecbf8301ce0ab,1,1,5.749585696435133e-09,0.9999372959136963,1.7491162296323637e-08,6.271617894526571e-05
149bae3dcb19348ca3ff3dae6db8f423143678967b6ae35f3f19023385d58ebc,2,2,1.0038624376207395e-09,4.6799465280855657e-07,0.9999991655349731,3.228678053801559e-07
14b2d766a11d4fc792ef63f4a3e910925ae5b788a097c68e41da65fdcb02fb2d,3,3,8.068634116398243e-08,0.0008478349191136658,1.0603470457226649e-07,0.9991519451141357
14b832ef64bac058333432c6d721b8ad77d6c6419bd5f96aa37716d9f8d42cdd,3,3,1.7768616089597344e-07,0.00023724861966911703,8.299353794427589e-06,0.9997542500495911
14c220dc9dbde688e0de5523f0162d0c664a217200556c6b44d96629df2abde6,3,3,4.171619366388768e-05,0.013685730285942554,6.622323098781635e-07,0.986271858215332
1540ae24bb5b56d3371bcf66a9ab5ee0691c3d1fea002b7efb1afbf36c48526e,3,3,1.7356164505599736e-08,1.863092734311067e-06,1.811025356346363e-07,0.9999979734420776
159cbd8c99f1367da200e3b92e016dda87c771488fb081b3529fd44ae102e613,3,3,7.98722965100751e-07,1.9557090524813248e-07,1.7570757293583483e-08,0.9999990463256836
159eac3531a8c47cca1be3a5ddc88cc2d5f3382b86c1f36e4702fc24e9399948,1,1,0.30712178349494934,0.6210765838623047,2.2357153284247033e-05,0.07177924364805222
15aafcfcb9475429502a067f04c83ddea09143ecf4c81295a3ce734eac52dd75,3,3,0.00020933417545165867,0.0010842150077223778,3.525549345795298e-06,0.998702883720398
15fe92b5b2d2dc6366f7b14068281596fefa9e20a9d84ed99dddc740e2f4dc00,2,2,1.5576224541291595e-06,4.724352891116723e-07,0.9999940395355225,3.972892045567278e-06
1609d3f138475736a29f014d0520ca781eeed3a56a9db1752ad5521178eef93b,2,2,3.063347321585752e-06,0.0002997246338054538,0.9994686245918274,0.00022859043383505195
16388b4381c85e56fda0bff69d8d80ae952ed12b5802b54d0bab734493f351a1,0,0,0.9999837875366211,2.5717412199810497e-07,8.283433999167755e-06,7.789258233970031e-06
16536ae13d4fe02cb7ac92c04e4ffa00517f76a1bb1d26578049937623997139,2,2,1.8656689348972577e-07,7.985107117747248e-07,0.9999984502792358,6.471780693573237e-07
165e994fc3508b67a4a99ce5ad48643254aca611b24cbb88dd86d56ef5acf9d5,0,0,0.9999892711639404,7.127144272089936e-06,2.082627332811171e-07,3.2799232485558605e-06
167b02a326c12e23d3c87cf23dbe2ce17a22f0c263114a8d537d7510ee9003e0,0,0,0.9984978437423706,6.14341115579009e-05,0.0002214448613813147,0.0012193821603432298
168299c74e602667f1ee89df273baf9f17004a9754453cf4ffd074f7c6b0a2f1,0,0,0.9990549683570862,3.066733552259393e-05,4.4867520045954734e-05,0.0008695237338542938
168e198f222998ab096d0ac8375b4b2c10d0ca46d306f70e8299c8ab6ab96d44,2,2,3.6835839267723713e-08,3.1189124456432182e-06,0.9999942779541016,2.682083731997409e-06
168e4acb131a8be91d99dae566eb9d637641d6605846c93ed4f16017b15dc48c,2,2,1.185741098197468e-06,9.335172762803268e-06,0.999728262424469,0.0002612732641864568
16965c19f35fc1c8110f5eb7bc3fb892726a6b7d70f45259fe11de13cd014daa,3,3,3.681515536868574e-08,0.0012454515090212226,1.8441561167037435e-07,0.9987543821334839
16c2d28237202e9266d471aa912049ea8e2e08720c04ef05a57fd518ffd9fcfe,3,3,1.9149581930832937e-05,7.982173701748252e-05,1.9264739137270226e-07,0.9999008178710938
16d34b0ad2b7f704a60be90b84e98a204d3daadf10fc2e97d693c2989038db04,1,1,2.2070412342145573e-06,0.8508424758911133,4.699685121067887e-07,0.14915479719638824
16de55d16b3b2fb7f752ed7d40f83f7a72661c06230a09639ed4ab5f279c8abe,0,0,0.9999234676361084,3.0208102543838322e-05,6.648203907388961e-06,3.965981522924267e-05
17346884ee4b3e32e8e062e35916a224cdb2ff7c673d0e92084b8dfe04b1acf3,1,1,3.715285412653202e-09,0.9997121691703796,5.8212137332702696e-08,0.0002877585357055068
1736eb1b1cd0c0ee0f8a2cc5dd70a2c7abf08f87eb67356228b8ff7d6cfa5d50,3,3,2.5545543458349584e-09,3.34224350808654e-05,1.7425007214910693e-08,0.9999665021896362
174e5223c7e212f4c006bf645ea1eb781efb189fb23b271c37ec35f106cd15de,3,3,1.829081774928909e-08,0.01458923052996397,1.800933233653268e-07,0.9854105710983276
174ec9a2afe134479dab440b53c4190319df6d7cc7337e8cda3f9d426a444250,0,0,0.9999558925628662,2.974503104269388e-06,2.5230428946088068e-05,1.580540083523374e-05
179dd15943cc680c718a974de6378f753383a9e5f447a2478d8eedcf99e4f213,3,3,1.0614187885948922e-05,0.002715195994824171,1.3280360917633516e-06,0.9972729086875916
17b6e355718186f35057589ae7ba4b101cf605ecf91f78fc68722c8998ed9f17,1,1,5.183001849218272e-05,0.9551711082458496,1.7322107623840566e-06,0.04477539658546448
17c121716b95edfe209097e6d2a5c152fb4a21e9e02e8f4f21afc643c18c9d17,3,3,4.5692246430917294e-07,0.0034146022517234087,1.9337454304491075e-08,0.9965848922729492
18078a896cb1d97ba1a71e4f2db11269d0de5fd330d07721dfeb1f3a50feeddf,3,3,3.864544240173018e-09,1.9045488386382203e-07,1.8365023390920499e-10,0.9999997615814209
181b43916db9485932e35d1959265d9ce47b3edca271e269b2862ec0bc080482,3,3,5.152822168952298e-09,0.002967282896861434,2.4192850389681553e-08,0.997032642364502
183dfdc7d1123236e714a855474418d6e4bfac802ce2acaddeed8f138cc07048,1,1,2.1192529402469518e-06,0.6799383759498596,6.852995284134522e-06,0.3200526535511017
184e9d6e247537a099fd7c6d3089baf8f5ae51c6c361f5807c354c66adbe7805,2,2,2.7334612351381793e-09,9.735577322089739e-08,0.9999998807907104,7.677975588649133e-09
185fe26fc94d754a45a65220c2e0ad5d8dbb56be66f79f5a53febb2c4e82507a,3,3,4.734174126497237e-06,0.00797660555690527,2.4736541490710806e-06,0.9920161962509155
18772d947f2718bfe1415d1ef52382cc0669e7b02100708ad1a79b8b65bda82c,0,0,0.9984858632087708,5.924837296333862e-07,8.013426366915155e-08,0.0015134979039430618
188dc076487da10d3d80ab146c62fb487be1c335fe3e9ec22fbd07d404e64ce6,1,1,0.26839813590049744,0.6794878840446472,0.0005476554506458342,0.051566269248723984
18cd926f9e7a95bf9c2f5004aa46826843943048e94af6a6442e263f4a641e17,3,3,1.0546275461820187e-06,3.1727932991998387e-07,9.217372642922328e-09,0.9999985694885254
18da3eb1ed1905305a33b70d4f60612309727e99dbff6ef7a27c33ca5e0449a6,0,0,0.9999804496765137,1.475525368732633e-05,4.075247034052154e-06,6.679243256257905e-07
18db48ebe52e7f5b4787576238b852dcaa342b3dabc43fadc47453f6713c74ed,2,2,1.086222001234205e-09,7.14137797785952e-08,0.9999998807907104,2.436570945008043e-09
192012a3df1388e3835b33dae8689e1e4e04a45842d0898114307dd9bccabb00,1,1,3.120001323964061e-08,0.9959675073623657,2.0337660444624817e-08,0.004032529890537262
1929318032a7aff24e3a631eb5b878e7936ed23a90cdc03f404eeea4c6606bc6,3,3,0.0006596912862733006,0.00023101006809156388,4.878138781805319e-08,0.9991092085838318
19541b091e55ddce9d3c903ebdee0c23c7a2c9422f175f1f7dddc80cb8e7a334,3,3,6.667215757261147e-07,0.00016083360242191702,3.336982956625434e-08,0.9998384714126587
1976a2fd370d62abdfb05e1dde62417c4b2d15b7f00e202c8c05a25afa928b4e,2,2,7.424086652463302e-05,8.213107503252104e-05,0.999634861946106,0.00020873514586128294
19996245edbc8d5046c35fbfea5b3478b2f1dd22fee6c07cea21c7a787460595,2,2,8.647523253024758e-10,1.935218651993864e-09,1.0,1.4389810232273703e-08
19abb4aac58d62a681a3c84943eb4df3c3a4607bbbf6f2d820071e129b800c4f,2,2,7.196558460265123e-09,1.7137739405370667e-07,0.9999995231628418,3.3067584581658593e-07
19ac25ce6560d70fca1a7d0dbf3318fbf879ca640af592748fde86056d8425d4,2,2,2.025866706389934e-06,3.873275090882089e-06,0.9999898672103882,4.2819515329028945e-06
19bc3109a6d9883bc395fdfde1a8e6d5713d187d35e501866567af038a5fa07f,0,0,0.9999934434890747,2.2583300562928343e-08,4.1695638941519064e-08,6.514739652629942e-06
19cafc4f4d66c52d046c1ccd129fa784cb2e56805f74525f82daefa55add1c55,1,1,8.461842782025997e-08,0.999344527721405,2.489009887085558e-07,0.0006551080150529742
19e95163ec2422bcdd4a53ea9ba049735805b6a24c9b75dd5131b9df35b3f741,3,3,9.614947202862822e-07,0.00011081427510362118,1.6894701104774867e-07,0.9998880624771118
1a014ce6f8f28a95924c9aa65d99a9fe1207f0525635abad9816c46a11391f4b,1,1,4.2057958893337855e-08,0.9989491105079651,9.785629195846468e-09,0.0010509383864700794
1a07a8ec0eec28add918603edba6dab800fe3bee813ee61cbfcdbab240b9daa3,2,2,1.6877646658031153e-06,1.451247442219028e-07,0.9999896287918091,8.5262554421206e-06
1a0bcec7b2ba69370bb4d59edb98587d7e3b609a2543cbf4d78c5e54d29a4dae,2,2,8.387619765404253e-11,2.4640645079898604e-10,1.0,1.0473042572067826e-10
1a21be6fe95cd40316d20af4e7e9e03a20ac4cf4741f150d6bc7036aeae0da69,2,2,6.700171528706278e-09,1.8288572789515456e-07,0.9999961853027344,3.604645826271735e-06
1a4b1f2e0c954b0287d8571348fad4b982437788cac661a6c7ce33b446985470,0,0,0.7528873682022095,0.0005748385447077453,4.390679350763094e-06,0.2465333491563797
1a6d50fa8266baaf7cf514119e59aabfa3d94aa784c0aefc49a1e77bd488e7e4,2,2,4.188234470348107e-08,5.948535886091122e-09,1.0,1.5561676391939727e-08
1a7baf922273dbfd520ea90c32f27f9d5c47912a6c0d8f66871699e215fa076b,3,3,9.953726731737333e-08,5.2862892516714055e-06,1.5985291312858863e-08,0.9999946355819702
1a801419d8524dcadb58e85975eb9fd01bf1dc4c7d805e541846c5e6da887fdb,2,2,9.463726087233226e-07,3.4375611246417748e-09,0.999998927116394,1.213109470654672e-07
1a80adce5fb14748e1d31c5361f50491dede887c8cc84bc7ee7219d2aa14d168,0,0,0.9963860511779785,0.0023788330145180225,6.69796577312809e-07,0.0012344414135441184
1ab28acb32e8a5d07f404271a39e7df7a0c5d79620cc840fa4e5234d2af517cf,2,2,3.978724407716072e-07,1.4845545592834242e-07,0.9999977350234985,1.7159600247396156e-06
1acb6caf923895d1b7986c8160beae2d6c7324a2768e18c65192bb478428dda9,0,0,0.9999967813491821,3.43827686322129e-08,9.914280241218876e-08,3.091465714533115e-06
1ae4bdc6a09edf085fe0d8307ee19179ca46a02472430e696113cc11a64dedea,1,1,1.444997455024577e-10,0.9936782717704773,1.836750129768916e-08,0.00632169283926487
1afba2c84c8ab1309497efffa21b0da1d77464089b3431b7d0e433d29fc84237,3,3,2.0200971451167504e-10,0.0019675358198583126,1.9278263430067e-09,0.9980325102806091
1b10692b99c2e4e221e4cad7dbc4e1a967661fc046cb78c1acdc89d6554622c0,0,0,0.9996660947799683,0.0003160396299790591,7.429478046105942e-06,1.0447719432704616e-05
1b367d05ad3092654ffcd2d3c1b533f2260c67256fe80231c9c1917afb4bdbf9,1,1,3.7520665046031354e-06,0.948975145816803,2.175395138692693e-06,0.051018957048654556
1b4ed8a14b641ee3f1ef86c8ca1130f39615b9c8f91b4fa2e07ccf1483963cf6,2,2,5.343135267565913e-09,4.078770032833745e-08,0.9999997615814209,2.920075701240421e-07
1b5b47be6b3ad303c955f63fd20f5bbf15fcd371961b6f9273e7447dc1e00f8b,1,1,3.854746299936096e-09,0.9999617338180542,2.1672282457529946e-07,3.7976493331370875e-05
1b7a9073fdcd9dcc35262f642fe7ce8a7ba496a79721f72edac0685dcfdb14fb,3,3,2.1891761292636147e-08,2.4529528673156165e-05,7.037640159524017e-08,0.999975323677063
1bb59c7ab45c0995a96c12d4b11b3cb71a8d14e050ce9e11144e2fde7ad8d70f,0,0,0.999996542930603,3.35049003297172e-06,2.703514745405755e-08,7.930506740194687e-08
1bd67afe4e19166c6d64359b4a7bd4f03507475aab2a45955e660cf8eee6d337,3,3,3.514850561714411e-07,0.00471143051981926,9.72423094935948e-07,0.9952871799468994
1be73b299b9bb6513452de0427f676f805df8d176151ddd0d3e17ff00d39989e,3,3,2.0937775843776762e-05,0.00013596154167316854,7.01863882568432e-07,0.9998424053192139
1c12fe07ce1a8bf93ae3a5e32fc8664659d994e2a6fb4d05214e97be9731e30a,0,0,1.0,8.419909734713737e-13,1.1438616167539634e-13,4.1204893663771e-11
1c1a9a4c86be90e2c634a7614eb0fba907408bc3c3a495cdafd42142114977e7,3,3,8.68720348989882e-07,4.339149018051103e-05,6.607199907193717e-07,0.9999550580978394
1c22ed5d43ad681c0a09e582536136592f3bfdeeb8f5d8a0ea31ff9f5d5d6b44,0,0,0.9999809265136719,6.573145583388396e-06,3.591274207792594e-06,8.985891327029094e-06
1c3a94f6a3e18f071b234fa9295ac7e1aa9ce1b8e955aeb7be7f91d2dbaf7b81,1,1,7.273759820236592e-06,0.9993484616279602,3.426626790314913e-06,0.0006408571498468518
1c504649ad455b8b0ac701313b943ab3c800637dc0b43efa647788410d5d08e5,3,3,3.880034782355324e-08,0.03485080972313881,3.164589656989847e-07,0.9651488065719604
1c88208b8cb4d485f28c14caae9e4d719f4b267e02d4e59245b8d7ebfefcfba1,2,2,2.0214820324326865e-05,1.2585132935782894e-05,0.9998520612716675,0.00011510683543747291
1c895d703b4441d9aafdf79f1880ff2a2e67e71c62d45ff6799e481556490bcc,3,3,0.0008994828094728291,0.016505105420947075,2.050612420134712e-05,0.9825748801231384
1ca0ee5dfa6267617fb8b296ed812c4b655ddee725e23ee6a749099357dd3e80,2,2,9.517481913690062e-09,2.6167188593717583e-07,0.9999992847442627,4.28267128427251e-07
1cb02d6e16d2e3b8bc43f4e44f5d2cdba23fdadbff1f8232b7696800f91fd9f1,3,3,7.92036232155624e-08,0.003854648908600211,2.5277653747934892e-08,0.9961452484130859
1cc6a2cf998292de82d58e6ef68b6d0654a6976abb2b5e8a4d3c0919573b2705,2,2,3.968965756939724e-06,1.0137815479538403e-05,0.9999561309814453,2.9834314773324877e-05
1ce7fe6d8e054f839d8e891f35081fde78bba00280f4677b267bfdca413f1ef0,3,3,7.803205859246987e-10,2.716509015954216e-06,9.732112005167437e-09,0.9999972581863403
1d1ee169e60efad368df3effae416698d48fca49241c5b0cf4a60a4f6412b8bf,3,3,2.612493972264929e-07,0.001933904248289764,4.8019901441875845e-06,0.9980610013008118
1d2c237a6ddf7eef2131cef515413f1f60a4fbb037f59a2dadd53e660557edff,2,2,3.6475265119406686e-07,5.9471364721730424e-08,0.9999969005584717,2.6164370865444653e-06
1d2cfbd219a29bd71a1e2511bb223778fbe8961fe72081b135c8a55680cea3b6,2,2,2.81851583849857e-07,1.9207067225579522e-07,0.9999963045120239,3.15985766974336e-06
1d2ff6f6a628e88f5bdf614ee342c22f67db41898b93ab5e2fec07c19993bc20,0,0,0.9999988079071045,8.337925123669265e-07,4.494351557582377e-08,3.0657398042421846e-07
1d34ab13b81e173605505983f2a420dd7f02ef2ec34d53cbf5dd2db1985ca6d6,2,2,2.3025099188389575e-11,2.960281575425938e-09,1.0,2.4844766244314087e-09
1d3803f8f70fb5d6b07474304cd3d4b35e1ba48070f07b6dca0872c52a1a0e29,3,3,1.4248671504901722e-05,0.000700198404956609,0.00011204210022697225,0.9991734623908997
1d4746d17e8320459cc63ebdd995ceaa72659b591fa578ec0e2e85e218b2db78,3,3,4.522997087974545e-08,2.8999652386119124e-06,1.8581549454665947e-07,0.9999969005584717
1da245896cc176a3894875db2a20a9fcac09145adb9a37ee47bbc0e7f0ee5b6f,0,0,0.9881518483161926,0.002358470344915986,0.006545966491103172,0.002943676896393299
1da2c2384e0b8d3bf2eb075a45c7c4940f54de84dd00f4d14f344c7622f0c9a1,2,2,4.28577493494231e-08,2.3028886175779917e-07,0.9999927282333374,7.027842912066262e-06
1dc487bb3d80e492e5eaed6fe1358ef5d6273f2e53af4ba46e9c29d5f0123023,3,3,2.4641596496621787e-07,0.0003086947835981846,2.4714095658850965e-08,0.9996910095214844
1ddb2610ace4e3b6f749be4c881b68a6a3b9965bc9d65113b3ace132deae7267,0,0,0.9999805688858032,4.027784683557911e-08,7.925855527446402e-09,1.9388464352232404e-05
1de5588a6d6df0f74b17f47cd5b34f74535ded06f9534c711aeeccb2e4d1965e,0,0,1.0,8.395146799955455e-10,5.298308458634438e-10,8.781043447925185e-09
1e08f7433eeca349b3043d40087660139fef640d98f80a2d7c90a967b6dced63,0,0,0.9444010257720947,0.014537629671394825,0.0029170368798077106,0.038144372403621674
1e20ee92dd47c7a641745ab2eb4d9af6f28270a5b4ddb1e4c969a41b65df347f,1,1,3.4319657515879953e-06,0.9618099331855774,6.662814371338754e-07,0.03818589076399803
1e27d9f667a0e6ae794c1d8a6e267d2cb57f12a7afc1df618241d8823926a11e,3,3,0.0003634992754086852,0.0011148778721690178,2.696010960789863e-05,0.9984946250915527
1e66a3cf61d279b8f756969aa46af7b31c977f06da4e98688ea6df4166b289d4,0,0,0.9999809265136719,3.3298695143457735e-06,6.410957542613005e-09,1.574856105435174e-05
1e85fba881adb4bf2558e285a68e1f3f6abece5571ec6b9ea3d82158a701e818,1,1,7.025351351330755e-06,0.9031047821044922,4.671351780416444e-05,0.0968414917588234
1ea38554bcfc35b46ef1ec647be7793c9457e1c81fe87512a929cc524e3a6da3,0,0,0.9929656982421875,0.0048111542128026485,3.2163231367121625e-07,0.0022228239104151726
1eb23b1ee4b93f8ad63827a613d2685d3f5cffcb7d4cb89072f99777b32490b8,0,0,0.9999692440032959,2.3119779143598862e-05,4.497681231896422e-07,7.134821771614952e-06
1eb62177ee26d2714299da80b299303f6bde6491977a1e6ea772afd570c05957,1,1,1.8116592670480713e-08,0.9870059490203857,1.3079286986794614e-07,0.012993908487260342
1eb7b4c1639cb8775edb8139647e0f22c83cf0aa52c0be22bf97730ac2abf2b9,1,1,5.723078174924012e-06,0.9528800249099731,2.5381914383615367e-06,0.04711182788014412
1ebf14863b5eac43dfd7d799c879b4edecfbaf10816641cea033afc76d6c1773,3,3,2.069901256618323e-06,0.002209772588685155,1.6095515093184076e-05,0.9977720379829407
1ec1419b86f92ce71cb39cf781afe4099e1ea1ade6517e3c258946f05b3c6c86,3,3,0.015337679535150528,0.0009265519329346716,1.5996552065189462e-06,0.983734130859375
1ed4fda0cc8c7c3222d3c0225479c7bbce52f0d4b82877d20290f734114d8ec3,3,3,7.68844599097207e-10,8.206693564716261e-06,3.7094249893954157e-10,0.999991774559021
1ef67c035b390e85bbcd63b5daac7cab87c564e3d8f0250390a792dfebc35bb1,2,2,1.0403354622212646e-07,6.920640061025551e-09,0.9999997615814209,6.996401680225972e-08
1efe5eff3e78c82735ee31c6e8912f7b7c37462f805e9bc015f4e87b4f3dcf19,0,0,0.9992356300354004,1.5210672245302703e-05,4.89895569444343e-07,0.0007487119291909039
1f44fac8d8da0097b8e6d105c69e97de2275c4f63b0f9ba8e06f757fbf550ba1,3,3,0.00013896332529839128,0.0031558533664792776,1.859454869190813e-06,0.9967033267021179
1f57445deafdb5b5b13cbd87fc20bba10665cc7a5dd01d6d0feb9a713d59af76,0,0,0.9997137188911438,4.044731758767739e-05,5.085359475742735e-07,0.00024543877225369215
1fcda4e7f68e0e88d6ee4c8c6d9e8b370dd9d56db446d89a1237014c1f85316e,2,2,8.31514745947004e-10,1.733849686047506e-08,1.0,3.875920917550957e-09
1fd4887d1d1a5bb2c5c1c28ca1d5a72f1f222a09d7844109b125629fe6700b5a,0,0,0.9999547004699707,1.7203192328452133e-05,2.600379275463638e-06,2.5454146452830173e-05
1ff7018740cc599f9b5408754237ebddb6f9b07a697dbe274b0eed488e469802,0,0,0.9999819993972778,6.870559445815161e-07,1.1934369581467763e-07,1.7191656297654845e-05
1ff7270d72dd53af1f46ba40c57802a4d8c44e45adde6d31dd4dd849a6891687,3,3,0.02282017283141613,0.006072963587939739,0.0006305242422968149,0.9704763293266296
2001b69894ea9d4bea7d4646e56155fbf56cc5768d49642214e75308da8a913d,3,3,2.118141217977154e-09,0.00014699071471113712,5.646136003178981e-09,0.9998530149459839
2004608412a49237ac0e7d0c6ab1a53c40f4f58590a7b748c363591f1e71eace,2,2,3.040631213480083e-07,1.9753673541345051e-07,0.9999985694885254,9.27459097965766e-07
202968526e82a64d329988580720fa6c80b6f181ffbad466a5d9a9f242ac0cb8,1,1,8.348882474251695e-09,0.967401921749115,3.168394657748763e-09,0.032598137855529785
2047a03e10406aad19053071dab2ca41fbe9c64cf1b0ca1bd040a43ecc8b2720,2,2,6.349836212393711e-09,6.07392820484165e-08,0.9999991655349731,6.862059649392904e-07
2052c1900e7cc13d7a02f8617ffa540aa92ec4efd3b74d62688d0236a12b9c32,2,2,7.920275635342477e-08,5.066356933980387e-08,0.9999988079071045,1.049795059770986e-06
205c6edc7f8924474a7e9a4c1832a60410f33d5de376c0152c041502c6ce72de,1,1,3.4134586712752935e-07,0.8236740827560425,2.6307516236556694e-06,0.17632299661636353
207bb555d0a297136ee87215baaea2ecae031a8a36d642b5a2bd2be76308d40a,0,0,0.998981773853302,8.656879799673334e-06,3.36469711328391e-05,0.0009757835068739951
209416cd7b908876a44a4438f0ba5a28c962e0cc3daa089831e1fc69e2dc0537,3,3,4.04123824182534e-07,1.3035036317887716e-05,1.255306614211804e-07,0.9999864101409912
209f671f644818f4b9093e3b6a402fd7647b6c347f2638c6e9343cfbbc9834d5,0,0,0.9994926452636719,0.00013034931907895952,1.461817191739101e-06,0.0003755030920729041
20b84e5b34764de08025598cbddc23cbdb79a8f25087b0cc73abe194578a9376,0,0,0.9885137677192688,0.0009732518228702247,0.0013314604293555021,0.009181475266814232
20ddd4a37dfdcb7db2b1f0e7e6737893e50c3c9a0d2190c99e2e7b18dad039b6,3,3,3.416503386688419e-05,4.6815560494906094e-07,3.8748790842646486e-08,0.9999653100967407
20e3e5b4c11d4d59a59156f2fc31363848761a0744de19df375826e00d828335,3,3,3.881196448674018e-07,0.00210956740193069,8.676897422787988e-09,0.997890055179596
20e620dab00118c1709da4efc6b97bc23745cd9ea75f5445a369c02f21d91ca0,2,2,0.00037976453313603997,3.536459189490415e-05,0.9990365505218506,0.0005483293789438903
210297690226f071cf6f008c12784aad7675c7f92bc71164f44685f17f660583,0,0,0.99998939037323,1.4816434941167245e-06,8.181872956924963e-09,9.216141734214034e-06
2104bfbd8a3a9c17701ed0ee291948b06cfd4e35d221d82012b39308bbc266fb,1,1,2.9632517453137552e-06,0.9915973544120789,9.99385338218417e-06,0.008389705792069435
21091e81ba489f1d6bebb6bd0122da3a2891453041bc068fbddf985c3ec10656,0,0,0.9999184608459473,6.532981205964461e-05,9.640499456509133e-07,1.5224956769088749e-05
21261c39c7f6624ce6cf43a0233660edd0ea6bc2037bbc58d7632fddd66de317,3,3,1.7038138478212006e-12,1.1212823665118776e-05,5.100054926987507e-12,0.9999887943267822
2160b4de36c676fb46df1a29d077b39406eff830a03c39d2fd840d6b96d9937a,2,2,6.796767038075302e-10,8.62762874476175e-08,0.9999997615814209,1.0783291060079137e-07
21aabfd2104908ea3497baa65c4f3c06fe36f5de22e0c62367d5900cda8b3508,0,0,0.9999958276748657,3.0481132284876367e-07,2.364160422985151e-09,3.78332788386615e-06
21da4a7b164739da95b375d9a0722811a9be166147273186b3655b515f59577b,0,0,0.9999990463256836,6.729841857122665e-07,5.865767249702003e-08,1.9539491802333941e-07
21e293cbb7d0ce2600345b9134c097fde8004fa133893823745768a3d173b53c,1,1,5.416833346316707e-07,0.9523074626922607,5.144330771145178e-06,0.04768680781126022
21e302fc75d6e6746a4076f5c7cb3fcf11ff9b6b0c5081f4bfa407994779938d,2,2,2.287342567797168e-06,1.061278635461349e-05,0.9998980760574341,8.904801507014781e-05
22171965406b1cd6284bd922f39c35c294ee78f8e92b2977bf907328bc13c735,0,0,0.9999754428863525,4.325047939346405e-06,1.7234042104519176e-07,2.0199082428007387e-05
225990a197dcb6dfa73a8d7c1325a4cf14abc14b4c2d9bc6fef2f1b688070821,1,1,2.3181474517741663e-09,0.999929666519165,2.690998996968119e-07,7.008382090134546e-05
2269700e5a4ca069d91f6c2e3a26b13e459e472a9f603a4db345d11106e4eabd,2,2,2.5396639652397468e-11,8.805290385716091e-10,1.0,3.759065059227851e-09
22733317743ff827be0f0e66036e068e8c93cf2f9779a07696cd8cb34a19bd97,1,1,3.0348071959451772e-05,0.9874651432037354,4.640251347609592e-07,0.012504025362432003
228ba4ef4ef98c2223bc0eb0129732ba9cd6195cfde2cbd7271fa955b42f11dc,2,2,2.183162983726561e-08,8.684784447154925e-09,0.9999998807907104,1.0326590427212068e-07
22cdce74df72e5b7e6fa6695226ec880006cbaeba99de1f88d24a8b6aea60c39,2,2,2.325965340332914e-07,3.866470706270775e-06,0.9999719858169556,2.3969314497662708e-05
22e0cbcaf3bca53f4f42415bb8c6ac9c7bd6fcebc280d7be1ce885664463d6ff,2,2,9.64846435635991e-07,2.2673038984066807e-06,0.9997449517250061,0.00025177051429636776
233149e1c660c4b9b4afa75274aa33fb791063cec48e30d5287fed215fd61b93,3,3,1.4432386841178868e-08,1.7173202650155872e-05,8.195549128231505e-09,0.9999828338623047
233f14a449959f04aba477c6fbdf1c13df9e2225c669023a2e700a9761d064ba,2,2,3.214158272868417e-09,1.08190940650843e-08,1.0,1.6447037509692564e-08
234e55db253165e2509beae80e00103630258b3b43fb13e1dafe6262e4eac9a4,1,1,0.006180514115840197,0.9155042767524719,1.8851730487767782e-07,0.07831499725580215
23784f56a571b398c1fe9629c2465f341546982ccd1dc6523202f8de00c137a0,2,2,7.660373171347601e-07,4.16962357974171e-08,0.9999982118606567,9.234976232619374e-07
2393b3db9f1863bea1b4aadf8b5610722c8bbb12ada376962dfa43a9f14d4982,1,1,2.3719978869962688e-08,0.998044490814209,9.128219291554274e-10,0.0019554677419364452
2395c8e99b7f3171819bd090fea375f5cbfd9efbadcce2f99203b0c0a3e031df,3,3,0.00047930891741998494,0.006900814361870289,3.175733581883833e-06,0.9926167130470276
23a08d1479671acd7989f0dd7c9c08db210baac89b164bee913580e2b0c46485,2,2,5.887567908757774e-07,1.2509303815022577e-06,0.999996542930603,1.6992107703117654e-06
23bc4546ac72f98cd79f3138255643b57b9a5ee4b8635dda1c4d0fb6453437ab,3,3,3.754766453312186e-08,2.4846158908076177e-07,7.6851245367493e-09,0.9999997615814209
23f1b314c9ebc7118d646e65d619a290964f4643b6a65d280f0ab480b79c0448,1,1,0.0027066420298069715,0.772403359413147,0.00023757028975524008,0.224652498960495
23f474ab689ae61c24d2836f3e53bb383d3debc97bc26c0218b93aa209815fcb,3,3,4.933464515488595e-05,0.0033115921542048454,4.220091341267107e-06,0.9966349005699158
23fb26f404234f8f4a24641c038cac24dade2a9fa70c5da27c6aa2328a8270cd,3,3,0.00024128520453814417,0.0005274729337543249,7.737338592050946e-07,0.9992305040359497
2433a1113ae9f4fb34d95d72689b0659a95698f04dbd9bfbf5fb49d6d1069064,3,3,2.7152788462103672e-08,0.0008110424387268722,9.802140432668693e-09,0.9991889595985413
245393b187c22a406fdf4884859c457f2543611c68420b7aab0d8f5b766d1e85,1,1,8.683847596557825e-08,0.9999372959136963,2.0343113860121775e-08,6.257608038140461e-05
2456578c306d979dca89b1d6554e38e7045ae6bf0f87efb457543c15cd38ddc1,0,0,0.9989894032478333,2.816797746163502e-07,1.6199777519432246e-07,0.00101021199952811
247ef25b963234cd1f66ab6f11c381f781d7beceee77d6a7c0c5c55d60d375a1,3,3,2.1704919106468878e-07,0.0031893765553832054,4.125222403672524e-07,0.9968100190162659
2480a5360a935eb5762ade07a28ab7256eb893c15baae309fa9a9b591947f2f1,0,0,0.9999932050704956,4.793386096935137e-07,1.5645326811863924e-07,6.236441095097689e-06
248629a17d92d02cd5a1cbffbe3b49c90b9281873167d0e3c9e87750db4bccbc,0,0,1.0,3.526581249246874e-10,1.8247151012396046e-10,1.9288297181674352e-08
24b2ce20f8b25c7a282ecb5a6ca91760e10c63cd217986f00321842d3b39c958,2,2,4.908822859306383e-08,1.0323859100935806e-07,0.9999966621398926,3.188297341694124e-06
24c172f124e6491cf0dcb9facdc5e06a1978405a491bc7e7e01969fa7a75fa19,3,3,2.0323102489783196e-07,3.7820584566361504e-06,2.555254496883208e-08,0.9999959468841553
24c8f8fbca9a1dbe23a26201e4414f13c637aa47138ae3108fb1743a6dd20468,1,1,6.441802469225877e-08,0.9980168342590332,8.484738245329027e-09,0.0019830414094030857
24e689a407d7fb49dc05483b3f5c42f6bb64ae6a72eaa80cfad84a7e648cc889,0,0,0.9999809265136719,2.2987023839959875e-06,2.41178713622503e-06,1.4439678125199862e-05
2517f2f20eedb36fcae1366a025d7e478bb98d136ced3cfc96d583b9c23de4c5,0,0,0.9997672438621521,0.0001872437132988125,1.9643783844003337e-07,4.525675467448309e-05
254ec021149910c6a028d0806f5a2d64228bfbce987162a98ce1671c079c79b0,0,0,0.9999867677688599,2.0846978259214666e-06,1.09967641037656e-05,2.8252893002900237e-07
255bce3db7f81ce7e5af5116f98e813388d8bedd1d7cd8f9e0ec02eea9fcb7c9,1,1,4.009625172329834e-06,0.9863857626914978,2.5222491331078345e-06,0.013607760891318321
256bbe70c7e14ac72801c6b04b9621af9002b3bbc97870fd6fd63e7c74cd6fb1,0,0,0.9998985528945923,7.624590944033116e-05,9.174450497084763e-06,1.6009393220883794e-05
257bde63d6e5b13b981a9c1be2738dfc7c1579e6ecb953f390fbef4deaa4773d,0,0,1.0,2.8019672693169184e-10,4.220972182888971e-11,5.710831629812674e-08
25836e5de112854db97bf56ac6787e93388a4a2d65fed8b4c486c2ae1b13c839,0,0,0.9963724613189697,4.000668013759423e-06,5.11088501298218e-06,0.0036183898337185383
2588d7c1dbf630eb12e562bfd01aed68a084cd3ad8e1f4891df417cb5a77f55c,0,0,0.9999997615814209,2.4908402451728762e-08,2.9226150388694805e-08,2.866202919449279e-07
258ccc4da2fd7c5d979b5658b009e9e15d45703306a58fa0d94716c022757979,3,3,7.365672516357336e-10,3.651989027275704e-05,7.484773217880658e-11,0.9999635219573975
2592da1592e561a67d568abfb99291460e1ebdbf799296907897b9717834cf74,2,2,4.096046168911016e-08,1.7236441607337838e-08,0.9999997615814209,2.250412052262618e-07
25ab60640996abb83e962aeb9f1a7146e7e722ec1c9fb3a201dc22c5aa52ef6d,2,2,4.458929197426187e-06,6.77717434882652e-06,0.9999442100524902,4.4570817408384755e-05
25bdb6bce75ec7613ba18deed81f1f0d241769f781c89f64c3499ede04a1a3b2,3,3,3.217564426449826e-06,0.013114149682223797,4.276809704606421e-05,0.9868398904800415
25cd0aff003258c7ea03ac2cd633da88af53c8414d2cfb56063b37024afcf34c,3,3,7.71365812397562e-05,0.0005148292984813452,9.91771503322525e-06,0.9993981122970581
260b3fb78d963bc017153c1b9510753fe20a64d166ade01a358dc8096ab0c289,3,3,4.380578684504144e-05,0.00010818838927662,3.3121748401754303e-06,0.9998446702957153
2624cfda52aade87dc58cad5d36b0977ac90752a73151d1a7a4293bd0b8c67b0,1,1,1.288248085984378e-07,0.9934264421463013,1.5145413954087417e-06,0.006571948528289795
2628e72e64439c0f1d90bc3025af2f18d295db414cb984936659dc1fb2819953,2,2,9.364664066424666e-08,2.2316577030778717e-07,0.9999995231628418,6.037269884018315e-08
262eaceaf8719405124afdc3bc235a36040b7d1c1556cbf234217b66e3726324,0,0,0.9976271986961365,0.0017041268292814493,2.0027957361890003e-05,0.0006487997598014772
2632896b967a9655b4dd37f519c5addbefbda2b5aee0fc2f1ff85e917b67c909,2,2,2.5745799803189584e-07,1.9338929178047692e-06,0.99997878074646,1.9110861103399657e-05
2654df2ceedf8cda1661c608591f5dc27f9e5536aac625779a530749cff53cdd,1,1,1.3699694534352602e-07,0.9999583959579468,6.689626630418388e-09,4.1531729948474094e-05
266975832d8db3c8e7ad25daaf7f0ed522d8c2aab8437b1a1b64c8feb4a628f7,0,0,0.9991717338562012,0.00010369092342443764,0.000600565632339567,0.00012402179709170014
26710633b9398f7b913330a268cc778566fb3db84ffe62d715dabca0ce288641,3,3,1.403731857863022e-06,1.1800806305473088e-06,2.91664803420133e-09,0.9999973773956299
26aea203e01d46efa2e8cbb608b2ede197b8038f0bfd6e8457198c8fbf73afa9,2,2,5.566122229794246e-09,5.8910099909326163e-08,0.9999997615814209,7.417194325398668e-08
26b0d1fbf95601fd42e09d8d3d758a42725067757bf0ff8c122f7d74c90ac247,1,1,1.1496874563476922e-08,0.9998229146003723,7.60343610295422e-09,0.00017712084809318185
26c3a5398ac1204d38c2dfcd2254d3365c87607abe416b9d528a8f4be4062001,0,0,0.9999938011169434,9.600579460311565e-07,7.490955908906471e-07,4.497845566220349e-06
26f2cd0dbb90d02b79b72e25315f74a97d5e849424f0ed171dc1525a8a1130a9,3,3,4.8800536944781925e-08,0.30114802718162537,6.929215032869251e-07,0.6988512873649597
2701d80629f0d55b950c9d6e1fa20d7ee80d162895afeeb83a00866b647f4ee6,3,3,2.4301002667925786e-06,5.027555289416341e-06,1.227603689812895e-07,0.9999923706054688
271bedc590cece95f8ac58c93f8195a6757cc8e1679f0a282bc461341981a8e0,1,1,6.5109238001070935e-09,0.9997982382774353,1.132294187300431e-06,0.0002005775604629889
2786f514b212a1de0ee086a5a7d281e2d5291fa6f8666f41ef877f46b275f06a,2,2,4.609439230307544e-08,1.139501009106425e-07,0.9999997615814209,9.310630133541054e-08
2789172f25708c98db233fb5325c3c0e8d4b219a685ef88ef0e5b634bc655496,1,1,0.00017984479200094938,0.8009508848190308,5.994140337861609e-06,0.19886314868927002
27a0bd244f8f38336aafc6e61e7ce95fec9db228f42214569504198226da2115,1,1,1.4659600644506554e-08,0.7167341113090515,8.782043536825768e-09,0.2832658886909485
27a329e0eac855661766844a4a98fda42c2c2cbbd6be18008297b5ea0ff97e7e,1,1,8.001262017387489e-07,0.998110294342041,5.568080609918979e-07,0.0018882756121456623
27c97dc1b71a1be5d3a9d3011dadd733394d5f06655e1f15c902bce2fe068b6e,2,2,5.53066456632223e-06,8.656663703732193e-05,0.9995986819267273,0.000309169729007408
27e0902d2628fa7473f02de9ef1e36f2cd47915bbb1bea5e0b62d24c3ba78a26,2,2,6.495098205050454e-05,3.674629988381639e-05,0.9998764991760254,2.1822681446792558e-05
27ebdae731380b78f23b7e3db9bb86734567d8bd9cf5d46611a99dbd84de05e9,2,2,2.3217657485474774e-07,1.4520394415740157e-06,0.9999977350234985,6.096578317738022e-07
2802148ef1fcc01807cbce0c24bd84bdc3a5b463d3f108ec25da37e6d9a7741a,1,1,1.025673235233171e-08,0.9971780776977539,2.2553891199095233e-08,0.002821955131366849
287951c77d89b9abb51a955b145abcf62a58ae749b2fc0ceb06890281f7126cd,3,3,5.5368309936909554e-09,0.00011518110113684088,2.878603311273764e-08,0.9998847246170044
288ef09f6ac0da77741f22725601b856c0dfe3fddb98bb9f9f5fa2218c1b3138,0,0,0.9998483657836914,1.1326684443702106e-06,0.00014321562775876373,7.102345989551395e-06
2897835b86e50bb4d56518618c7ced82e9b6c3b090e0db273c847b1e0d75819f,1,1,9.073389151126321e-07,0.9951503872871399,1.1315380277210352e-07,0.004848569631576538
289f47d5046300e1abf80b5c6c2b1f0798933f5166c16f364bc18925b5140540,2,2,0.0012365140719339252,0.0007403821218758821,0.919267475605011,0.07875560224056244
28b38a5e0755349eb7cb23a6625d21cae3b4802765efe6c307639680e341e3d2,3,3,1.6037281511671608e-06,7.001377070992021e-06,1.8872069631470367e-05,0.9999724626541138
28b69671ba0be06bda6318967529c023e674eae5433388e4481f984504451ff1,1,1,9.092858022086148e-08,0.9994818568229675,1.443605590623065e-08,0.0005181044107303023
28bf3baef270202596f283994b6e87fa87c09fc2eed8646b40e18455a617e9c4,1,1,4.305144557292806e-06,0.9458674192428589,2.380158321102499e-06,0.054125864058732986
28cb1d0a4c73abb872900fce7ec9a4959625e612ac5c3fc54ca6373ad2d4bb4b,2,2,1.4610991456720512e-05,4.3875530536752194e-05,0.999919056892395,2.2467247617896646e-05
29312940bdd7467dcac33d5d79991842c0b3928b4ccf5e1b697bca9b0028b349,0,0,0.9999755620956421,1.473304109822493e-06,8.335658918667832e-08,2.2889893443789333e-05
29343354fc88167d68f018ef089a3abfb0b3f49f53c9137f155078fb658f10c9,3,3,3.007895876816491e-10,2.2062911497755522e-08,7.271407087561244e-11,1.0
294a5893e41b2e24fb9ed224ee2f1fed66bdb8ffbc69dd9841a3c3d0f1b09621,3,3,0.004555203951895237,8.614322723587975e-05,6.277553410427572e-08,0.9953585267066956
294c4d252760730fa83dd36fad44e36989cee6094f9cf1c06546051f57fbb6d8,2,2,9.437481907070833e-09,7.574267435472848e-09,1.0,3.889905286769135e-08
295ca9ed8383896a36c9848d965b47a04162620e3e2921fac2c56f88d19742e0,3,3,2.902416599681601e-05,0.0004480253846850246,3.950257507767674e-07,0.9995225667953491
296c1a91c361fb5f4bce497a8627ab52c701b737867fc6c1f58ff17de8046565,2,2,2.944917087965848e-10,7.026552673039532e-10,1.0,1.1746630335096597e-09
29a3d93a97e8cadbc5f68a7ed26c34c78b9c921b9e7c470ef71b668aef3129e9,2,2,2.5889143273616355e-08,5.136207050782104e-07,0.9999983310699463,1.0500209555175388e-06
29cb5ddee2c18130abba7217a3f8dd0f6cd807ee2a83d87514f8aae4fd2e0caf,2,2,8.183162947261735e-08,1.1084623707802166e-07,0.9999996423721313,7.05952274415722e-08
2a02cc801e89e782e94d848d433e852b483bd68d74c9d1425506315b3b267295,1,1,1.7048333578184582e-10,0.9994035959243774,1.5412430798278365e-07,0.0005962278228253126
2a02df95a792788ba227ea485b6b7c288eba54b335e535dbdca136bd3e08eed9,1,1,8.085066838248167e-09,0.9806960225105286,4.044428791871724e-09,0.019303951412439346
2a1a43d037f68912bbbf2f637259230e64e93bcb818f430717ecb7e6086cbb61,0,0,0.999829888343811,6.295058938121656e-06,1.0566210448814672e-06,0.00016264442820101976
2a3c519f43bb1ee90418f88fa34f04fe8e4ac95c568e3f236f6563dfc1073833,1,1,3.844942511932459e-06,0.9951794147491455,7.028929758234881e-07,0.004816047847270966
2a403960357176bf479e8730d1d943dfb860d4811ec8212f454ce1009954395f,0,0,0.9999972581863403,7.384641662611102e-07,9.898319319745497e-08,1.8703262867347803e-06
2a7f9fc5d83af6060d2c908a68c2a8bc46b0cdac9a7f523e4e51f932c87136d1,0,0,0.9999973773956299,2.2361864182585123e-07,6.64426750063285e-07,1.7283691704506055e-06
2a850e05d1b20d65613486c9d16026c9d58b00aacee67c00c3aed3bd1c5be734,3,3,1.989313204830978e-05,0.001701278961263597,5.176357262826059e-07,0.9982783794403076
2a90e6b913b913d646ca8cfae4d68d4c425fab36db4c18b482733d64981ae228,1,1,6.648161274824815e-07,0.9727163910865784,5.868251946594683e-07,0.02728237770497799
2aa7219f327bd3764b0a28a1ffc50748f707f151a4ebeb4a3b1d7d317444594e,3,3,1.578738917373812e-09,0.00039645860670134425,1.9178496568628134e-09,0.9996035695075989
2aae06514f4951ad0db642654a940d9c043445d1aba75f3ad902c3abd716b9b0,3,3,6.265739482813615e-09,2.3708766093477607e-05,1.0357665836124852e-08,0.9999762773513794
2abfb845b831a8dd80dcc16243597247f68759b6d621687e725d58cf1ae94c90,3,3,0.0042770314030349255,0.06725231558084488,0.051669150590896606,0.8768014907836914
2aeabc0d9e233b146df46ed593142ba2b3deaf12e635c6209b08987bc25062b2,2,2,8.234579240706807e-09,1.4235182277388958e-07,0.9999998807907104,3.408883131328366e-08
2afbc99aead3204621d05e6549e5ae3899fd907ece053dc61e4b0ddbab417ebc,1,1,7.392205958467457e-08,0.9757933020591736,8.183499744518485e-07,0.024205831810832024
2b2671a8d29c274bfc987d14fddfe4845b175f7f061441baa693df3f64c47acc,0,0,0.9999972581863403,3.962436494475696e-07,8.58531677749852e-07,1.5165095419433783e-06
2b38f65a2614f19e03ff2eed75a590fe5430e9a4819e8cb52a4f192badeb9c40,3,3,2.557395930580242e-07,4.8416827667097095e-06,5.8628986110420556e-09,0.9999948740005493
2b4a4ed882ea80bb0bdc1417458c0c2a40d99ffdf4d903dff6ec90896dcd5a49,0,0,0.9999971389770508,1.1962787027641753e-07,1.29372192958499e-08,2.710166427277727e-06
2b741a1d2a04e2d84132f186654984339174de251133dcddb29fee03728a9263,2,2,2.3130002080318235e-10,2.8416033970302124e-08,1.0,1.5633245808999163e-09
2b78185f6bfcb33da31d2577dab34cc52000b972dbb2b800b43b755eb4845a0d,0,0,1.0,4.169889433747187e-10,4.950862636521336e-11,3.312850438419446e-08
2b7890bf9fc391ed9da23bbeede6e3ad6e31dedef69f04ad77f15525902ead94,0,0,0.9999583959579468,1.414502150964836e-07,1.994417573314422e-07,4.12471781601198e-05
2b80c1f17bbd07ca2ff3bbc114860c92f098f9d70d6d8b2395640b2cc7bd36d1,3,3,1.693321974016726e-05,0.0003771386109292507,0.0005576660623773932,0.9990482926368713
2b8798c6f94b6f116e7d25ea4a180c1a6e718e3465546eb139249f46dd0b76c7,2,2,1.7274072661166429e-07,7.890524784670561e-07,0.9999980926513672,9.263457059205393e-07
2ba9c882b2a467c20bed9f839052f748413e1ad42cfd38415ea0b16fba7aa6b2,2,2,9.070054929338767e-09,1.512783427415343e-07,0.9999982118606567,1.655354026297573e-06
2bd7bd72cdbf139d5e9215f5742da29fb76298e581904f19da7ac6973bf867c7,0,0,0.9989049434661865,2.3276730644283816e-05,6.034110992914066e-05,0.001011415384709835
2be1a715affa5ed0bf1015e74e9a30536b9060077b207919c44ed595720e6b51,3,3,8.447956497548148e-05,0.0007524567772634327,3.9333506720140576e-05,0.999123752117157
2c165c895bbdf5cd21dcec3c94ca394538fca3b1969676a116e2139068bc34db,2,2,2.613244376448165e-08,5.890668717256631e-07,0.9999966621398926,2.7634469006443396e-06
2c2bf9f0a25a32095294fc672e88c18fd4c59626ea8f1f8cf5e59646be5d9ed6,2,2,1.2145919825456986e-08,1.068371080492625e-08,1.0,3.957980965196839e-08
2c42edb028e8be2f59cf474e96f5cc3f4d1f06b355ef464ce7b1ccba080a86c4,2,2,1.1626735130221277e-08,1.986556874555845e-08,0.9999998807907104,6.314601108670104e-08
2c57fb5379ce4f55ab7bfac72984976b4f1ff6c8cba2fdfe7d563af4d84bcd97,2,2,2.587785559171607e-07,0.0002986779436469078,0.9989376664161682,0.0007634882931597531
2c7d63a616221221950cc1b6330b0671818873b48f3ab542b3bf9db4df552a68,2,2,9.431917646907095e-07,2.0965212570445146e-06,0.9999966621398926,3.239804868826468e-07
2c81eb2f0071bcc43556fcac5fe5642c95f8bc812c252fc5f10f7b694801f80b,2,2,2.5797737279731336e-09,7.911384325431925e-10,1.0,3.64928958163091e-08
2cc5f76ba2212c0b0ffc625a506cfb995864737e94ef6fa5e5c88a14e643d71b,3,3,5.176862032385543e-07,1.0366865353717003e-05,5.841035388698401e-08,0.9999890327453613
2cc87f651add216652377a10d76efd69b06163c96986ff7dbcdd2078cdf7b1eb,3,3,8.904398214326648e-07,0.015899017453193665,1.6202896802042233e-07,0.9840999841690063
2cdf37e02ef3d64436331f924182f1ab4ec16469e79f6fac242e8d60662a0e16,2,2,6.710486388783465e-08,4.800049282494001e-07,0.999992847442627,6.577225121873198e-06
2d2ba70e7488af0ef6cf36cca59eb24c543fd966e66f760016a276ad8e6615b7,3,3,6.654820481344359e-07,0.00037217975477688015,6.032063311067759e-07,0.9996265172958374
2d43796fad63904a043be1fa3076996b60584a43f90bd2f529a8d26a66f4f594,2,2,3.774173092097044e-05,0.00043021939927712083,0.9993733763694763,0.0001586404541740194
2d6de00b445626b1e6412e45749d60768a5eb1051e0c94fb717ba6cb1645c2ef,3,3,1.7565015753007174e-07,4.570575765683316e-05,4.618193383265634e-09,0.999954104423523
2d7e10a1bd9e8e7a1e5bd3a133585d1d004c7ba8f3f2e0c428c998dc9ac5e4e5,2,2,2.4300079530803487e-06,1.102454825741006e-05,0.9999247789382935,6.179539195727557e-05
2d94449f8c113b1e0dbc81d56a37f9cf9e2b47f6cdda4d7216ae3fcfab151c7e,1,1,8.398829777434003e-06,0.9978582262992859,2.2783362510381266e-05,0.00211050221696496
2d970c88f3eee98d7feedda09ad3f19ae736e9e65e44259a1fbec2e07a0b528a,2,2,1.9871116307967895e-07,2.250638289069684e-07,0.9999972581863403,2.2162664663483156e-06
2d9c3bf852cba65942d47e676f3fb7c9fe407cb97e6c5c21209660dc801558f7,2,2,2.6635401439989437e-08,2.132900789320047e-07,0.9999943971633911,5.4039533097238746e-06
2dec495af2b8bbcd449972adadb62c64f0616746df6815764269399bbd786c63,1,1,7.1112631339076415e-09,0.998916506767273,8.510902262059972e-06,0.0010750256478786469
2df4ea66c9bdafd3301d25cc13bad4a3f20bc98b29f6dcd7400c0821d49c7e77,1,1,1.4165064385451842e-05,0.9916031956672668,4.446345428732457e-06,0.008378078229725361
2dfa2e4fd0d31d5722555a3648dec746cc21084f143fb52700d97df7db82793c,0,0,1.0,3.7609348968459244e-10,6.140755681727228e-10,1.0017999763078933e-08
2e0f115e198c23f314ca211b2022779e10b16fc3278963214f53afc2557b40b8,2,2,4.255239771655539e-10,7.539644464316098e-09,0.9999998807907104,1.3681945176813315e-07
2e36f1535ff7ffa6630a981c4b7fb5c7dfd2ff1f7d15acb1cd78d8926f10e404,2,2,1.3709599215872004e-06,6.275682972045615e-05,0.9999147653579712,2.106851025018841e-05
2e5cb7bcd48f4f57548d0bedb842e9cd686091c80c52de4f9843c7d2df111b41,1,1,8.540476119378582e-05,0.9821107983589172,7.719740096945316e-05,0.017726680263876915
2e623c28399add8982e21f1a5439d7ed98ec7e08c365379f847941295832212b,0,0,0.9999986886978149,1.6065921215613344e-07,1.35158435554672e-08,1.1361593124092906e-06
2e970ddf37aebdc3862049eadbe1c26e14d4972efe6d31111104dc3b72a5ffc8,1,1,8.83481465763225e-09,0.9998258948326111,1.2494204781887674e-07,0.00017405189282726496
2ea27ee2e467b520aa617b99f02b398778d6fe15985b08b7742288e916d9d9e0,1,1,2.0893099872409948e-07,0.9984391331672668,1.286103179154452e-05,0.0015478128334507346
2eafa9c91cb5a2601b016924584c0ce6c2c49eba2f08de4b70728d059be557e5,0,0,0.9998140931129456,3.377868779352866e-06,2.4607468276371947e-06,0.00018006229947786778
2eb003c1b75da94b76dbf83550550ed567c413e89e728a825bf56977c586d450,3,3,3.9939621387929947e-07,0.004242959897965193,3.0612170576205244e-07,0.9957563281059265
2eb8b782ee5ada13795f071c8cac2371e54801025530c875f9efa13d5c9694e1,0,0,0.9998524188995361,3.3407741284463555e-06,3.449937446831086e-09,0.000144232006277889
2ebc778899b14f8a83551ebde235b7b83ca61e46cec7b07a9d3e32f090146679,0,0,0.9999998807907104,1.597964427446641e-08,6.7301675343856004e-09,1.346178635230899e-07
2ecd97770028d8c8cf31a74141f7fa18f402d934490c4c72c6e89f9a947fdf7c,2,2,4.215635063253842e-10,3.028435230589821e-06,0.9999949932098389,2.005940814342466e-06
2edd58a1f16907203276547800d3c579b15376cd372d053036e1296fc4fb83a4,2,2,1.108153782070076e-07,9.050989433490031e-07,0.9999977350234985,1.2495285091063124e-06
2ee2e7eac843e9f92b8e05d7b8f51aa4702567089d86314b1070fe1ef538a093,3,3,1.1757767204301217e-08,0.000401296594645828,1.6329048113661315e-09,0.9995986819267273
2f1e86f5d8cf403809281fac3adfefa2648229128fc25af70484458008c6af3b,0,0,0.9999880790710449,1.289754010258548e-07,2.7691331450085954e-09,1.181696370622376e-05
2f544aa56ed520aae0ecc4d18df8d74818d168fdd080301d09d1fcdf014e98e7,3,3,4.519967689020632e-08,7.303723577933852e-06,3.294154726773968e-09,0.9999926090240479
2f674499134636acfb36786ee3a8b0bf8f31c3f1225493974bbb0f366477378b,0,0,0.9999985694885254,1.2703759466603515e-07,2.8714823852027394e-09,1.364336526421539e-06
2f6bbc225ea039f80479076a378cf8679f31fbe1bc4f952336216824d5ae5858,3,3,4.236587969330685e-09,0.0003709199372678995,1.0446727927160282e-08,0.999629020690918
2f718e759f961a747c2626408b9a2ee6d3dd71f0e070c9b2d8b237a64470a9d0,0,0,0.9604350924491882,0.0015585690271109343,2.8275404474698007e-05,0.03797805309295654
2f793de5afe790ff61db0c7e6e52668c69160d8f0ebbaf2b0c42f8201e61b8a0,1,1,4.252724750131165e-08,0.9932070374488831,6.8251622131754175e-09,0.0067929294891655445
2f8b17d960cd4f0f7f955f9ce51c07cadf485e0f842c36ec90ebb9c9065d21ed,1,1,3.694626229844289e-06,0.9960801005363464,5.233245246927254e-06,0.003910986240953207
2f96506bdbf2edc41f6590f0269e376954d9bebecc1313f5b6b9cc7c96e13d31,3,3,0.00934659130871296,0.006665679160505533,3.219502104911953e-05,0.9839555621147156
2f9afca5d68164cd648b1731dbdcb8cbfdba587abf4997abe4ee7d4f11a51966,0,0,0.9999605417251587,1.4193414244800806e-05,2.8448944249248598e-06,2.2416814317693934e-05
2faac59d2958105ced4a03619698ff50fbb706f7616da314b968160b83bd8117,1,1,4.079950155500001e-09,0.955966055393219,5.867930141789657e-08,0.04403381422162056
2fb2273724a276aa1910a907787092b3e9b0fb18e8cbb53f4d250cd3eecf1965,1,1,2.9464754192076725e-08,0.9841638207435608,1.223810244255219e-07,0.01583605259656906
2fd8d08d0da717fbdb61d802286526d8c2ea4974fd0d900996878e4ace5ef163,3,3,2.48701361726944e-08,0.013206398114562035,9.34334494218092e-08,0.9867934584617615
2fd9ad0b36927ec7b4c77e167f67879f7a4400d3d4895cbcd74e3c4f6b621b60,0,0,0.9999996423721313,1.2078934519266227e-09,1.7474721403232252e-07,1.8985151939432399e-07
301da3e5ddbb4a2b0102832677657c247023f08f28e4691be637311b252acc00,2,2,2.7631031684904883e-08,1.825100184760231e-06,0.9999972581863403,7.79826336838596e-07
3051591d91fa603cb8839eea9c4a75f1737da5e9dc19c0c3d976389de5795381,3,3,4.937763833368081e-07,5.441878556666779e-07,2.5357250521551578e-08,0.999998927116394
3054baff365e52f0189ddf1702711f9a84e7b83f3c74cf57c0f07992050eada1,3,3,1.2766244594786258e-07,4.5547042759608303e-07,3.259637004759952e-10,0.9999994039535522
305687d7932ba914c7fcf2f99bf0bbdac3cb656525f2572b7a465ce9aeb3b8d1,3,3,2.788478468573885e-06,0.011615404859185219,2.566600301179278e-07,0.988381564617157
3072867b4b451739759fa7b4e26de9018e72e9f85ea5069b8bd2179dc20a4694,0,0,0.9995169639587402,3.587048240660806e-06,4.00818755963428e-08,0.00047944311518222094
30836b3e501e97789651bdf0aed452610a9318df47618eea7b82ba693e0cabb8,0,0,0.9999492168426514,7.014614311628975e-06,4.3292246118653566e-05,4.289287005576625e-07
30889c99b5fbbd8c163407f1de81f81bd916f8020a2a83a11981fcfb55160c94,1,1,6.3844031501503196e-06,0.5160782337188721,3.206260589649901e-05,0.4838833510875702
30ea4f5b0b04c25d268856e7e88d89e58f9334cc1677a0e970744f3d12591a55,0,0,0.9999891519546509,1.242109988197626e-06,2.1988882963341894e-06,7.474177436961327e-06
311b2e0885957832badd9aaf34b539821109def335042f1cdbcaadf86ab2d52e,2,2,2.1299698005350365e-07,2.3694684614383732e-07,0.9999983310699463,1.1582748129512765e-06
314cb6de570e01a3a7ab10f2e23a741a129f6053ed951dcacecf289e7a640fa9,3,3,3.4175542396042147e-07,0.004135355819016695,2.1414855666535004e-07,0.9958640336990356
315349bf996fff9db1d1ef009186de194052b20663d8896770126410a850f2d3,0,0,0.9999066591262817,2.8919653232151177e-06,5.3879542605272945e-08,9.042194142239168e-05
31813048292329acbb3834040d2dcddafe19ab2290c30fbea71bda932acb9826,2,2,2.724277248233875e-09,3.050857060316048e-07,0.9999990463256836,6.363348461491114e-07
3185b4c856b3c221d8051e821830503bed9d70ce175c585b881188731037d04e,2,2,4.7194453145493753e-07,6.494487934105564e-07,0.9999914169311523,7.454191290889867e-06
318f9a221b3064141854c931dcbe6c5e3b852da021048dcd3903a33124b65f64,0,0,0.9950057864189148,0.004275340121239424,1.4098352949076798e-05,0.0007048295810818672
31a21fa099462e9a522bac711eef46e1f1d1a0c9d5d9032b54226fae23f85cdb,2,2,1.7180003253347564e-10,2.2188402226674953e-07,0.9999997615814209,4.547071608129727e-09
31ae7591191b411c430f8b0d8f0e07a87b76e8507eeb9e226c22c42e92f7a9b4,3,3,5.471310032589827e-06,0.00030535366386175156,2.7649577532429248e-05,0.9996615648269653
31c2be24181f64efa05ada26180ba9c2c89fad66d9d3847298524ebb5220a255,2,2,4.770882242155494e-06,9.514679533140225e-08,0.9999922513961792,2.8454458060878096e-06
31e1fea48fa22791acde3d5c1dded4d31b0aa1efa5c227c613da290e2ed750fd,1,1,1.3449202862503284e-09,0.9972631931304932,2.756052053243252e-09,0.0027368355076760054
31e6b6acdec433d45b5d59d227cd3f3eae006d6c339b720014ca97afbfe602df,2,2,1.1263835375530107e-07,2.5066987291211262e-05,0.9999065399169922,6.835215026512742e-05
31ea535b4c9660e16ce0e6662fa0841da735769e99a729afaedbebc095cc024a,2,2,9.46444256300083e-10,1.9892375746621838e-08,0.9999998807907104,1.1653205689299284e-07
31ee0fb5666136470b32d3bf6fb669d458dcc5382f64e663666fbea214022778,2,2,1.1170092761858541e-07,6.982520517340163e-07,0.9999978542327881,1.3265124607642065e-06
31f062e70ea5a092c590cb263ee67b85eafac5d89fbb533d2a85a2da3c185514,2,2,4.248250085048255e-10,8.345304447487933e-10,1.0,4.5449222163540526e-09
31ffa1737896243212f7ec8755969f0141615c0043ae255d035ed18676ad2abe,0,0,0.9999955892562866,6.50707590921229e-07,2.9464747086649368e-08,3.859249318338698e-06
32061fd1a7ae0da8e727d5de28c803bbc0cfe5b2527ecd1c651dc3bc8adab884,3,3,0.010285159572958946,0.0009695056360214949,1.3319361187313916e-06,0.9887440204620361
323da3513bb2b7932443653467acef094d5e7184a5afa1df5bb50f57c14d4e68,0,0,0.999864935874939,6.97477807989344e-05,1.3710981647818699e-06,6.385381857398897e-05
3299c24d58055c63d2a3a3933a2fdb41bf3c7e12546b1f2931342fd75c89a26b,0,0,0.9999890327453613,4.741723103052209e-08,3.3272757882230053e-09,1.0965100045723375e-05
32a98dd470826f799d0cf5135a0f1517fa13f7bf10f8df8a5df5a95b6242cd68,3,3,4.938819841981967e-08,0.0003215134493075311,2.3576479435405417e-08,0.999678373336792
32f0b8b806604dcc85b7e6bb4fee99e708cd6307593485ea15b60095b0729a59,1,1,3.8442987460030054e-08,0.9929141998291016,5.57366375275592e-09,0.007085768505930901
3301e52bdb9aed511a023446c4b0d89f87194634c2b96bf097215607a635ef28,1,1,7.163151849454152e-08,0.9997121691703796,7.41602661946672e-07,0.00028697281959466636
3327526423496c0d46b6a057cca67d8f6859af106718ec5bd65b93f8d5b1df08,3,3,2.7302917260385584e-08,9.813203359954059e-05,1.5689852261857595e-07,0.9999016523361206
337c2edf70a8edb4348012cfbfad4b78c783c10dd02a7e0ed77cc5ee5803a703,2,2,7.480672792326004e-08,3.039761793388607e-07,0.9999977350234985,1.937736215040786e-06
33a14e20359cea9a1f86de8df4cc317e9d37c493c12827f4bff1379547f5fcd5,2,2,1.7816885744537103e-09,2.7689406323361254e-08,1.0,1.2606460764175154e-08
33c36199920f752893b1ee3693c4a9e85450667fb0e944803d0c778787683875,2,2,1.660642919887323e-05,3.0955736292526126e-05,0.9996047616004944,0.0003476971760392189
33c7e87f3e7c5e2e8c1e2b63b186542b1fbcde598f4fe086ee796a4c1d95be3a,0,0,0.9999480247497559,4.193280801700894e-06,1.0208794947175193e-06,4.6748587919864804e-05
33cf20e1ce0c0e306ccdf70445fbe39f0ce3737340751f48f85245c0463e23a6,3,3,1.6836392546792922e-07,0.0070440322160720825,3.0430285846705374e-08,0.9929558038711548
340590c324ba36db7bd281b75d668fc427d13a27f943cdfbf4eae3a4f757d373,0,0,0.9999994039535522,5.509875933285002e-08,1.8188080730396905e-07,3.3978318469962687e-07
34113c07b008dd53f66f24ca06d3eb576addab26155a13e00b287eb37a182b94,0,0,0.999944806098938,2.7624710128293373e-06,5.563898142213475e-08,5.244761996436864e-05
34381ec51c73f0f83cf4fb92c4b19df83f3646b8e7c3dd7978f8320f382281d2,3,3,7.644322067790199e-06,0.0008987903129309416,8.923555583351117e-07,0.999092698097229
3446015930fe75dc5208888161be4c15a95f4308506331f0894d4fe5c6bd8ecd,2,2,3.6427781680004045e-08,1.448848649943102e-07,0.9999994039535522,3.25999650385711e-07
3448e8e9ae7d55eedd5b002aa8e4018a0a0a61dc694b66adc64f0c3d98d708a8,0,0,0.9999949932098389,8.769936243879783e-07,1.0895153081946773e-06,3.0855369459459325e-06
345b40070e812ba737d1a0c6cbfc8e094325d1517213352be097e176dee24b9e,1,1,1.811147676278324e-08,0.9969122409820557,1.6163465232921226e-08,0.003087712451815605
3461ef6f75e6223b96cdb755feb52892a9257ca43a34df2ee60d53f0f31a1e5e,1,1,9.999629213552907e-08,0.997825026512146,1.1977512315297645e-07,0.0021747350692749023
34712be4e6eb9ac2757a1d2290022720763d3cc01e9f22eeb938bb41439b9b02,3,3,1.2801187949662562e-06,0.0001187777379527688,1.1592083737355097e-08,0.9998799562454224
347fd8133f0551662399b5a6ba68662ba5cb980d6d7fe4f4b331f12f8601ce6a,0,0,0.9999998807907104,1.532836257922554e-08,1.7179606004447123e-07,3.003186321848261e-08
348479afee74db1eab974e13543bf92e6ac3982c3d0c728ef838db6b29dd5b7e,2,2,2.0117869325986248e-07,5.837217941007111e-06,0.9999932050704956,6.848250677649048e-07
34a734a25c26edec16d86483e88c2ef5b8a3d6ef036b1b4a391aa87b17047406,3,3,0.0004095100157428533,0.01176687516272068,0.0004896859172731638,0.9873338937759399
34b2af87efb867c125189a8dd3f9dd2476a55d5af66b9a5fbf9be2e0d3c05657,0,0,0.9998624324798584,8.008179293028661e-07,8.654320481582545e-06,0.00012803198478650302
34bde8aa6159888f11357a79aed72e8c0857001a85d18dfd524b617399bc4ddb,0,0,0.9963935017585754,0.0030024354346096516,1.4200899386196397e-05,0.0005898418603464961
34bef5f3c04f4ec2cc890f24595fd4dd88f89dd501035c6b18dc5f0e870a1298,1,1,1.2822590100824982e-08,0.9928092956542969,6.401556618129689e-08,0.007190576288849115
34ca7fb7c42c8ff85de84df980006b5fd301c0e0ff5bd53aac9f8b2c0a57340e,0,1,0.1999894082546234,0.4910318851470947,0.018527474254369736,0.29045113921165466
34cec9165cf0c9da4ca73008274348651bdd9ee6b9761c2eab73aae971f183ec,3,3,4.297027658139996e-07,4.80715862067882e-05,2.1702056983485818e-05,0.9999297857284546
34d9224877c3d7c8e1cc777973e29761e8841c82764bd2dff65f147583951f58,2,2,1.939545857254643e-09,2.3400264836936913e-08,1.0,4.724619362406202e-09
34ddb9e213e76eeb718c913ee97ce17d4275e15cb0405613dc8365d0581c624a,2,2,1.3448697884499428e-11,2.024953094093007e-09,1.0,3.4567966267218253e-09
34f699981f200e2c5d4cbeefbf5d498ec65116f60abb221f4dbad31b6034fd3a,2,2,1.2259125696800766e-06,7.642499440407846e-06,0.9999675750732422,2.364179636060726e-05
34f9be8bff9ed3e0faad56e33bd54dd710123e0a06f5c1ab47ca958c9ea550b9,3,3,3.2012775763590184e-10,8.63650413407413e-08,5.810269487760422e-10,0.9999998807907104
34ff6929ab6e59866442f658591f7124cc7d90212e62f5ad65959e58500c5996,3,3,1.6975026939647364e-09,8.196846465580165e-06,1.5028430722097141e-09,0.999991774559021
351693829e0af80a46c2531525b845ed51f9d7836cd0532e62b8726d718740f5,2,2,6.468510349577627e-08,1.4462154467764776e-05,0.999958872795105,2.6538096790318377e-05
352ad522d95423537b8a4788d2ebd13fb0d6e11c56be612776a86ad407464e63,0,0,0.9999756813049316,3.226313992854557e-06,4.809813844985911e-07,2.062267594737932e-05
352b633d21319c77aa80dc6381f30d30ee739940b2c793f4a7268a311cfd9c2a,0,0,1.0,1.514813696701367e-08,1.4350717281175207e-09,2.8663167839226844e-08
35371942d3914e29adc6ce0247d6e9aff2c04820d58f2168ea42c515a33e32a6,0,0,0.9999790191650391,4.6315983581735054e-07,5.278470549541225e-09,2.052219679171685e-05
3543a3b8c599657233ee398faf636d5e63329d0a96020fe0e035589d010ea442,3,3,1.6051559441621066e-06,0.0005524737644009292,5.399027145358559e-07,0.999445378780365
356c99f997a67d8f850e0e3c0ad62c4829a5bd445c7c42a7081e7599ad4f122c,3,3,5.750007403548807e-05,0.0003742575354408473,1.4454282393217e-07,0.9995680451393127
358d6ede8f968eb2418ce3a8ed8d8565ed101b05226cf2fe7e82f65b35b95164,3,3,1.8334230134087193e-08,7.716390973655507e-05,4.612151105476414e-09,0.9999227523803711
35a579fa6cb7a29a208e567153f562c2e534e70a0d39a26eebaaba6dd06c92b4,1,1,3.0380433599930257e-05,0.9936389327049255,2.6117772904399317e-06,0.006328086368739605
35b86193aec5eba0d513da07461462625d7dca7667c59e6f6d43488480234ae0,2,2,5.828616522762786e-08,9.262179446523078e-06,0.9999892711639404,1.3790206594421761e-06
35ca8aff63f367006e8fbc9c1c5c10de49455623677878f9c7af85c981e5b0ae,1,1,1.548938371342956e-06,0.9900254011154175,1.9113952021143632e-07,0.009972884319722652
35d5adc337bc6353ff3ccee7140df6c161964cb8075cd5ae720474c58da9286e,2,2,5.422940319022018e-08,3.25494681874261e-07,0.999998927116394,7.301864570763428e-07
35eca1c98dcc0b65fef3309ce380cc9b1deafc746e976cc704e61344dd06124b,1,1,1.4293837224954586e-09,0.9985358715057373,3.3975000590658055e-10,0.0014640967128798366
362e3f874127f51fbea6f52e96a723b1f53947b39fe593e535df7392d9c36a44,3,3,4.329284042370318e-09,1.5260037571351859e-06,6.283944892215843e-11,0.9999984502792358
364cb798ace5ec4eaef123a09e62baf4b4559921f37221a626ada80e9f2fd904,1,1,1.5463582414554367e-08,0.9999288320541382,2.97901578960591e-06,6.82074241922237e-05
366287d3be702eefcd1e95f02752f125f51ba1e120c331d831b5cd977d8acb74,0,0,0.9999986886978149,5.157978648639983e-07,2.554266131937766e-07,5.427867222351779e-07
366a24a09754add528738ee6d5552e269f29a03a2335f3bdf203d3830bc7d20b,1,1,1.5505079886679596e-08,0.9588146209716797,5.192484309191059e-08,0.041185397654771805
36727131464ffd5f8e7911992e717e1c3c8fb943362a9847f579be97eba06e1f,2,2,4.971554545818435e-08,2.016361122514354e-06,0.9999902248382568,7.774672667437699e-06
36782dd667cd7468297778807e9d6a7c45469fce759f9fb75e9b37227c3c944a,0,0,0.9999432563781738,5.224278609716748e-08,1.6164602811841178e-07,5.666557262884453e-05
367b2b9570315c502e132eaefdff38ffed88b3b0d47b9f91b5cec078f9143ec5,0,0,0.9998869895935059,1.674992745392956e-05,3.4670036257011816e-05,6.145542283775285e-05
3680fd88b9756aefe794b6bcbc33f609b7b4f4f6382c69307bca3222100a1e23,3,3,1.0480121215294957e-09,0.00017748026584740728,7.227563547651528e-10,0.9998225569725037
36837c4423a4851f84adf05cd76561cf2047f4719de7b184351e818161bea219,3,3,5.7395267504034564e-05,0.0010444592917338014,8.863657421898097e-05,0.9988095760345459
3687962cc1138f00174d342d4cea521b372ef41ea702abf945a510a135db337f,2,2,6.143376367617748e-07,3.109608587692492e-05,0.9999617338180542,6.498040420410689e-06
36e2a7104819fe45cf4fb7827e33b6d06a7e761bb9650552cb360bd11fa0a8f5,3,3,3.3225711376871914e-05,0.012222002260386944,4.4732685637427494e-05,0.9877001047134399
37026d42e82816ecadd56f86b428cb85b5bfd699b168e06a02dc67b2025a352c,0,0,0.9999698400497437,2.7349071274329617e-07,1.0154107776827459e-08,2.992477129737381e-05
370d4eac7229d93666459099615b244993a9eef6c01cdf229343cf8fa7a2b75c,0,0,0.999946117401123,3.115844083367847e-05,1.2901736226922367e-05,9.902401870931499e-06
370e54594d1eae3d3951e754aa7540d361ea6584dc548b59ef8f91fb429c04c9,2,2,2.98377855756371e-09,5.298797418618051e-07,0.9999982118606567,1.2919208529638126e-06
371aa56d9ecec86de2e99886ec9de196f6a94227b672a4e04eea0d23af1c8f47,3,3,3.209205956533623e-10,2.2277549760474358e-06,1.2514519975859173e-10,0.9999977350234985
372903e36310837d08b9b39a61feab11f2ef3072850ded5bb42bb4de5039cfe4,3,3,4.341505643878918e-07,0.00030238626641221344,2.112113861585385e-06,0.9996950626373291
3731b31796b6307d7fc5e8b1f8415e373b4cbd8563c4d6c430f4a8325f91c2d3,1,1,2.609381510865205e-07,0.8096175789833069,1.0945533546191655e-07,0.19038201868534088
37356a29cdaa10f218a1666feaf40f16f2b623908a70ee319e88496c044a031f,0,0,0.9999858140945435,8.278135510408902e-08,4.239134820949175e-09,1.408868956787046e-05
375498412c458b77b984910b03b8783fe9ba4e948d3e3e3b19e47bf34f1031a9,2,2,2.2130350885163352e-07,8.205678625472501e-08,0.9999988079071045,8.930455805966631e-07
375b65a890cdbff6c13c39900aa435a2a734a94e78781d931c0101204dea3a83,0,0,0.9999741315841675,6.525445769511862e-06,7.428518529195571e-07,1.8596570953377523e-05
37617b8e2e9468d35b046e0a3d72049a13e64f6cc81fe0942600ecf03f51ce7f,0,0,0.9999982118606567,1.7665435336766677e-08,1.8676195168154663e-07,1.4976699276303407e-06
3780d9a3bc0ec799dac05482ebdaecf1fd3263a881f415d003fda0fcfb1666cb,1,1,3.520778779630973e-09,0.9999091625213623,4.285580246232712e-08,9.081338794203475e-05
378e93f1c93447682b5737eb2563abd17835ff68c72ce7d70312813fb55d3bce,2,2,1.1579237479963922e-06,2.3280599634745158e-05,0.9999631643295288,1.2425049135345034e-05
37fad3410d9f7015cf935b81bc8a6649a1fd4d689cd5dc4c13dfbd6337bfe940,2,2,2.376670096282396e-07,1.616496270173684e-08,0.9999984502792358,1.3269029750517802e-06
38029d21b4b368423bef9f00a564f81a8575f9b97e924ad3c3392577a6a48d74,0,0,0.9988976716995239,0.001049114391207695,3.543718412402086e-05,1.7769621990737505e-05
38139db9472aa64eb0fa819e9bcf0073318a07d57ce4851468fbf2b106f37816,0,0,0.9993044137954712,1.5473180610570125e-05,4.039917257614434e-06,0.0006760641117580235
3815bd2fa859a81b53b8008be5d36398e6cfc3bd6c2d4101c6406bd0d79115b0,2,2,3.478405687928898e-07,1.1667902072076686e-05,0.9999202489852905,6.772589404135942e-05
381d55d1be384b9e5bf71fcfab7fbb7bf376cb00de6af99eb6bceb81138cb421,3,3,5.547705086428323e-07,0.0013773549580946565,2.926933484559413e-05,0.9985927939414978
38262661465ce42987882af10f48a2ec4972e5633620f13eb3b97b20a8cfe553,2,2,1.6103055600069638e-07,0.00019867911760229617,0.9997543692588806,4.680631172959693e-05
387297bc29bdbf052bc0e79f3fd8004b15613c82b02474d864e7ea8a03dbcb04,3,3,1.1289009727022403e-08,2.2519960111822e-05,6.89155976729694e-09,0.9999774694442749
388f75695a5de41415f0f271cdae9cf0d9427b4c48367da6ad794a08b824f75f,0,0,0.9989438652992249,0.00031149768619798124,1.1071787184846471e-06,0.0007435401785187423
3894043d75c66a5400859b59e9e5d9b55cc5f92020140f3f9ae605cc01af2aec,3,3,2.0634047359635588e-06,0.00016370174125768244,1.6529789093056024e-07,0.9998340606689453
389e12275ddac11ce11c01144eb3763757bdf04d554ea14c9d18b3f794c642ea,0,0,1.0,6.5609611077377394e-09,1.5722310606203216e-11,1.9639598392018343e-08
38af349370de33f5a620993b846a966d024a867ce34748f0c5dcd32587d39acd,0,0,0.9999982118606567,2.630606665832147e-08,9.63696900058153e-10,1.8427436998535995e-06
38b90420e3f90afa975fa6f7d5814cc5e31b04383c475ab3e78065334b906ee9,2,2,2.747468030861455e-09,2.821057591972931e-07,0.9999879598617554,1.1799564163084142e-05
38ba30d63c240187b52a61be050db0428ae0791d6c84b0a5a368b78d4c7edf78,1,1,1.1252571141540102e-07,0.9979619979858398,2.0112535992211633e-07,0.002037643687799573
38db89a25121fc55205e798de6293d82f0f338064d70c2c5dd0e58e54a56bd42,2,2,0.00015539360174443573,0.00014724316133651882,0.9991593360900879,0.0005380632355809212
38f26574c16d10285cc2f800841b7c9e5b0daa539d6fbf07fd2a444abce35213,3,3,7.820178282713641e-09,7.352393004111946e-05,5.468824837429054e-10,0.9999264478683472
38fc685cefc7f3f3e3a6b233d1f8455d7cc3bb0cdae821e18166792049a43ba4,0,0,0.9996289014816284,3.0782950943830656e-06,8.923356062950916e-07,0.00036714086309075356
39023112ef0100fb5e828f3466afedd8d4a3e3ab01e07db9bcee816773a8c489,2,2,8.399146655957423e-11,9.145795232257115e-09,1.0,6.34892138862142e-09
39037195157e4155b8db91b8fa5b27512efc0d91c36d83ba7c14e7d43cbe763d,3,3,3.4566070894470613e-07,0.0016522877849638462,1.929922746057855e-07,0.9983471632003784
3913d5a195ce4266e27483c129407c1ae3f48d14c830105d9f5e3518b936b2f1,0,0,0.9999940395355225,5.38457989307517e-09,1.3940669063572386e-08,5.938165486440994e-06
3921baa1418e79134eccc4c1722ca07ce3b875814504fb64924580bb0b878e1d,2,2,6.028396626334143e-08,2.52419937396553e-07,0.9999992847442627,3.7256253904160985e-07
39280b9e7171e2db367430f9e851b5bcf1ab13a2961d9dd16c90b3d898960105,1,1,3.786642466252488e-08,0.9992430210113525,9.028714664793824e-09,0.0007569584995508194
394f65b3f40c16386c231c82188df5e72bb0793a93dc0a53dfa5f1002091a421,3,3,1.2945156413479708e-07,1.5195683772617485e-05,3.715251466474001e-07,0.9999842643737793
3961b39278b0bb8e23d01175f8bb279117aa38bd342f9b318ec892808572de73,0,0,0.9998968839645386,1.2776506082445849e-05,3.2960645057755755e-07,8.997788245324045e-05
39797d13ee65fa08b69557e0429006feee3e1e9c59f1efca922a05addfb38ae4,3,3,5.372873488340701e-07,1.668458594394906e-06,1.3353378847114072e-07,0.999997615814209
39ac94f2a997315dfdf5ea6d3f5e500ac53144f2d90e456807a4e563d81423a8,3,3,3.0044519649941037e-10,1.130823648054502e-06,2.1157212870548392e-08,0.9999988079071045
39dac24957e9d9df18f1f133e08985cae19115fe22b9bf4f80bd3ab5aacbea9d,1,1,9.747258555847793e-10,0.9999639987945557,8.157439879141748e-08,3.583445504773408e-05
39ddd95e275e88c29c9bff1a200846f3bce78b7696e9284a7d0f65167871bd7e,3,3,1.6492313070770592e-10,0.0002502146817278117,1.2548197203532396e-10,0.9997498393058777
3a00f9fbc7947ef792155b858e8b0409699fa2ebc6ebef8bbada61b3a64a79b3,0,0,0.9999988079071045,4.5183664809655966e-08,1.5099628214443328e-08,1.2088761423001415e-06
3a086a8a31c9d003c33481e5cac2d12b573ec3e99a6cc18283fb2f469d747bcb,3,3,0.00044796508154831827,0.00024464362650178373,0.0015897121047601104,0.9977177381515503
3a09d013df8632c846273d6ebab56da6ecd16cbf5542a04bb1f89749cfe50313,3,3,3.124000613752287e-07,3.5248678614152595e-05,5.812172521046932e-09,0.9999644756317139
3a201c7d0c6edd957ca0a4780afe7605535ca143607c1f9171ed714f415d1059,2,2,1.4236504739528755e-06,4.068867383466568e-06,0.999988317489624,6.234698048501741e-06
3a300ae897c978bdb3bdee0a5dface5c95d87482c5a510030002e8169aac922c,2,2,6.575083375537361e-07,4.865165101364255e-05,0.9999194145202637,3.127296804450452e-05
3a4c7f3fe4fce5cb01a5af2dfb237e909e38b3560f713ce3496896ca156de7b4,3,3,3.6225756616659055e-07,0.045584358274936676,7.695566068832704e-07,0.9544145464897156
3a4f8b8d0de857ece4ca4c00ae941e306920b777d3945f08da721d0dec55959d,2,2,3.0788150979788043e-06,2.6468944270163774e-05,0.9998130202293396,0.00015741433890070766
3a774fbf700c761dbd3a4745f737c250a1b111af1f505210541cb6816c23c537,2,2,2.8124128220952116e-05,4.1249154492106754e-06,0.9999657869338989,1.874729946393927e-06
3a7f822957daf5f67a46dfc21527f780791a57f2df7a5bebf4588a941904e90e,0,0,0.9999971389770508,5.341664746083552e-07,1.0073076595062957e-08,2.4416342512267875e-06
3ac5df922f3442be7ac0f911760b08aafc7c7fcb7a847e22c979c1c83853c4ce,2,2,5.118379053925537e-09,7.373229777840606e-07,0.9999955892562866,3.671520744319423e-06
3ad32365b33d59d1d59164efabdb2e5ccd9c1160409a9c9106a2c6ab2bd1377c,1,1,1.9393260330957673e-08,0.9996058344841003,1.2060196752372576e-07,0.0003940820461139083
3ad3320820449ba8de58c6ee100820a87a997c99f399fb9305a71a3639a33c61,3,3,1.525306925032055e-05,0.0011406559497117996,2.4603789938737464e-07,0.998843789100647
3b0e8d14ff36c4d662b1457425dd065931d3896c80c861a96b64fb50c81a531d,2,2,2.721993951126933e-06,2.3845714167691767e-06,0.9999829530715942,1.1877529686898924e-05
3b2f6d026c415d4a2d9c809d95296a06c09255ceb4f289d243e0154ea73417f1,3,3,0.024491501972079277,0.08751172572374344,0.4149828553199768,0.47301387786865234
3b338e17759b2a0846bb4b79889e2e592fc0f5d4cc3c9113a0d028a24cf9c9b8,2,2,2.574607151473174e-06,8.00840189185692e-06,0.9999603033065796,2.9114213248249143e-05
3b36a6854e3d22cdea0c4647c86028c040d1b9a708094b292aadc14e4b385258,3,3,0.002395369578152895,0.011040636338293552,7.266483589773998e-05,0.986491322517395
3b46833ccd6261f93790c7e45d2ead417c4c45bd6cf28771340f2529b0cd9173,0,0,0.9999101161956787,1.9348501609783852e-06,2.535383814006309e-08,8.798763155937195e-05
3b670fd21c54d7f1e93615fdb5b2efba0ac5b2cb1af2a02290b89947e16f8f9a,2,2,6.559841494890861e-06,0.00022950652055442333,0.9994884729385376,0.0002754795423243195
3b6e4b35ef99dcdc34aa6d0e71fbd283514798e0a266ea99030ea9833540b3f2,3,3,5.93645268054388e-07,0.0010084210662171245,4.5323959056986496e-05,0.9989456534385681
3ba0a1becac842a9e0238f887c195c1098fdf5a316713b618cfff87277f7c4dc,2,2,1.0304576747444116e-08,4.463288689748879e-07,0.9999988079071045,7.668556918360991e-07
3bb39f535cae377b2f44af07ca01b8d3f4d507fb0393d7c13a720c5438b69ab0,2,2,9.561567276250571e-05,4.735592028737301e-06,0.9990418553352356,0.0008577569387853146
3bd30be977e9718326df6298e13d162c1ecc193353a666006649b4d3239c702d,1,1,2.4760497581155505e-06,0.7972723841667175,4.160607932135463e-05,0.20268353819847107
3bf7a06090c3e19846a13a932336b5e4b85080ae247533864b3a27c8ba28d1d6,3,3,2.834067799994955e-06,8.19221677375026e-05,6.116680992818146e-07,0.9999146461486816
3c0bf4b5f8ecdfa0241e8c048bed998ebf8f9be66370b316d6c1e2385d11a3b6,3,3,1.5843108158719588e-08,0.004063862841576338,5.592469820570045e-10,0.9959361553192139
3c15d768525a7b3ef7c0273c1f46702a04d9c387fe3d01ab387d645f58bb0a37,3,3,5.5272853387577925e-06,0.0004610890755429864,7.985247066244483e-06,0.9995254278182983
3c3837a956fa30f17a0715b712e911ce26dad58a83951db94694452a32b62d0a,3,3,0.00019410395179875195,0.0041017476469278336,2.2036103473510593e-05,0.9956821203231812
3c50c5b584f33d4b071ef97994394c15c444c28c2ea1978c4d7688e70f6f7323,3,3,2.7489775220601587e-06,0.0005618928698822856,9.872545660982723e-07,0.9994342923164368
3c644adb9e5dab37909f794c1b3839f232e89d05ea477ef7020ea1107d96663b,1,1,7.49552964407485e-06,0.9993507266044617,4.8239030547847506e-06,0.000636941462289542
3c68b4d1af02877cd92a0dbf6df9938d784e161cdaf479317220df6942bb9d15,0,0,0.9993257522583008,6.036650120222475e-06,0.0005939930560998619,7.420431938953698e-05
3c760dcad04e41e5fa6538b7f50b40680762dfa7cec1ad8dc138dd60d16c776b,3,3,6.136565477987688e-09,3.7799384244863177e-06,3.177611631599575e-07,0.9999959468841553
3c79b44db9881b73c2b205961a96ac1ab914d0a65719513117c2ae20bbd5f0fe,1,0,0.45802757143974304,0.166392982006073,0.0006192651344463229,0.3749602437019348
3c7fa047838771576a8ce2e5630cda0d0503fc9bffcdb6ca2f382cb886b6e91a,3,3,0.00014365623064804822,0.006885891780257225,3.3217227610293776e-05,0.9929372668266296
3c8cc11c64fdcc98d05f9ac96503ac3f8bd1ab62d9f417e242f430c91257e06a,2,2,3.1400781974610936e-10,2.2137776056752045e-08,1.0,5.2148980245192433e-08
3ca68b2f10b83b9c44ee45600cbc9feb7bca0372fac02f79018af128d2cea7b8,2,2,1.2377839993860107e-05,5.781033542007208e-05,0.9998719692230225,5.7858487707562745e-05
3cb03f6ef2ad8730ca0ba5a01d89fd93f69a3e9465b296f321e085bef2f3963c,2,2,3.6783467294299044e-07,7.75842181610642e-06,0.9999719858169556,1.9848928786814213e-05
3cca76dab96acccd5f9f9b5f602930f99de1bfba55e0ed565b559abb19d87b59,1,1,0.005991343874484301,0.7390382289886475,0.08257042616605759,0.17239998281002045
3ce6f8c4bec669d526b821b4ec78d574865589c95621a9e560fd7656ea28fb81,2,2,5.150126991537718e-09,5.56606920554259e-08,0.9999992847442627,5.516839678421093e-07
3ce8480083a9e1f3dd68d5700ea3ea3d6f57f2ffb388fb75650fd33b02a7ec23,0,0,0.9999468326568604,1.2511146451288369e-05,9.709729908990994e-08,4.048558184877038e-05
3ce85a6ebec274efd33e963b369fec4b75747ccfa138f4fff6272a39c05e5262,2,2,3.099769774195238e-09,2.58451784418412e-08,1.0,7.600979290423027e-10
3d405f246594ac97af792b07ae31494474fe724aaac096e5c5ce327e01dd5ed9,0,0,0.9999992847442627,1.1713799930035407e-09,2.576138191656696e-09,7.592631732222799e-07
3d65782fde5b15a4bfe12e45980940f1b29fea07e03421d2278db33491ab05a8,3,3,1.2990443565286114e-07,2.3273076294572093e-05,1.9904968340256346e-08,0.999976634979248
3d65c804d7fccc031234bf5d522351e03a741c036355c4728bbbe73fc3be4a4f,0,0,0.9978263974189758,0.00027839603717438877,0.0008751748828217387,0.001020148047246039
3d6bc844201d8093a75d2e9cb9e9e43dd1b33c8d58dbe46f60d1fcfcd7c8ef97,3,3,4.330432012977781e-09,0.00015981070464476943,6.910638727930518e-11,0.9998401403427124
3d7aaadf47f17cc75213e79d78a355cca62d1c9f6590e66d3a88613c51afc085,3,3,3.6160862748602085e-08,7.648669270565733e-05,8.876684942649149e-10,0.9999234676361084
3d7b91b87f5284dc33bcb34dea5bc501c76fd7769794641d6cba9c993581e675,3,3,1.1725362014658458e-07,2.5976221877499484e-05,1.0935489846986002e-08,0.9999738931655884
3d9002d5784bd10b5edf4aa1a5f86b97263049730ac8a4ffea775e1f85304db8,3,3,1.7502506111100047e-08,0.0012483304599300027,1.1309739811338204e-08,0.9987516403198242
3da6b9c0bdc635f2e19084ea8c7117e6057a16d92f8a4cfd86fd300f99f74a64,2,2,8.669719164799972e-09,3.3364841556249303e-07,0.9999994039535522,2.708421789066051e-07
3dafdadb577457f33f9fe10b64d1e27ef369155288cd9fab7354c600f23dbb8e,2,2,6.657476792071293e-09,6.771897886892475e-08,0.9999970197677612,2.908798705902882e-06
3db338692dbc0eceaa459b218104524b317a8cee4963f6270e7088b7b11a2033,3,3,8.585007371664233e-09,2.47349998971913e-06,2.044492353192595e-09,0.9999974966049194
3db710f523e75ede77ec6f994f14231ca5e5580fadb6c1c42ebdf1a9da8f882c,2,2,1.9757143476795136e-08,2.409696548966167e-07,0.9999991655349731,6.137217383184179e-07
3dc69ac645383d60b4f65bfa5a0f30872d459f1b6fdb8754238d5a71a467175c,0,0,0.9831249713897705,5.8973513660021126e-05,6.469090294558555e-05,0.016751402989029884
3dcbbf61c1d4fc9d577549d21654f3b517d8cfbde486319be43e67b7658648a5,2,2,1.3101063814247027e-05,1.771558163454756e-05,0.9997938275337219,0.00017532106721773744
3ddf3ee49e1cb7caa6dd6c0cc2da7e2511125c7c59d4e5c20047cbd5d142d7aa,0,0,0.9999970197677612,6.711295696959496e-08,1.0417562634756905e-07,2.745626943578827e-06
3df339c8de96b763c7405e9fe9f544ff3d46323d6cec7650cbe52a689d9ef379,2,2,1.6669876856667543e-07,3.886203558067791e-05,0.9999295473098755,3.141560227959417e-05
3e1d591c9e5f9c1e62f07b6c50ad106f94984599cf8e4db13c2dfd4c02eaeca6,3,3,3.0987412173999473e-06,0.017752589657902718,1.6964088445092784e-07,0.9822441935539246
3e25b83b81f705e3025860cf824afa79dffd8780d1b0a284ce75ccd787afdf35,0,0,1.0,3.438513918041508e-10,2.3451657282791416e-11,3.748704902051259e-09
3e3205cc377a5973e40b54f5c63d6a1962af00dfe9b81e9db3ca42060912d67c,3,3,4.965593802808144e-07,4.701206307800021e-06,2.8949747843398654e-07,0.9999945163726807
3e3443a46650ff5428154f34c0947c181896def815a269f0c09f45ffe4880ed4,2,2,8.057515071824284e-11,2.3317117125998266e-09,1.0,8.020279551601561e-09
3e40bdf4ceb05ece509239598dafe81ea49d36ad21c18ac3720d83ee08bf5471,3,3,1.7914911221161844e-10,1.4932307124126964e-07,6.182728374409807e-12,0.9999998807907104
3e4c176ce866109d5d26c593af5a66471f29d47982621333324dc985b8ef5a54,0,0,0.9915916919708252,0.0003134639118798077,6.09679844387756e-08,0.008094687014818192
3e60dcf908093513d93e27e56bc6d07fcab1b229c3cba4caff04a732b6466e27,2,2,6.419152764891578e-09,8.520219552110575e-08,0.9999996423721313,1.9343103474511736e-07
3e6a11b8b9d15fc364ad891a741933c5cfcc0fa02ec2116164a8594e5887573c,3,3,3.8741623029636685e-06,0.001902700518257916,3.080965313984052e-07,0.9980930685997009
3e7a066a95510e6db4f54eda07c10ef061ecad7f49e715fc015631349221ce0d,2,2,9.23188224533078e-07,1.899127539672918e-07,0.9999988079071045,1.77204967144462e-07
3ec1d1d91c6c2db545146d5520ecfbb121e11b1dae3db858ede26fe005629c93,3,3,1.4908234646782148e-08,0.0001613982894923538,1.517556391661401e-08,0.9998385906219482
3ec6b870e8b359c063afe68933fcb9efd8846324b5f077d3b331628286a07cf5,2,2,1.2134707461086691e-08,1.2979021413173086e-08,0.9999996423721313,3.4233883638989937e-07
3ed6795b1781d31955ed0ba26b60c014ffded6248ac12a2ae7767adc1e43d818,3,3,7.08548270722531e-07,1.2769040040438995e-05,1.4776443180153365e-08,0.9999865293502808
3edc21af50b07fd38aa902974309a7e77a72065682659cc061164f08af873b99,0,0,0.9998296499252319,1.3604742889583576e-05,5.818257164946772e-08,0.00015672102745156735
3eea177b5818bae2c1bc096e27d89d99a66a354b3e068d6466f83e20c00df52c,3,3,3.104637380513253e-10,2.1039180865045637e-05,4.0664414058255716e-09,0.9999788999557495
3f177a937b19cb22aa4bb0a5e9a76c64929e5c2af88f0b7bb7d70b22ff7f63b6,0,0,0.9999998807907104,2.05096495342616e-09,1.9954286487045003e-11,1.6986113848815876e-07
3f1c6327b6341547dd9c026e6d90829e283f7e574a3d503c7da9d957797a4b7b,2,2,5.593677087745164e-06,1.0300607755198143e-05,0.9999449253082275,3.919180380762555e-05
3f6114388c09b7bf3408ac503ee20643a1ea59d7f76938e5cfed7715a38138e5,3,3,3.7180891698795904e-09,0.0002867725561372936,3.6090284538659034e-08,0.999713122844696
3f61a9c3073b42f416d435b98826a37fc61117abe05d2880332b6375d90b64df,0,0,0.999998927116394,2.1479738876450938e-08,8.523540984128886e-09,1.074903593689669e-06
3f9e39c06de44162987d5b112578f65ee2832649b12d26fd5fd3bd71fa088f28,2,2,1.5173141321156436e-07,1.0993494470312726e-06,0.9999970197677612,1.7801081639845506e-06
3faa4d98a2c246d8be86921cbbea004e5e7797504b526e1d5b0a4656c37b4c15,1,1,1.5433784028573427e-08,0.9958987832069397,1.79190795535078e-08,0.004101247526705265
3fcbc8d56090f7860a08b000d963b24a3927174ac0d5f00f6bc48fad07d42d52,2,2,1.588706111110838e-10,6.360881266154195e-10,1.0,2.3765954537680045e-08
3fd0b448734d543f11f0ef64299d29f93c9acefed00e8e8215aa8c688a2bfab2,0,0,0.999994158744812,1.360203061295806e-08,1.4495084021959315e-09,5.834023340867134e-06
404d5def3578635ea9cd2f16909d657edf44ff97d6e0be9cbb77bb3aecc96aa6,0,0,0.9999645948410034,8.937579423218267e-07,2.6406524966660072e-08,3.461917003733106e-05
4053a1a258ebb76b0f7fb2850e7eed01a32038625d8c987dd2b53545b58ecfbd,0,0,0.9999998807907104,3.871546194744724e-09,6.035718058683415e-08,5.3162104052262293e-08
40668cb3be0a0d8325c168285c4ed88f480f6af173b7b953627a63c621f5307a,3,3,1.8134667378877367e-10,0.00031651929020881653,8.280009317074288e-11,0.9996834993362427
4090da8205ec96fc77cc431196842d3c116c3dba08314547142d2f2719740c17,0,0,0.9999996423721313,1.395690247818493e-07,7.618979225298972e-09,2.3197073062419804e-07
4096218127f29f819074e692eff71a35023deee027244f8b0f81657393c17b18,0,0,0.983970582485199,0.010198683477938175,7.117204222595319e-05,0.005759605206549168
40991ec2fed0573db7ccdbeaba5ed9e1aed732955b2e83bbc606ba3a23455848,3,3,2.4823499700232787e-08,4.311792054068064e-06,3.1860175608855457e-10,0.9999957084655762
409e73751f6505090f69bfdce8ee8c59d78093fc41cc2dccf3a2c8702ee9a180,2,2,4.413820775539534e-08,1.3872707427253772e-07,0.9999997615814209,4.372085626869193e-08
40f881325181270e34e51fb826489dcb763ace9c1e0c1db05aa2f3bedb1ae1ee,3,3,7.48884332324451e-08,4.895360325463116e-05,3.306921882995084e-07,0.999950647354126
40fb9e258370da746206e67a670487bf8f0a3c874db5de733edc63900e935af6,0,0,0.998481810092926,5.625102858175524e-06,2.8058004318154417e-05,0.0014844898832961917
4120cf5fd5a7dff263efa2782a42d4034642094d72fd322fc7d1518cb87e22cd,2,2,1.1534395660817154e-10,3.76747202324168e-08,0.9999998807907104,6.052503209730276e-08
4134c2bc0b7bb2a9bf2465c44c35e5d49e2bd806ebca81776b1345e4db6c2c54,3,3,0.20535804331302643,0.146682009100914,0.0006918372819200158,0.6472681164741516
41360e926de10b60307e2bdd989d5e370c20e363c778e2596d72eee2b4e401a2,1,1,3.0713890737388283e-06,0.9294703006744385,4.7355260335280036e-07,0.07052619010210037
4147b7f6600c4ee078a7df49dff65a0db82f83c2f15333d5139baa79fae01fb5,2,2,2.199571369487785e-08,2.0359625807486736e-07,0.9999995231628418,2.48642407996158e-07
415c6644118e42c2115bb4f1e8adc6880ff2c7e116fc2b7b4744e4f31e141ea7,0,0,0.9998728036880493,5.849660283274716e-06,1.9248371074809256e-07,0.00012106527719879523
416eaa8624ba281721eeef02b45c4bf17ba416a2f392fc7abaedda0484b6b9e5,3,3,5.174256578754921e-09,0.0006343236891552806,1.269911553691827e-08,0.9993656277656555
4181319bd71cccafae7eb1aec2a44a0313ca3331209d96a865c1416f071a3f4b,3,3,5.986020568116146e-10,0.00046195733011700213,7.877463303884724e-08,0.9995379447937012
41d1678f49ee491a9bb4165fd8bef5fbbc23f901fe92a68f5ddf651cbd9b8f07,1,1,6.641861318712472e-07,0.9842479825019836,1.1674261486405157e-06,0.015750158578157425
41d77332f432c80a48169480a1c170ee9aeb0ca16281b2da40590f39e1376b8b,2,2,7.10468739271164e-05,7.407130397041328e-06,0.9999074935913086,1.4046400792722125e-05
41ead3316d8e4528fecc7436f08df6b8916221b1ad8a7fe43510ccb8cb20b1d7,3,3,1.0141803613805678e-05,0.0008817714988254011,3.7641557355527766e-06,0.9991043210029602
42310fec072a95ebf58d436255ad88783200d89d7511b5c8fd341b100824fb8c,3,3,1.2126635056119994e-06,8.750970614812559e-09,1.478565880841387e-10,0.9999988079071045
42331c832b55c3ae27f04964be40259b1f8e13a2c43b3955431d96748fbfc0fa,3,3,9.531849753940946e-10,0.00021205631492193788,3.7547088993505895e-08,0.9997878670692444
42804003b9fa3099a72b21583464d86d0ab12f4b8895ea42d05e3a4a30a273c0,3,3,2.3184144026799913e-07,0.003538997145369649,2.690025837637222e-07,0.996460497379303
4283bfeb02511b6268792e230ecacf37a08cd0d19ca22d14c6bc975277eb5d9e,0,0,0.999994158744812,2.7699939564307385e-10,1.4375260981580595e-09,5.823528226756025e-06
428c3b153f036e01e261b795998b37d9ecab2627d22cb2b7fa8d50fae8c14b78,2,2,2.767502449430026e-09,6.414555286937684e-08,0.9999997615814209,9.639457942967056e-08
42af4adac250cd8af15cbfc0449c49d77837dc588f97d4b2ce3c0c52b3c42e03,1,1,0.0026475321501493454,0.7906148433685303,0.022960592061281204,0.18377701938152313
42b17018fa87d89f11b2cb2c3026949e9361e9832a65b9fa3b81700cdb962c48,0,0,0.9988766312599182,0.0006112409755587578,6.433064118027687e-05,0.0004478737828321755
42c0fb40b519daab52fdf9c084de74e2056aeb2fc696c0ebb2132a4adde4eb01,2,2,9.146648438651539e-10,4.143083032204231e-08,0.9999984502792358,1.5437298088727403e-06
42d3ccb9f4e3de13718ed0ec6209f2a38bcb8558237390ad64071fbb05b9b667,0,0,0.9999784231185913,1.5233814337989315e-05,1.4221660649127443e-07,6.245455551834311e-06
42dc53b0bcffc148dfed536f17e3932511ef9a821245fe7867167630852fa112,0,0,0.9998990297317505,3.5320010738359997e-06,4.704071670857957e-06,9.277586650568992e-05
42dc564f2ef874f49c858baa07a609f6758548633eb5a3c9f441563499923220,1,1,1.2346211830660536e-09,0.9987448453903198,5.305145123202237e-08,0.0012551149120554328
42dcfc0a8d2a793fad6c87b7747a11dd66ce34f5adf98036f2455187d343dc23,1,1,1.9133642581437016e-07,0.9776906371116638,1.1711096448152603e-07,0.02230900526046753
42e98a9f26f99ccd570c220c9114fd09ec0b30372b9afe1c3c914d2ee85b00b5,1,1,5.053346541217252e-08,0.929652750492096,2.8582996947079664e-07,0.0703469067811966
42fd86f5995b95f1d142bbdd8d442f1d26e7ea5dc29a3baa815050480d1fad19,2,2,1.315913351618292e-07,4.3634392454805493e-07,0.999996542930603,2.820504960254766e-06
43038b5868b66e8c3028aa01084cdc9cf7a440b91d6369ee157828485bf86617,1,1,2.3109632820705883e-05,0.9882454872131348,3.2268214908981463e-06,0.011728286743164062
430e618d31c175a070d55b8a275b905e45a75b0702c0f6c04a4cf8fa9dd68d74,0,0,0.9992536902427673,0.0002753457520157099,1.3475534615281504e-05,0.0004575651546474546
4332c581f47fea2d6a97f017cb1481f5f52c13f6eb1026b42acef4fe7dfa3ae8,3,3,0.0007716884138062596,0.0008959779515862465,5.593950845650397e-05,0.9982763528823853
43445e6bb08a0e39e2012cd0e2364a554128376e76d85949e05cc4771763f02d,0,0,0.9990102052688599,8.443597039331507e-07,3.2033991459456956e-08,0.0009889578213915229
4350be846fec732e7ae31d5c8b29ecd33736a3f1570b2c4b7d47e5eb3c883c94,3,3,3.195462738858623e-08,2.621870589791797e-05,1.0740127009967182e-08,0.9999737739562988
43658263881bdff16637e43a3cdfd17030403e16615477235d0f9842ec87a5b8,0,0,0.9998763799667358,6.643647907367267e-07,2.116551200970207e-07,0.00012267541023902595
43717865d5848d204f051f9bca0df46dfbd6ae856dac0b3792bd6fbe1550f12c,2,2,2.2409899429476354e-06,8.427577995462343e-06,0.9999539852142334,3.536484655342065e-05
438ff7078f31fc54e410ac6965b4da9b0d13f37ce0aaccc3b8d28b5865903ba5,0,0,0.9999994039535522,2.5893614363781126e-08,1.2773995194947929e-08,5.865805974281102e-07
43950b1d1d4140f97a6952112085414b648342f98a64ee888fb14cb387f62a6d,2,2,9.459214567186791e-08,2.5114826485150843e-07,0.9999994039535522,2.1827777629823686e-07
439b9e5a392a66f83e69a20f6c7cf6b876f32b263f653636c3c5f085449513da,1,1,2.2453693873103475e-06,0.9372822642326355,1.0346004728489788e-06,0.06271446496248245
43adb2dc40adc9d86ae3f3cfc0d1998f3fc19342318d9bb6ff856f5f976aeacb,2,2,1.3127006241120398e-05,2.8732770260830875e-06,0.9999219179153442,6.21005310676992e-05
43be70506c4563434df40a729c37ae2572b1e956520aab3465b0c3f6983335b7,3,3,1.600424297976133e-06,0.003734595375135541,1.1897132026206236e-06,0.9962626099586487
43d611757cb09406d7ecd6f02073d01b744d758dc1b9dc219a63c34c9980e13c,0,0,0.9999223947525024,4.908381379209459e-05,1.756291931087617e-05,1.1012480172212236e-05
43db236420fc892ebb43fed8a12ed7332d521a999b92f97de0fa5af9ee1ba5b7,3,3,3.908356234205712e-07,0.005983596667647362,2.4277131416283737e-08,0.9940159320831299
43f77a334f8d5481d28cb408b85184ee79929f774b9861aee48ab90c7bf38284,3,3,5.712423808290623e-05,0.0010199373355135322,2.1615660728002695e-07,0.9989226460456848
43fc8591da9c5d31ed50eaa955be565a0133be4fd9cd7fc0b6e03c1e7415c199,1,1,0.0003387647739145905,0.9569718837738037,5.638519724016078e-05,0.04263290762901306
442146dc8f73c14e987553e83a127626f88245d5ed6d27a718021a74aacf62e9,1,1,1.3471851616486674e-06,0.5293146371841431,9.82583330255693e-08,0.47068387269973755
444385445405ef6ffcdb400fddf42944b201d860f38afb1a55119dd0dd2c807c,1,3,0.029385430738329887,0.05172966793179512,0.00011494343198137358,0.9187700152397156
446616c9efc15278d38cd21ec9c9652e7d3f2c89cf43d473104f3da4b6ebb74c,2,2,1.1949857992021862e-07,1.0192646726636667e-07,0.9999963045120239,3.3998844628513325e-06
44759a40604954461ee1d12539e7d4eed36b86b5f2761193530aa68681e9fc79,3,3,9.525027962808963e-06,0.0034697563387453556,1.394070204696618e-05,0.9965067505836487
448d919923136e66e1be70a1442ef0018e9df9d06535875424ea9c2fcfbb4b74,2,2,5.4850775086379144e-06,2.242464006485534e-06,0.9999687671661377,2.3509977836511098e-05
448e7ec68f6da802f84b3ca351ac1708eabdf5dfea394730d83139c0b7df0119,3,3,6.164877941472469e-09,1.2901957234134898e-05,4.938973674484259e-10,0.9999871253967285
4492ca80f5e9160cfc4abfbefa22136f7bb8bb950c152c45c90ee102eda3ae04,2,2,2.1405129058127415e-10,2.615604159927898e-07,0.9999994039535522,3.124330021364585e-07
44b2372bfa2866837e42d5685b2dccbaed85ff32f48f98d475e4d0f98c8c4b0d,2,2,3.705686069110925e-08,1.0937797014776152e-06,0.9999970197677612,1.9617657471826533e-06
44d2d979a02d958b25dd943714035377a15c7a4640f82d62b732c1d916ab73b6,3,3,3.305737550363119e-07,0.0002669800305739045,1.630587109779924e-09,0.9997326731681824
44dfd6df6e68f495aa039e073a6fcaf38f16bbd2a344144e8ef290848ec26492,3,3,1.8929546286017285e-07,3.430487777222879e-05,1.0715545784023561e-08,0.9999655485153198
44e61e135f55bd9fbd1e7050dc4928731825fc014263cef684e9cbe239361879,1,1,1.943524097214322e-08,0.9997215867042542,5.09585925101419e-06,0.0002732986176852137
44edd89c99e07dab5044aff773c7593bd22f48302b61cd5d637e8bf76fed0bb7,3,3,0.009835720993578434,0.0006557896849699318,1.6465683074784465e-06,0.9895069003105164
44f8606bd102f6c32af9d9f3f3e8353170f4b1ba0aa82bdc072d894360b3a01b,2,2,7.431784752043313e-07,2.010637217608746e-06,0.9999865293502808,1.0717033546825405e-05
44faac00788d8e33b76da32ab0e905bdf21d4baf83c585575fa207fcebc6b721,0,0,0.9999700784683228,1.1326806088618468e-05,1.6472524748678552e-06,1.687169242359232e-05
4510a1ebae66b0954c465b73449d62b010f1d1d26d76bb117c5ac33281ac1976,1,1,3.852337249554694e-05,0.8628378510475159,2.134722308255732e-05,0.1371021568775177
451d887c747b611795f7227a55bc519449930a54274a39d0f02d48eb9a8d1738,3,3,1.35607436391183e-07,0.0005970032070763409,1.1587016679470707e-08,0.9994028806686401
4528e9e23cb232a8e04d6ab906c44199c9ae1a6658e260ac0f9974ee4cbf18d8,0,0,0.9999613761901855,4.690782134275651e-06,8.973412235491196e-09,3.39255784638226e-05
453cae50e0ae836c15447d515c7f6e2350a80aa0a16895d608f6fc0cba879b63,2,2,9.691846969417384e-08,6.912879939591221e-07,0.9999973773956299,1.7864898609332158e-06
4580d7d2bc78782788c15d21a8960229dabe133dee71b6c9d07030132dd8f2cb,0,0,0.9999901056289673,5.550436412704585e-07,4.580300867473852e-07,8.787470505922101e-06
45cbae1bd96eb883ab359ba6ba338059c8be7b062cfe30aab471c0b6a1e4dd69,1,1,2.627156492351901e-09,0.9671710133552551,2.134096988015699e-08,0.0328289270401001
45ce4f4500a380a0dfb25f573f8616ab224a049845ac0954eb9e6d75665c6f1e,2,2,3.663921597762965e-05,6.43192179268226e-05,0.9994044303894043,0.0004946044064126909
45eb834ec09cc4c1e9eb42f7696257676e4b3050bc74e1751564d2e5cb8fe109,2,2,3.219056736725179e-07,1.5805597286089323e-05,0.9999768733978271,7.071309482853394e-06
4603a03501b23d87610f5a2f651d7a3ee1540d2bd16ea1bfe1f612e9195e9eea,3,3,2.4719044589005534e-08,5.0381979235680774e-05,1.192409968098218e-06,0.9999483823776245
46053b32f9a85c46c54f1d18c57688b5b28896891a993e898b8faa87128d64f8,3,3,1.8661445722045755e-07,3.979936991527211e-06,2.0862298555357484e-08,0.9999958276748657
460f30a666c3051947c13e0468d79810a2feb8ab9c9e7530030ff72b7d477d89,3,1,9.297523462237223e-08,0.816863477230072,2.487952997398679e-06,0.18313387036323547
461bd524f0f050d499500dadbfefdbdb15dfaf00d99a2704e099c364369e00f5,0,0,0.9999643564224243,1.896949834190309e-05,2.421524527562724e-07,1.6507603504578583e-05
463a9887d807564470b25584bca6bcc514103c89349b733a27ff395bf5ae13c3,1,1,4.270998488209443e-08,0.932341456413269,1.6093405008632544e-07,0.06765846908092499
464dc66e008a1e1f459bb93da4156b8d1862c455fdbd6491f8325301a8ae643c,2,2,8.328826517356447e-09,1.0347032457502792e-06,0.999995231628418,3.7445583984663244e-06
466c2ece7d0a8fb378b54065dc95360fd0d0875bfeb9942078141c736c758c94,3,3,0.010019450448453426,0.0010111539158970118,1.7613356249057688e-05,0.9889517426490784
46881807a044fb7feb7f781add5f802118ca43a8821eb49e47e2005ec3378eb2,1,1,8.48723473723112e-08,0.9996780157089233,5.550726314140775e-07,0.000321327883284539
46a4c0d242d209a937066eb5d4e9db64c044476398518a547d4ad9c7bbb2ef7a,3,3,1.134225294663338e-05,3.9045462472131476e-05,5.472693374031223e-07,0.9999490976333618
46af5f4c44027f8f1bb6aa13be0e24c89ed08a2f9b12573b068d4e2f52ef5ccb,1,1,5.93939617488104e-08,0.9989620447158813,7.1683761149188285e-09,0.001037958892993629
46c3421398cfe527d09d4535f5fd4df9fca47aae47d106706c979a2b5b43955b,2,2,1.905632842635896e-07,1.3727028999710456e-05,0.9999555349349976,3.051384919672273e-05
46ca7a093812c6de1b133f88db3ae565a4be0afcbce33f343d5617d427ff749c,1,1,8.095505377170298e-10,0.9993038177490234,5.956269077955767e-08,0.0006961347535252571
46d077515423633990f511fb3d896f736e846453fb183ff82f8a7633c3382efb,2,2,2.2246270603432095e-08,8.680606811140024e-07,0.9999984502792358,6.824099045843468e-07
46d0a9000d0b7ee948aba0f5d8182e3d1b39b022a699d84bb3d5094bf88641fb,1,1,4.7834378165134694e-06,0.9951660633087158,1.608316665624443e-06,0.004827592056244612
46eeda224025e12459576dcd5dc077470158d219b6d505f6a10624bdbf952b2d,2,2,9.992000826741787e-08,1.1957222341152374e-06,0.9999967813491821,1.8760722468869062e-06
46eeef4283988de418425954a0f06ab64d5fa0b46ec634dfb6c8b4afdabdc658,2,2,2.428698167022958e-07,1.1326358162477845e-07,0.9999992847442627,3.265273278429959e-07
471c36be0ce0b3ce0b459d8d96164047963e0350dd6ddb6ca5f0e5a56487f9bb,2,2,3.165933293303169e-09,1.2073117616751006e-08,1.0,3.590198716096893e-08
4726694dff61f81140b5f9a09ba883e367708494855601c24d59d2b50b824b46,2,2,3.253141922510139e-10,6.893795045925799e-08,0.9999998807907104,4.071697645713357e-08
472f7efec257acaf1dbfcdc0399e2074015accccd2473856089cd1e31fa07465,0,0,0.9999978542327881,6.561976562124983e-08,2.700201093830401e-07,1.8260972183270496e-06
473e8bd5129ffa715d18afef4786ca20d74f74fea1950cf0717d13a176cd3a5e,0,0,0.9999128580093384,2.6883697046287125e-06,2.343922278669197e-05,6.0936141380807385e-05
4747f0ac44e95197d33595aa667c2aaf753d192f90c22212b58756aad956adaa,0,0,0.9943497776985168,0.0002460374962538481,3.2889917633838195e-07,0.0054038530215620995
474a6daaa46094112f88420684136433964a35b61d6922a64f88336ba7a73b1a,0,0,1.0,4.750949633702817e-10,2.3504634003024272e-11,1.8881840535556194e-09
4757a657f500bcee7507f6deb5f5f4f0e9403a1bc133bac8a4a0ead97376ec3f,3,3,1.2040403341018191e-08,5.070203042123467e-05,5.204394137869883e-10,0.9999493360519409
476b69fbd1ba592a032a8a00447513c7a4f463a4a7d41427bc09aeb1e874c655,0,0,0.998379111289978,2.927822970377747e-05,1.5504393786613946e-06,0.0015901039587333798
4790713869ece61c5f9d0c348d989374d208bd3868c72f35caf596eeea5828f5,2,2,2.234962354075165e-10,2.463118562445743e-07,0.9999997615814209,9.461413874589653e-09
47b303a09c3a3aa923ccfecc2f5ee4fa28e705f1292dc5a67d21b7990e6d8d75,1,1,0.0010094853350892663,0.5417159795761108,0.00010780666343634948,0.4571668207645416
47cf7af19550f4fa1afc57125aab3267165d241d77fa4ff62bae11201f044615,0,0,0.9999992847442627,2.322744840910218e-08,1.745799754759858e-10,7.64331957725517e-07
47e1d8545319e2fe698b9371e6743050cebbed1a24a0242971d5fdd17b53fa15,3,3,7.973797266913607e-08,0.0003118614258710295,5.88566399528645e-06,0.9996821880340576
47f237571ba5da1be0d5cb72e3c95a7a0a7bcd3d15f8a3120b7c6401be6d274d,0,0,0.9999948740005493,2.8070695989868e-08,2.7692063753192997e-08,5.092422725283541e-06
47f623659918f06f1dcd14aa7f7c68d2fceaf3eca5659ab09da043cb7df6f56f,2,2,1.0584381016087718e-06,8.903864909370895e-06,0.9999765157699585,1.3483713701134548e-05
47f9d65f251030587958bccdc3297918c8562b346c91dc47cf56dd0b81363174,2,2,1.225308188246288e-10,8.18339174202265e-10,1.0,1.1246933939723647e-10
48027b5a1e21e794066705aae946612a6be967b808e277c253a2961e738f8677,2,2,8.119530434669286e-07,2.5002043457789114e-06,0.9999812841415405,1.537496609671507e-05
4831f7aea053218a78da77cd5a1f0abf53a75b1e16f6e836aaa9f4ba0de0ea13,2,2,1.0809734476424637e-06,1.517848318144388e-06,0.9997991919517517,0.00019824512128252536
4872743072f74dbfbddf17bdc6d2f2e2cb1d06039025eb2f4abc4770c7598578,2,2,2.1055902834632434e-06,7.388403901131824e-06,0.9999624490737915,2.8008886147290468e-05
487597d20d0ed1f05aceec7ba3b098c7ae4eb2eac93fe584f05a873b827cf879,3,3,1.8429516785545275e-05,0.00020844869141001254,3.825495298315218e-08,0.9997730851173401
487df8ab75ab00c7aecb7cce0fe1781b69e01d0a0a1214818b696e0ba52897b6,2,2,2.403768121439498e-05,5.7284323702333495e-05,0.9997932314872742,0.00012553461419884115
4886cdb9748f995d8713a6f50a58444a81b744b5d4ee0c9122cfc989ebd75c88,0,0,0.9999997615814209,4.616935811441181e-08,7.220686826236999e-10,1.940787086596174e-07
48bb97ef6abca3c18ec1bd788ac5c8b68d6166cc58f218da394b81387b823097,3,3,7.887486219715356e-08,4.952035396854626e-06,8.310464316707566e-09,0.9999949932098389
48d7916dcb6b9a61f5ff4d8933fe65fbd9104c91dfde4994d2ac8a993505bca5,1,1,1.6249761756625958e-05,0.9701886177062988,2.9773591450066306e-06,0.029792072251439095
48e4efc7c6d20dc6b3be52820f5075e9d3d865d9d280ad6d3d544b8c91deeff7,3,3,9.03418481357221e-07,9.036077244672924e-06,5.193197694097762e-07,0.9999895095825195
48ee0d606691cd9d70b38014158dea64cb006890116e0b1a3aeaeed44142034f,2,2,0.00012963087647221982,4.134053142479388e-06,0.9997419714927673,0.00012426810280885547
48f4486f0d9061d34ee804e4d49b263e1fadbde7893651948f0f41be8a206569,1,1,6.410216801810975e-11,0.9998779296875,8.493069025838906e-10,0.00012208003317937255
48fdb3c6ebebc278af33eab97492c0f3317d1073b0c06701d8e65f285ded250e,0,0,0.9993860721588135,2.2330566480377456e-06,4.713443146897589e-08,0.0006116075091995299
490ddcc93f213b1c8c2797581298bc4579fb4c48676f4f309636473b72ae9e26,0,0,0.999991774559021,4.944452598465432e-07,1.7150990743175498e-06,6.0498114180518314e-06
494772b686b0549cb9e96b470d7c77ea0f4b11a61bfe3f0eb6645d6d4774c61d,3,3,0.0011814485769718885,0.0006722695543430746,0.0002455051871947944,0.9979007244110107
4967056488dd48a5088376cddcb1fb6d5c869fd737695cc51773432c7e5a22d9,0,0,0.9410404562950134,0.018035609275102615,0.00017531657067593187,0.04074849933385849
497241e4bd65d77d22de2e324e17231fdb0c40040e4aa7791d38533e5010eb40,1,1,1.9256276573287323e-07,0.9996511936187744,9.881252935883822e-07,0.0003476646088529378
499718bbd49e831a3ebbd162b5df8d7ac7adf9ed2ba87c776bb400aa76853a07,0,0,0.9964689016342163,0.00025732142967171967,4.0096445445669815e-05,0.0032337065786123276
49999a258c0757fc5fc16d1df1a47bd226e24f0c5b9a9c28485efdff0ac428de,0,0,0.9999659061431885,6.684164418402361e-06,1.5782837863298482e-06,2.5879062377498485e-05
49b9ec96792e84a50aaae7f61a55b976726cdd54a2ddd989eb4233773954997c,0,0,0.9999998807907104,3.389101665973726e-09,8.787885696914799e-11,8.978658883052049e-08
49e6fe79a97dc5416e9b9a352ca9171e1c654d69343ac0845a81fc0fd388ef5c,2,2,1.6464754559741834e-10,1.3470610182864107e-09,1.0,5.893132648537858e-09
49e9192b9997ba2b5cbe8e4b507f50c2d01d3f7d832a6d9c2e28d49e9bf44a3e,2,2,9.5487950879658e-10,7.324339179604067e-08,0.9999998807907104,2.354662065329194e-08
49f0f7fa2c8f673dde226bf8d3a19a36d1914f0b434c613b824abf8f408d0f28,3,3,1.055061943588953e-06,0.005341078620404005,7.128894452534951e-08,0.9946578145027161
4a08df9923042fbb74b773b7c0eba502a6a8d21aba44fc9de4458df3bdd224f1,2,2,2.543840764701599e-07,6.222970139191375e-09,0.9999990463256836,6.882414709252771e-07
4a48929339220fdaf75190643955f7e93d6cac3e34d5c6618dc3d44072cc4d5a,2,2,1.2726189546619082e-10,7.860188588892925e-07,0.999998927116394,2.756030141881638e-07
4a4e59a8d8f9c7eb0c551976b53dbe5f3fe2946398c8dc361aa7e864fd7f5615,3,3,2.3590088105152063e-08,1.5452629668288864e-05,6.483582115635045e-09,0.9999845027923584
4a5450b04cdfc91d3afd7d571a072ec474e065654f3202ad888ad0a2a9d2c84e,3,3,1.2176859343071555e-07,0.00023050296294968575,3.081150978800906e-08,0.999769389629364
4a5f8c3fc03d2161a7de7ee3046e089e11286bf68f1f4c631e98a2f42a8b40cc,2,2,1.5163703626086544e-10,3.128379222339106e-10,1.0,1.1084157591767507e-08
4a873b37cbff92f974ba5ca4f1192006c3b60eef1d8a5c9bc35856755d766118,1,1,8.423012332059443e-05,0.8297948837280273,6.999698234722018e-05,0.17005082964897156
4a94729561c4072cc20bd5eefb523d094297cfede4662ef6cc4b4d0a0c0f6902,3,0,0.45458903908729553,0.2770203649997711,0.00029559264658018947,0.26809489727020264
4a95412b89e045ff3bc8d3fc3772d114c5d1189c40e4235ba24fe371c7b0cc36,2,2,1.4535943282378838e-10,1.4352257160510362e-08,1.0,1.6544603909096622e-08
4aa03a1e8cdae29d85205e54c22d166acb0c22c124f9a73e68a1451e5a2e9cb9,0,0,0.9721421599388123,2.7921323635382578e-05,2.02651117433561e-05,0.027809619903564453
4ac511971e7bced627f939add4b64b6358b9e5fd0b93ca9c03710262d40f3a9a,0,0,0.9999998807907104,8.059685141503792e-10,4.5098834389190046e-11,1.5013269205610413e-07
4aff6be351513dd3c107d6e96478d9e659ff0772c6fe12c7f93aa7cd8084756f,2,2,1.0312379422616758e-10,5.212054361436458e-07,0.9999995231628418,4.817051291183816e-08
4b05270a76c6e3b4fda7237a8846870c27c9b8867b0f2fc19efbc00163f8044f,2,2,4.010688670064155e-09,3.3377510533227905e-08,1.0,3.946236759588828e-08
4b1213cdacaf8bd645870b9551dcd00f8e85c902387921df36f2dcb88ba483e5,0,0,0.9998871088027954,5.9304315072949976e-05,7.462460871465737e-06,4.596136568579823e-05
4b9dbb1d8e0d7777b41e140216433ad1825f837b3391b8ad381dd88c82a24709,0,0,0.9931691884994507,0.004083451349288225,8.871960017131642e-05,0.0026587089523673058
4ba32f0286979301bb87382e5c3e344b30829830b36187e488d6cdaaef58c282,0,0,0.9999982118606567,3.1351085283404245e-08,3.145722615727209e-08,1.7827605915954337e-06
4bbbe7bcb1b2da1207f167c3781378541cdfab4adf26a7b7a14fd380845e4f76,0,0,1.0,2.9927951228359007e-09,1.189453691097242e-08,5.7300017175521134e-08
4bc7ae37dad96c0464d201c073a2d148e52a1a9aa9b2f943819d97fadeaa4124,0,0,0.999997615814209,1.688313377989914e-09,1.5769945072019453e-10,2.4149599084921647e-06
4bc8ab418f3f804e5b8678e431b4749c80fc3b254d1619862ba989a0f59b7e82,2,2,4.494006500266323e-09,8.39840026856109e-07,0.9999988079071045,3.9816021057959006e-07
4bc98c9c7fb1096bb14fdb729d7fcf5a8b539078ab8ebc556aa8dae1df29aa47,0,0,0.9966026544570923,7.169805485318648e-06,7.84742042014841e-06,0.0033823885023593903
4bcd8eebdaf9361dc3d399bd19f23cf256e1865572f5c618bb4b2d261ef7f685,0,0,0.9999985694885254,8.022857400646899e-08,1.823250812549304e-07,1.042570374920615e-06
4bf156115b49329d1374ecde37595c9b323ddbdfc64bc7697b6bafe30d2cc0f5,1,1,5.196729158107871e-10,0.9999974966049194,3.469278420098476e-09,2.5039339561772067e-06
4c1f77a437e9be32a4dd63403d214defe56d9363e43d5c4421997a64d88d7652,2,2,6.443854783100278e-09,5.486540288757169e-08,0.9999990463256836,7.987534331732604e-07
4c21d10ff5e6494f3a4ca1e50db964f09d236537e7f660f43e856f69e9d449aa,3,3,4.326690032030456e-06,0.0016090420540422201,2.53920120485418e-06,0.9983841180801392
4c5e49fd3f7800aaaa02f4fec7c094f25685346179d60158169a0f03da53d0e6,0,0,0.9999985694885254,1.4366952427735669e-07,7.09949858901382e-08,1.1913410844499595e-06
4c7b6d712912cf71fe7068cd84d4378442321cf52ddca158b6e39ccb5f351a26,0,0,0.9994947910308838,0.00013407845108304173,0.00017533867503516376,0.00019572813471313566
4c928df7efb5c45755a38e40148dfd86fba4369119bc09543bf6f13222369c94,1,1,8.657528269395698e-06,0.9839692115783691,1.522938362086279e-07,0.016022060066461563
4cb14b15a269bbcfa4296d757e4c7da99513c312cdff2a610c6075026164bebe,1,1,2.931100362424388e-10,0.9967027306556702,4.3949009409516293e-07,0.0032968507148325443
4cc427622adb08a4ee048fc163357cddae10992143573a5f9442a8ca6efe4851,1,1,8.400537154784615e-09,0.989840567111969,2.2430164392517327e-08,0.010159390978515148
4cda360f187f987d638417abf8d93941bfe4b2d2848d3d277a14c9e3b664396b,1,1,2.8038018129450393e-08,0.9976503252983093,6.432881605178409e-08,0.002349612768739462
4cdb39db934958691869d248cc4aabc51c996a5ccef6b033ae85d5c6916d0516,3,3,1.5324485502787866e-06,0.038642916828393936,1.0657969369276543e-06,0.9613544940948486
4ce6f3493212f59ce90ee35814f2705790c02829135ec0aa955673b60b6969d6,3,3,0.0005604074103757739,0.0036069017369300127,5.865576895303093e-06,0.995826780796051
4d125201d5f47f49fe57b32ff0ad954ad73d4ddb15ad95347e25e309798daa99,0,0,0.9997022747993469,5.452803452499211e-05,1.2794745998689905e-05,0.0002303193905390799
4d1b99e251bfbbb36e6ef0ac270f49eb42d4f09bf91b0727f448b333ac4a93a6,1,1,2.2357933460170898e-07,0.9879933595657349,1.6768995010352228e-06,0.012004806660115719
4d558513b789a4bf42500e3e10b04c930e72abaccef1e4fd7ef60eb246269d91,0,0,0.9955528378486633,0.004122421611100435,1.7019103324855678e-05,0.00030771613819524646
4d67c6dd2ea2fa92beaa8b78424b8f1d8bcd106e8b23cc30e0f64c2cb3d41a60,3,3,1.183388212666614e-05,0.00013354726252146065,2.7520871299202554e-05,0.9998270869255066
4d766c0696b15a7079aa56ba4e3323c0fbbcad9d0e812d364841de6ddcae7c3a,3,3,1.0113763160291e-09,1.575013584442786e-06,2.7019411152906514e-09,0.9999984502792358
4d7a714f3662b08183be419eec36e99d70b6114d58878d3506eebc6c25fb79c9,0,0,0.9990060925483704,0.00020514697826001793,0.00020151780336163938,0.0005872948677279055
4d92e81d6567c64dc59106150093036aaa4240af028af7fa35c7335d58f5ee72,0,0,1.0,4.0773670550997565e-10,6.656731832421769e-10,5.004072534120496e-08
4da7e6bbcad2b596bc1f97f0ea7ca3a3eaf34153d15af89ab7e15717dd5ecaa3,0,0,0.9992091059684753,0.0002502282150089741,9.323151607532054e-05,0.0004473860317375511
4dd36978209219cce48fa8820b3fd8973c761a4a0d9ce35dfd7a0a4268045933,0,0,0.9999696016311646,9.510287100056303e-07,2.728732033574488e-05,2.1607208964269375e-06
4df8a1823e0431f9750c60d97a5b648d87cc8af26867d568923dfdfa5dde31cd,3,3,9.623483521181697e-08,0.042346421629190445,1.4036284312624048e-07,0.957653284072876
4dffe082b39d5e482740bc59f47a7f514f452dbb264cffe96e7273f387b76d4c,0,0,0.999968409538269,4.2567785385472234e-06,1.4322892639029305e-05,1.2994588360015769e-05
4e17c23a89407da737509003b02cdd77ab7b527f54e02d121fe5b21bc78481ef,0,0,0.9996053576469421,9.33359406189993e-05,0.00021752352768089622,8.3927036030218e-05
4e1f2c90d6590c163fbd8183c57c7413bf3b128f8cfa6810d822f0011e69d14a,0,0,0.9996083378791809,2.302678581145301e-08,2.4726987124523703e-09,0.00039164393092505634
4e42276136a76d72d9439aed4d82fb353e5c53e1bc3e018693e74b569a555e89,3,3,6.189877499451768e-10,2.620353188831359e-05,1.593284615353241e-08,0.9999737739562988
4e465fb16882b550418ba8ae95331a3d13dafbe64312b6062cfe1b68a48b19f6,3,3,6.451348610880814e-08,0.0002486773009877652,1.084500933501431e-09,0.9997512698173523
4e50c7bb41bff52143cef2e9a1b1cd38cc561a036bb07c50d5f1903f070bc109,2,2,4.5577976948152354e-07,6.051241598470369e-06,0.9999897480010986,3.6975013699702686e-06
4e6d50d5fc02080229f68dc7c3d133f464264ad18b315c9e3e3a5b18a24bdf4f,0,0,0.9999902248382568,1.501187171015772e-06,2.1033076791354688e-07,7.943090167827904e-06
4eac50e0cbc28a555dce060418824753d5bcf2e4d36ee769ae35bab154a7c313,0,0,0.9999881982803345,8.70488236159872e-07,1.2748131439366261e-07,1.085606618289603e-05
4ec17126d3f751e93349d8a7a38a33fa11a3382e19cad6dd7eeaa1237053a901,0,0,0.9973342418670654,0.00023586499446537346,2.1141802790225483e-05,0.0024087761994451284
4ee7de1f98f5ecbffbc327139bf43e5a0f49cb64ed73e446c6082cae614917d6,1,3,0.0008484749705530703,0.48819172382354736,3.478627695585601e-05,0.5109249949455261
4f135326c0ef1ca26f441a45dc476b3d7fefdf464f403c75c556346abdecc438,3,3,1.6283160221064463e-05,0.02201579511165619,8.647954018670134e-06,0.9779592752456665
4f14f6bb8186e02cb79d6ea219a9ccbb0c8b189431725adbbc39911520712bfc,2,2,5.589387286342173e-10,1.4746255327935387e-09,1.0,1.2206102795175866e-10
4f276e7f37e838c6d90caca9fc6f8239724a43ca18ba89868e38798643899fb3,3,3,0.0003880644217133522,0.0018613499123603106,7.615734034516208e-07,0.9977498650550842
4f2ba23f05f28fb774f327ee3d57d8101587ee3251f1142fcae7d5aa1197a1f3,2,2,5.006780412486478e-08,1.264043163473616e-07,0.9999992847442627,5.392373623180902e-07
4f2fe4ccafd0caa5396496fbd8a110d32777a2e445e442c5f9d0211a829efea8,0,0,0.9999977350234985,3.0094975045358296e-07,9.251777122187832e-10,1.8716011709329905e-06
4f61ab073add207c660af2f7bd15aef6ff28bd208f9665c394d6b6bf535a2dfb,0,0,0.9999991655349731,3.5935610753767833e-07,1.534589566531963e-09,5.137641778674151e-07
4fbcb5158227d2e9d4a126dda2aaab736805c545a45f0be7617ca88709394907,3,3,0.00021543735056184232,0.0008252790430560708,5.1451734179863706e-05,0.9989078044891357
4fd65de14b28c696822a80fcd3f1df0194bdb06f14873d290d7114ede42245d8,3,3,2.953917828563135e-06,0.00794978253543377,7.687316951887624e-07,0.9920464754104614
5002260c8a13eb90aa598bd8878c4e66fce575f70392cb0fa89d5776a5560884,2,2,1.9488981539694805e-09,6.349886727541332e-10,1.0,1.2043189778765395e-09
50382a0b827c9d12a697f483694dda42c100586f17f838ce25c8d3b202dbdc7a,2,2,5.985450570733519e-07,7.322992132685613e-06,0.9999847412109375,7.442981768690515e-06
503c952b68aa91ad570a6f2bffc93eca6884df87f543be22f3fdfd9cfa0462e2,2,2,8.452663569080698e-11,1.2793356374274367e-09,1.0,2.9637407195082233e-08
505447981a31ab07ebb2098c09bb5aef673d1e4e7a62db9d767651b1473fd37d,2,2,2.391682185631794e-09,4.566044431442151e-09,0.9999998807907104,1.3355102623791026e-07
50732ab483daf4786eb55784dbb5598f5e926d0e50a67a35d84326c55144aaa4,3,3,0.00018958313739858568,0.0393739752471447,1.8566909147921251e-06,0.96043461561203
5096ee742bac6402e49a186ae84cb48354be4e089a9bd30364727bf952c2e8a0,0,0,0.965035080909729,0.0010672722710296512,4.8774709284771234e-05,0.03384885564446449
50aa79c74ba1cd40a1b847790718cc267f8580603f1bc9d0e00d029649d8e1e8,3,3,1.000708834908437e-05,0.0023553359787911177,2.9093750981701305e-06,0.9976316690444946
50ab29a441d0fe89f7202ed87ce4350f50ad3804b8dd8b4a363b9f7eec7ff2da,2,2,1.3886320630263072e-05,3.1159163427219028e-06,0.999920129776001,6.281494279392064e-05
50b58dca5aacc817fa3c09c57da4a7029037962ddab37b8aa9101236aedd218e,3,3,7.42707356948813e-07,1.3674066394742113e-05,5.1788813237862996e-08,0.9999855756759644
50bb80a051b20b7937cb177daf4e5147e62be248b07fdccf25f0d2fb768ef920,1,1,2.598088758531958e-05,0.9865368604660034,5.0917762564495206e-05,0.013386213220655918
50c0fb987779c78fd47f1d6068825ea46816300d9bd6dd43ad346cf88774e07e,2,2,3.5488795901983394e-08,2.1041441868874244e-06,0.9999886751174927,9.186564057017677e-06
50c9aa04a1600e02ba52e205769933f8e23794d71f9d254b3a41acde4e8e77bf,1,3,0.01449583750218153,0.367459237575531,0.0010763606987893581,0.61696857213974
50ca7cfed851d8f3f8ad3597ed054ad3d7c24229273a209b944a6c0f17233628,3,3,1.8311149005967309e-06,9.156583109870553e-05,4.3254715365037555e-08,0.9999065399169922
50e899b5e22a3ed1c30a71734842679df3aac3b2621bf242ef9de146d5a8e99f,1,1,4.876498678640928e-06,0.9996899366378784,3.3544381494721165e-07,0.00030482959118671715
50f3c4c9c0b48bb8f22af3c8ec850902af864a45a50bec1bbcbb8a8a5a9398ae,3,3,9.309038091487309e-07,5.737900937674567e-05,2.6102064509814227e-08,0.9999417066574097
50f41d815206672548007af5e8361803e2ae811779ba409173cdad660b9ca106,0,0,1.0,2.9435258674936904e-09,1.638766633504929e-08,6.9337753316744966e-09
50f608f162beffa7ca8b71f80c487c109b2133f2718888c4ee37b47c44ba53e5,0,0,0.9999948740005493,1.1382535376469605e-06,1.5248970086645386e-08,3.9144879337982275e-06
5108c0d104940d1c8ce6d08d537fb81d39cb67bd62630abd2561bf293c8db0be,2,2,1.7330388857317303e-07,1.6373600431052182e-07,0.9999914169311523,8.218939910875633e-06
511ff500a858b2a8ccf8182ac143962fff062312166aba4a2191f077041fd212,0,0,0.999870777130127,3.2684270991012454e-05,6.344669964164495e-05,3.31249029841274e-05
5131fd12daadeba217b9d9a2f5c2eb1a037147282cc685605025850c94b0e805,2,2,1.5275471998421608e-09,5.4144271288691925e-09,1.0,5.170378969410194e-08
51726ee9b751bf6f90b7e44f518770526b47c7b86f8861c734f15f159a9b4433,2,2,1.2861518516871229e-09,6.540946628774691e-08,0.9999998807907104,5.797677360419584e-08
518d94c34572b0b11600f6c7aab2ebe41c4e6ca3fef7984c434ef5a49025c675,0,0,0.9998934268951416,4.7887318942230195e-05,2.006803612175645e-07,5.841026359121315e-05
519087152f5710a468a0781f07bb9d5a2812059904b90c0475c27cedf7c8cf43,3,3,2.7397625501635048e-08,0.0057414621114730835,2.850841553936334e-07,0.9942581653594971
51a5706890836439e3b1eed6d53757d682dcef6a8cb3ccbccf6d459d3c2b990d,0,0,0.9997859597206116,2.3285886641133402e-07,1.7787388628676126e-07,0.00021369299793150276
51ab12dde09d493786ab6730df27d91de1706c45ab34cca24c9bbac18604f62c,3,3,1.961154157470446e-05,2.8023987397318706e-06,9.325226812961773e-08,0.9999774694442749
51bd45d95797755e4c9a77f3f608a9889d96b08963ba8e9f688d36e03f3a62dd,2,2,7.992392170308449e-08,8.548474283998075e-08,0.9999991655349731,6.721382419527799e-07
51c8063bbfdfa227fd7aa76767244511572e2de9e90ba2739eae93f16bc3f317,3,3,2.184092373624935e-08,1.4695019672217313e-05,3.054479407182953e-07,0.9999849796295166
51da42c3349de94b26f048dfb38101630c7d50f8c00d4bb01fd465e5033cc555,0,0,0.9999881982803345,5.850273510077386e-08,2.5814129500645322e-08,1.1784542039094958e-05
5209352fdfc35c6c48366ef7f01ae9e46120dec81e6ae0fa91860472dc4280a2,0,0,0.9999836683273315,5.995985361550993e-07,5.642793325932871e-07,1.5080182492965832e-05
520fd8173ffaff3df90f14ecaeddce864c894962c7ad40f48638ef0c5003acef,0,0,0.9999985694885254,5.5579604918420955e-08,1.0345453382853975e-09,1.4812006838837988e-06
52263928b4780f006e34173c4b40e47941ca09149bf6e8a16cca24e25da17dfc,2,2,3.195777864561933e-08,2.818777147695073e-06,0.9999960660934448,1.052709649229655e-06
523fddcb1f213a8f89bae35d56808e804b82d7121dd48f4f2d156dc680d04602,2,2,1.4641256207426068e-08,7.974799842713765e-08,0.9999966621398926,3.1667309485783335e-06
525014704b02059d7209d70c3b7fb2e24742e2724f6271699afb24218c4ef21d,0,0,0.9999984502792358,5.739465436249702e-08,5.501651116901485e-07,9.414804935659049e-07
5257395e12de18240d077db0862ffb469b1107f148bb53e3911c8055bd68ee3b,3,3,0.0017668226500973105,0.007189011666923761,9.275608135794755e-06,0.9910349249839783
526a71428d57514240e895849a9e2404a7934da6738165e5793e2632eec5e5a8,3,3,0.003588905557990074,0.01337143313139677,3.0175156098266598e-06,0.9830366969108582
527b4b39ec6c9bb66f8bce2c864ef0adf612e716ee41ed0457db6f980909e4ec,2,2,2.634856777206096e-09,1.0128122340802292e-08,0.9999995231628418,4.957461214871728e-07
5298b1744fbedf856156e83a491d94ac2321fee3d2776ce92b5f5e9fd6b88a04,3,3,0.00016486305685248226,0.0012025951873511076,1.8798069504555315e-05,0.998613715171814
52a8bc47bc8264f16be3016c34630768c3f5d4a49845255e460d233b86938c75,3,3,1.0745831779956916e-08,1.599675124452915e-05,8.961881903246649e-09,0.9999840259552002
52be1bd1d48e8340651502a7247f4ef0126ad23e773c55b7eb6f5f1e5dc9d90e,2,2,4.3132328264583464e-10,1.7939211005568723e-08,1.0,4.817748866514648e-09
52c72825b503c8da99bdb0ba449e81cd6d129eae950c21737b44b687ee66548e,0,0,0.9999847412109375,3.78141180590319e-07,8.55424275414407e-07,1.4092867786530405e-05
52e6522df889016c7f4f1bcb6aae3773c0fd9c9cb39599768350e4a92ecfc612,1,1,4.85186944843008e-07,0.9902961850166321,1.4307906326394004e-07,0.009703214280307293
53155b9a5676f47e53117b1de5fb51ddb6e16ca5a54caec40c8e0fac23ad1ef7,1,1,0.00013463161303661764,0.6703863739967346,0.0014701596228405833,0.32800883054733276
53454114b9223782d054a8191e42da1fda85bd9f750a596a82b90ba749276020,0,0,0.9999996423721313,2.5370028300386593e-09,3.8327568896434627e-10,3.328599973428936e-07
535c090cfdebd78bc8a1bfe9d174b7e9581c5ff83af4b165e182e28448729b9c,0,0,0.9999475479125977,1.5312651157728396e-05,3.2690211810404435e-05,4.54284054285381e-06
536bd7c04f471ed5c4dfb5591027d3732a0326f229875a1772917d613daff437,3,3,0.00014762602222617716,0.00017027044668793678,0.0002779600617941469,0.9994041919708252
536fe17524790effb3e866c734666288f114e2d0730919953460cc4399911ceb,3,3,3.78278928110376e-05,0.0014570460189133883,5.26721350979642e-06,0.998499870300293
53733ddd972dc1d785f250875536cace4e97a36f9aed1889f763c004afe26f81,2,2,1.576306907224989e-08,7.135913193678789e-08,0.9999991655349731,7.656356615370896e-07
5397ce27f445482018c65dae2ec851849b8f175a9ab485452500b14b340f2597,0,0,0.9990046620368958,0.0005584591999650002,3.420360735617578e-05,0.00040270655881613493
53ba2bc5a66e7bca10f99b1ef932de4b71c2798e3d6ee29a43263f077ef8bae0,0,0,0.9999977350234985,1.7571638366575826e-08,1.6223629106804083e-09,2.263277110614581e-06
53d9e23cd1b27ba475e9b9dd09b372b46c1f4c5923bb3996782f6214915a8c48,2,2,9.930641198252488e-08,1.554979576212645e-07,0.9999996423721313,1.3411271027052862e-07
53eae602861cd645b46a0cc20ee5cd722186ea42d2af2ee1a7dca113e35ec63e,0,0,0.9999669790267944,2.433964255033061e-05,5.474536919791717e-06,3.1838731047173496e-06
53eff8a1fa33c6e71bc4ece73c2b53952e994bd4013ff2ce925ecef29eb47a7c,0,0,0.9997625946998596,9.259510261472315e-05,5.828699158882955e-07,0.00014418123464565724
53f32f42dcbd83f0620eaaeb72fca73474614d8eb65f1dd8916db3734dccb7f7,3,3,3.7507738852582406e-06,0.0002317564794793725,3.4893585798556614e-09,0.9997645020484924
53f9dd0064eaed30b5603263398562cfc9ec184d4d9a2ecde616d6a992fc9ab1,2,2,3.392181824324325e-08,6.784804327253369e-07,0.9999979734420776,1.2970153875357937e-06
5400b99759fee89b38613f8c71de26e964cd6306cbae3b18391ef5f7be7059dc,3,3,1.582371396580129e-06,0.005442798603326082,0.0001793444826034829,0.9943763017654419
540998dc8c62bdf5971bfc9fce7e69064a65045507d931d69d139d321e793603,3,3,4.175223295987962e-07,0.005713702645152807,1.9992538113910996e-07,0.9942856431007385
540bd2ef890175974148be41ea626ba33f3091a32c6a1d0cc0c82618ecf80416,2,2,3.9884278635327064e-07,8.945684015770894e-08,0.9999864101409912,1.306144167756429e-05
5433d29fa88fbc46d03bac207e57500a32f30eaa29efa438f651c8bfc4007871,2,2,2.448738314342336e-06,8.310221346619073e-06,0.9999785423278809,1.0731461770774331e-05
5467f993734bdd6b33a3138286f3790394b98e4b8791a293966510c60270d8b5,2,2,0.00019665186118800193,0.0004756087437272072,0.9986782670021057,0.0006494403351098299
546902e266ef04e29c551529fe6b69041c01ee3eeb8d278b5c6da499d1c7e93f,2,2,6.540131494148227e-07,2.2595311293116538e-06,0.9999710321426392,2.605275767564308e-05
54cf69a3a4079ec224076878abc4f9683bec7ddc9d2ca6f8fb38fc80a599c8bf,3,3,2.0475238216022262e-07,1.8882239601225592e-05,3.6292497895829e-08,0.9999809265136719
54d04ff0f16cf719fe14de4222e46e01742604ca61536e4a3a8bc456fce70c3c,0,0,0.9996029734611511,5.868921562068863e-06,0.00024408279568888247,0.00014719449973199517
54d0f1e131e56ec2c547dd7fe9e79459399c5ec64415acf6e64d7d2d275b0811,3,3,3.1696120572632935e-07,0.03206457942724228,2.0419701485252517e-08,0.9679350256919861
54f203dc51c628aa43f12836845417b1bfe6c8f1b244075761c1db4bd07fb42f,3,3,2.4875433155102655e-05,0.0006112385890446603,1.9514023733790964e-05,0.9993444085121155
54f702d351d0fa85b40bd4deaccad06a092058796558788fa32c2f1f7bad5faa,3,3,2.9710022317885887e-06,0.006167001556605101,3.922869291272946e-05,0.9937908053398132
55025a2f3dced2169ab9fc3623f39fa57f3ec6b2bed42b5e72f9c57644c2dcd0,3,3,1.0718584242397355e-08,2.78333823189314e-06,7.415852376624343e-10,0.9999972581863403
5519f4601bd314f1dcb9a80155f90c3ca9b93b5b2de07ebc17fa8eccf5181b18,0,0,0.9999827146530151,2.68746816800558e-06,6.135984676802764e-06,8.467536645184737e-06
551d054e29b69027d83bac3e18d8096254a5272a7ce98938c79a52ceb24df0e0,0,0,0.9999997615814209,2.543967525525659e-08,1.0388086479906633e-07,7.82791929054838e-08
552184e840dcb864b946c05a9a8af66ef98d5d9c433370314656237ad2eb1427,0,0,0.9999921321868896,3.790469715880818e-09,7.914538400655147e-06,5.571031991280506e-08
5532ddf8db758fb77c3fa99f57bf9200bb6772e6fee91729713ab2abb3d17fdd,0,0,0.9999926090240479,6.975871656322852e-06,8.438019705181432e-08,2.4457747827000276e-07
554c3df8b65f338893add8cff6e5c6f01c8f13bb09173a8870ee4b5cea2a6673,0,0,0.9999996423721313,4.278658138900937e-08,6.246784778340952e-08,2.6899533622781746e-07
55733fe811a3a5328e0a09bd2b7dbbcfea6321679e1a8a32cda12b48ea29c192,0,0,0.9999867677688599,2.208563046224299e-06,1.9686640939653444e-07,1.0694370757846627e-05
558e28038c0b3893001c86645b1aa493e797306a7a03dfccf1c9175d505d82d9,1,1,2.64791651716223e-07,0.9862404465675354,1.0918834192352733e-07,0.013759193941950798
559a68af415f99e09187e5b78c1f229237233422f07f924848fff65c26aaa306,0,0,0.8826199769973755,0.00038223929004743695,9.18197474675253e-06,0.11698862165212631
55b1fb738c29c9e1e006d111c656ebcc3b5d88821bee1f76f269da6c249c3815,2,2,4.786669283163292e-09,3.403167170290544e-07,0.9999996423721313,2.9628013820115484e-08
55c170109e28e74cdd4de3f7e0e5ec837f34e127334ac78bca96244a6716a151,0,0,0.9882915616035461,9.50538924371358e-06,3.769599788938649e-05,0.011661133728921413
55f02728739315c61a1c9d28b976226bfb5ae951e363d13f99dfe73816fc17ab,3,3,6.24780284397275e-07,0.0004315268306527287,4.606878519552993e-06,0.9995632767677307
55f2b688604605ef30da1b765c5672b36c8859cf1d045236cc3ba3cb7d283208,1,1,1.3780413610220421e-06,0.9997329115867615,4.386842647363665e-06,0.00026117858942598104
561ff712d6072b91ed8bf88dffd0dd58e286a068469b9b676ed0bc766097602c,2,2,1.6047335335556134e-11,1.278157579776007e-09,1.0,1.7458309797824256e-10
5620a5bc9fb84244e5297faf464f0d67fd66a65a48255575b6f2e22f3cb84493,0,0,0.9778303503990173,0.001368077821098268,0.013912569731473923,0.006889109965413809
5644d4339de9e24b073d53ebdd93ac1382d7329638e59a3a0358f567a3ad21c5,0,0,0.9707216024398804,0.02522341161966324,1.8718310457188636e-05,0.004036309663206339
5686233d055318ee8f4330996c20172baa73e084bf579980d22a2fd2cf27980b,3,3,2.1850685527624591e-07,0.0010913326404988766,5.354094696485845e-07,0.9989079236984253
56912324cafef1646a91e558dc46af7e0f509fa0fc90b3ca9882f6951733fde2,3,3,3.245752822067516e-08,0.0003783280262723565,7.309832312785147e-07,0.9996209144592285
56bd7e600d8e09d7c991f2fbed8810e7beb0f21f3ca18f13af49d9e2ae8c2f10,3,3,0.3512350618839264,0.005851149093359709,5.407146090874448e-06,0.6429083943367004
56c2532c1e259e4b355906ed989cd01a28777175ee1308f3218df55d5b6273ac,2,2,2.708177238019971e-09,6.402013497108783e-08,0.9999996423721313,2.2149815492866765e-07
56fc3e5abb71c2f827c63885b06371a0a2beb170e4e5622c3839d3c81095d2be,2,2,1.8601190032718762e-10,5.285048843006734e-09,1.0,2.015709732461346e-08
5704a4b83fed9967844bfe326fc9b68317c7bcf8c9d1f315c971c716e8fbaa49,0,0,0.999997615814209,3.646537720669585e-07,8.527807153768663e-07,1.2490293102018768e-06
570acfd952b8b4f754f91ff562b7509f8cc2a08be78710789935ddec7993ccd2,2,2,2.5902993002091534e-05,1.1671652828226797e-05,0.9998010993003845,0.00016132500604726374
57220b8767b1a8c5b36ba2dcbf45b88df599a04cc683f79de0a718cf3809d4a0,2,2,5.855676590726944e-06,8.727657245799492e-07,0.9999852180480957,8.091775271168444e-06
572d57a95f5efffd8d2a2a83531b5154c600ca33a99ba297263d0731a2889422,0,0,0.9712703824043274,0.027475204318761826,0.00047021950013004243,0.0007841532933525741
572da7ca800d01bab564ec16436ebbb813da2166409d28453b5db214a81c27e8,2,2,2.9900957088102587e-07,1.337679009338899e-06,0.9999949932098389,3.3396415801689727e-06
573427dfd5dfd3dd59bc51fec8f58f2b96a94a4127efc8b6c69927cca544612d,3,3,3.957027416845449e-08,2.4616676910227397e-06,6.781488259832713e-09,0.9999974966049194
5739875fb0f870322404825f78d269ff828f45d1e1d6dc67018ac3604d066c01,1,1,0.0003697713545989245,0.9880516529083252,5.509326911123935e-06,0.011573039926588535
573f4a9934627378b3af8c3ff12eb9b738c4ab867b487b1f943d26f3145e12dc,1,1,6.3225096269547976e-09,0.9999701976776123,5.042441557634447e-07,2.9279059162945487e-05
577ae0d8b6dca081764887a1d328a7bb85f36a3fd0a0745c2adb5789c180e65d,3,3,4.927986352321057e-10,5.990111822029576e-05,2.871564652728864e-10,0.999940037727356
57bb1c8ca20176e367a38bd976fb475f1db2aa04d83ca8f8f1fdf699adedcb01,0,0,0.999128520488739,4.25438629463315e-05,9.15487817110261e-07,0.0008280309266410768
57da31da86ee990468278878de565b68abacac734e9eb8653f297a2b9ab42828,0,0,0.9994631409645081,0.00035134225618094206,7.210033800220117e-05,0.00011347173131071031
57f479df0782963bbed6226d7f05fca02df3a54d2539a3b9f7c654a41cd0db75,2,2,2.077289536828175e-06,1.9012364646187052e-05,0.9999765157699585,2.412146841379581e-06
57fdef8440c53757b4a378e93ec4a39993d1f6ce32406c919239bfb198471512,0,0,1.0,3.0649669469084984e-08,7.591329787004497e-10,4.790957319755762e-08
57ff91b35324e056c467b90038b6bb12d242d4eb7a95d30f474a3be6f25ca85e,2,2,9.921755861341808e-09,2.647746555339836e-07,0.9999995231628418,2.978616748805507e-07
5804c1d5b367f0ffd8f8bee90599985aced214bfbfb5fb4cca5903d981d16998,0,0,0.9999656677246094,1.5533630914887908e-07,8.70510490358356e-08,3.40903497999534e-05
580fb79981b1c7e13696567a3bed5aafc56becf4cbeb137b1c9cf4530c5a7111,2,2,3.629146760886215e-07,1.1184023605892435e-05,0.9999653100967407,2.3080145183485e-05
58356c1f911e5e333633c4f69e0befa504ae13eb6654130923dab33de8925f81,0,0,0.9998477697372437,1.1095590707554948e-05,3.5209388443036005e-05,0.00010600524547044188
5843d11b6f806188042e368c94eb6847e351934d2ffc77328182e3a84ec22676,2,2,2.635535401029898e-10,1.3290805955801233e-10,1.0,8.285637176363991e-10
585feaa2ae93d66a3ce67f0e8c90404f00cdcadbe437be7ec523c6028852b480,3,3,1.7018713833749644e-06,0.0162289310246706,4.297796465380088e-07,0.9837689995765686
587dc41d7bd1396b3fab61a5baa4e0be45e5a1eca02793b3161facd161a71717,1,1,6.17209607867153e-08,0.9995051622390747,8.941340112755825e-09,0.0004947564448229969
588aeec48e925668b1ffc894266250ba2889f2cdfb46056fad7cbe8ee64d9014,3,3,1.65473394986293e-07,0.0003269028093200177,1.9253680250130856e-07,0.9996727705001831
589296ccc73196b284f54235d080aaf2239d51498e083c109254c03d121f3626,2,2,3.738228406291455e-05,0.00028441991889849305,0.9996217489242554,5.6497909099562094e-05
5898fd20f57c6dc766cfbb8d8e1231b4a311c27585c80c7a93cdac50f389acd0,0,0,0.9999649524688721,3.9195089129862026e-07,2.3566446998302126e-06,3.229907451895997e-05
58d5ed5da78242e542fbab542621f82a28a0644a0b26367c1517272cbf42ed24,0,0,0.9870432019233704,0.01276236493140459,2.683244201762136e-05,0.00016750376380514354
58fac0187f522906141d905962cdea47418a9a6fb309962c2af4de2e93ef8aed,2,2,1.05886064361016e-08,5.78968766262733e-08,0.9999998807907104,4.878863979485004e-09
5910681f8b3aee2ca398b5113517a60f60822f3d77b1940cccdee01d7dd9556d,3,3,4.7394878492923453e-05,0.004795952700078487,0.0005251005641184747,0.9946315288543701
5911a7cc2c4d24a2b761a2d2a21064f77d40e37d587878bad7e31a72b32c36a0,2,2,1.0590817806077624e-10,1.251021064518909e-09,1.0,8.815108643034364e-09
5913ebefe3fddd0d7a7486784ccb69e1d8a1f83442fae99b2110dfcb4136622f,2,2,5.937906522035519e-08,9.154802000921336e-07,0.9999963045120239,2.731735548877623e-06
5952a7b19ff4da7086c621c59c0a4d3a228608d9c51366ce7bdd17d853e15513,2,2,3.1749870288422244e-08,1.6547726744420288e-08,0.9999998807907104,1.09047022078812e-07
59580f786f56da45df62a23dbdac1adf06f4203be4b437dbd62e52ec817cf9f5,2,2,1.969433043313984e-07,4.777249884568846e-08,0.9999996423721313,1.0066768396654879e-07
5968f5eced44600b5e8d91a1e886ec907b2ab29db332bb2d9dfe97ed995348aa,0,0,0.9999903440475464,3.574866695998935e-07,3.6975684736262338e-09,9.32937746256357e-06
5978589b28d44bd8daa5f2f952a3d2ed2ae75afd83a74a538e371ef3ab22b1cb,0,0,0.9999995231628418,6.616684089522096e-08,2.6569790634312085e-07,7.711556548883891e-08
59c3da6c1bd38e1661ce4f3157f836dc62ed8a19fa31a67183c255bbbad10c47,0,0,0.9343002438545227,0.03313885256648064,0.00013182657130528241,0.03242909163236618
5a10723609ef8a6aa14871d6b44f7cf3ae50ddc225fe88e6f1436bb3f51e1d2c,0,0,0.9999384880065918,8.610784789198078e-06,1.0452463357069064e-06,5.1857914513675496e-05
5a1b7ef84d6000c894605fe9711b86e231f9cad809753085620c421975616d45,2,2,1.2342085256022983e-06,7.148107101784262e-07,0.9999970197677612,1.028945575853868e-06
5a1e20fc89cf54e6d5ee9a801875c80723b5ce28bc26351ee6656e51c55ec966,3,3,3.481777457636781e-05,0.009422088973224163,5.88613620493561e-05,0.9904842376708984
5a27349755e7ce800875aefd26b4e1b68259d00abf77436cd3ebf0ad1b280416,0,0,0.9999972581863403,1.4325567008199869e-06,1.8673880219921557e-07,1.0372701808591955e-06
5a48c8f6b6885f06f5ba2e19b264b7fd9ea0c82fc2ce708f2e5735db6a37e240,0,0,0.9972175359725952,0.0005299680633470416,1.6699636034900323e-05,0.0022358521819114685
5a566179cd6578e755daacc9c2b55bffcece6a151cfa0c6aa9b8683d54249d47,2,2,6.221151149787829e-09,5.460701117954159e-07,0.9999985694885254,8.367699138034368e-07
5a77411f74846f8bc2a90c92dd578dd77581d06e4df75bb9739c8f9b7b990397,2,2,6.090878201803207e-08,1.0163692820697179e-07,0.9999973773956299,2.50659286393784e-06
5a8da68f89c80bd604594d81152a615e6543abf4892a394ea6f4ad43116efdb9,2,2,6.546173381138942e-09,3.0767369207929107e-10,1.0,1.8388240929922972e-09
5a98cdc9194b65b6844177ab6ebfd61b41853fc09a4ebbc2a6a7d5bb9bcb0ed4,3,3,3.858243076138024e-07,0.0003813440853264183,2.226174622421695e-08,0.9996181726455688
5aad94abd7b113d9b8ae446e3c84d1fe91da824354a26013f5a6799c31dc8a32,3,3,1.1070238770116703e-06,0.004647613503038883,7.178825285336643e-07,0.9953505992889404
5ad1d4ecea30284d73c5df0b7e91d2d4137d08815af050d52f7496df2b703784,0,0,0.9999834299087524,4.53618014262247e-08,1.0985363729787423e-09,1.6547006453038193e-05
5ae54041cc055dbffb081543a29734e34e10695c9581791bd23babb8c9af599a,1,1,0.0010852424893528223,0.9931946992874146,3.751443387045583e-07,0.005719739478081465
5af2a39ab6770cd89ec5d0c8c7c22708576b4b3280ccd8b4d7152ebb7601407e,2,2,3.829792927234621e-09,4.442012979666288e-08,0.9999998807907104,6.421888798513464e-08
5b0cfa76b583decb820caafbb3f06a13a78aad15f33af9cd363aa7fc27b3e578,0,0,0.9999933242797852,8.029260811781569e-08,3.7173653044675348e-09,6.575170573341893e-06
5b121e704a80869525113c44379fd5b10409363ca74c6b062723328f6dabd906,3,3,6.39948780190025e-07,3.3323980460409075e-05,6.12240214081794e-08,0.999966025352478
5b186047af7efc29bdf9056297ccfc9ce6ed350a5bae8dbcb9b1cdaa845a4578,0,0,0.9999901056289673,4.909708422928816e-06,4.6903684847166005e-07,4.474409706745064e-06
5b2559cecccbb4acd480dbe678f58a377ff12291d2736e9e18089fc30fed703e,2,2,2.0281895274365525e-08,5.154100701787456e-09,1.0,1.7765316329132474e-08
5b55e18ac3be2e4ff9975df6b433dbbf3d1cad740045ea75e1143bbef8fd349c,0,0,0.9984384179115295,0.001500256359577179,1.694353670700366e-07,6.120642501628026e-05
5b5a27d81da8ec6b86be327a111ab60a6fade1c34c4459ec0c9be53e85af224f,3,3,2.3331797649461805e-07,0.0003391524078324437,1.0862858061955194e-06,0.999659538269043
5b5ea559f9aa32f0e431692bc23a9ad863cea637138227fdba9c902017b0dabb,0,0,1.0,4.911070161650599e-11,2.7238614142000017e-11,4.1483776413997475e-09
5b703584cf5061706bed762e349989f2e2d934c8cf3a3fd5c0fcb9888bda55ab,0,0,0.9997448325157166,0.00024117423163261265,7.864477993280161e-06,6.085723271098686e-06
5b768c377d871269a6770f112092be4c56aa666717db4de1ce8c8094f6847c19,2,2,9.279361279368459e-09,6.107962349233276e-07,0.9999988079071045,6.448402700698352e-07
5b98c03f31823d01bd57617a57ba9854b7ee8a7d93c27050c8b292f9d552c8c5,0,0,0.9999996423721313,2.535117538116083e-08,3.153610634853976e-07,4.885196958070992e-08
5bafff42545c7b8467c2f73f7cc6257797b70f3014395cf30d07f8bcc8d0963a,2,2,3.1371951081382576e-07,8.267527960015286e-07,0.9999972581863403,1.5382814808617695e-06
5bb5b71febff555cd71b70f176e1db7d5d9cb70efca5f55342a6b528573122bf,0,0,0.9999760389328003,1.2299426998652052e-05,7.683366902710986e-07,1.0979901162500028e-05
5bd4ba5b1d45b542e5e7f321cea39027fa7767d98998c702a81c7365089bec8c,0,0,0.999996542930603,3.152480587687023e-08,1.0624453539165302e-09,3.413533931961865e-06
5bd9b350d0529938995a53e0dfdb159f7da64181d0c34dcac927999c8f735cee,3,3,0.0011934045469388366,0.01364815142005682,0.00023597513791173697,0.9849224090576172
5bf357389681ec1f89658df92f8bb73c08af1392f97fc5ed0c3b23f585bacbe7,1,1,6.110809067649825e-07,0.9681323170661926,2.2208864436379372e-07,0.031866829842329025
5bf443738c555f8a3458e758be272b76a4f4ebb71ee7e4620778cc12f35e17e6,2,2,1.1759473750316829e-07,3.594392694594717e-07,0.9999606609344482,3.888675200869329e-05
5bf4bc7d2c614bfdc90a18b5ff659c890991f3cdee4863638f5123f1069080d1,0,0,0.9979700446128845,0.0005225842469371855,3.6767360143130645e-05,0.0014705422800034285
5c06e0d9f5c7f90e8413f463bbb02cca8447673d4877d08c892281c73f9d76b1,0,0,0.9997311234474182,1.7617167031858116e-06,0.000260474655078724,6.5911617639358155e-06
5c43a02dc9b3ce10c313407eea7edc0b0ec2ecbbf86de4dca4ea30d83ee54ea9,0,0,0.9999370574951172,2.1649841031035066e-08,1.0747990941695207e-08,6.297622167039663e-05
5c4ee4a4b0f44c5caca653795d2370e09e77e93b312f8b1b3ffbe625516de0aa,3,3,0.00012395053636282682,2.7442447390058078e-05,8.499663977090677e-07,0.9998477697372437
5c50b4ac9fa7e282955975d2203c94e5eaaf639dfedca4e7bf8d8ecf84d051b4,1,1,4.5343324472923996e-07,0.9903167486190796,8.019617325771833e-08,0.009682574309408665
5c8728cad891c520f3264a6fe00aac6eb509569e87975bb9a9595192bcfb267f,0,0,0.9997588992118835,0.00013320412836037576,1.460997464164393e-05,9.322527330368757e-05
5c8e84666af189c83c8e9c993415b3caef3779d1545b834a5cfa78c9a92ea6d3,3,3,6.987846518313745e-06,1.0739357094280422e-05,5.923852199885005e-07,0.9999816417694092
5ce4a123e59855befa99c3a5c26ff2f2e24233e82f76341902706a2e1ffeba4c,2,2,4.7488413201790536e-09,8.098955284197018e-09,1.0,8.559293718235494e-09
5cf58ae5014f118423592d5023f5e999e33f6302bbc2908e178514157e011bdf,3,3,5.825861748576244e-08,0.0002683585917111486,7.17294096830301e-06,0.9997244477272034
5d0f99b719d410d349eaeb239dc8e836ce346d2aaabdfd9ee53c2c737aef9f64,3,3,2.9757738957414404e-05,0.0004253333027008921,3.4171516745118424e-06,0.9995415210723877
5d29ff6407cbfea53b846a6faf54197f427985d4f2176a3d34a2ab3ed8a233bc,0,0,0.9992421865463257,1.706576040305663e-05,0.0006996467709541321,4.1129052988253534e-05
5d2b36c08ad1bafd48dd227656760e29985d54205a66389b403b3adc858d8fec,3,1,6.27151966909878e-05,0.6699641942977905,0.00010353713150834665,0.32986968755722046
5d30426737ed76fba18bfd74055e6c769c4394042a2fda12cce6fcefb513098a,0,0,0.9999997615814209,2.8163395171532102e-08,3.556264260851094e-08,2.4419188093816047e-07
5d34403411dd7a16e905414b0459373a04316eae73ce0e2aa10ad681d77fbcd8,1,1,5.235640365697236e-09,0.9916872382164001,2.3441553764769196e-07,0.008312485180795193
5d4722f78643aec07d928b2408fed382039f6047840500140107023eec722321,0,0,0.9879575371742249,0.008981071412563324,7.073172128002625e-06,0.0030542865861207247
5d6ad682584302bc817e4c56ec6975bf8e2af3a5040c00507ebab21e92e986cd,3,3,4.09099375247024e-05,0.003095031948760152,1.4985833331593312e-05,0.9968491196632385
5d76187e3dfa8645f05449275d6462b4ab4efec49028c5f4d632759842a255ea,0,0,0.9999803304672241,1.0835616194526665e-05,1.7357746173729538e-06,7.081835065037012e-06
5d7d905ec49ca06f305ce61b8131255d4445d6dbbe3ef7237e5e98b55bab4492,0,0,0.9966202974319458,0.0009981063194572926,0.0008419836522080004,0.0015396407106891274
5d99108c855ad2ee6f27d4b421be75df87ef26ee0f178d407945a8e6a3912990,3,3,8.901266141947417e-07,0.00025329383788630366,5.661642603627115e-07,0.9997451901435852
5da03fe49b6be4b953ffbbb3d945c334b896eb4857cc718e3a606e7f486c4c9d,2,2,1.963303075669387e-09,2.3005593874358965e-08,0.9999998807907104,8.085561375992256e-08
5db638a1849e42f66f3c62fcba700ad6d1fc62da1a2f735bf2b398110b8c2982,0,0,0.9999831914901733,6.529535312438384e-07,8.068333954724949e-06,8.101983439701144e-06
5dd012fcb9f60a5292961605c120a3a8f4781130094f239819a51e02528c61c8,2,2,6.875740155010135e-07,3.708995848228369e-07,0.9999966621398926,2.267887794005219e-06
5dd5f93ac235fb7a8f23f0584f95f5f48cb45951363e0c40f4c22df1844c19ff,0,0,0.9999973773956299,1.590078340996115e-06,2.6894315396930324e-07,8.202627554965147e-07
5e03248f0572d1e77a54e87922309adcff20a3e044d66898b9e5161983642e04,1,1,5.795217475679237e-06,0.9338311553001404,2.9394261673587607e-06,0.06616013497114182
5e21a209322f231477ef134f0b54dc778addace8d87a6647110a16d5d4db8634,2,2,3.3352357604599092e-06,9.080483323486988e-06,0.9998641014099121,0.00012347697338555008
5e4de5b6f656ede07f3a98aff3c4612b927531175f6cc45d736affce61a56b81,0,0,0.9999067783355713,2.074497206194792e-05,2.1366683995438507e-06,7.03531623003073e-05
5e5f8008bedc9a2414a34235547467518f38607aa094d09ffe0720cb46085032,2,2,9.539490974930231e-09,9.279904702452768e-07,0.9999972581863403,1.7839154224930098e-06
5e63e3f7fb74421ac3abafd0fe30bed75157a466af597ae79399b30ea2633c2c,1,1,5.722450779899191e-08,0.9984232187271118,1.204183263325831e-06,0.0015755558852106333
5e789626865e168ed089d8d59e38879e3ec29fc585813066e460cae62a79cb17,3,3,5.052269898442319e-06,1.9736022295546718e-05,3.989427455053374e-08,0.9999752044677734
5e7ef709b4deb1a807f9c74cdff2a1f19d2805f2c7159a39d8ceb43bf4e5f26f,2,2,1.1276705125240483e-09,4.2802301436495327e-07,0.9999994039535522,7.117387212929316e-08
5f131296c01cb930804c5a8e0879d5574c9750a0310b02c7cb6bdb6452956e1c,3,3,7.907000565410272e-08,1.7148715414805338e-05,1.48229688079482e-07,0.9999825954437256
5f1c1bd1f598790973834fc758082ba8ee0ebaf07b812bdbea1365e38556e158,0,0,0.999907374382019,4.9452333769295365e-05,7.323072281906207e-07,4.241301576257683e-05
5f36ff0ee0373ad2140ff4786d2c40bb2110a19d8cb1721c03ff6b9388a55944,1,1,2.877223614916602e-08,0.9821786284446716,1.0987111664917393e-07,0.017821231856942177
5f47e610d629ad9ee46630ec2c7366309e8478c4fd3ea3bbb0dc09fb8e04e094,1,1,1.096765558372681e-07,0.9903630614280701,8.540853002614313e-08,0.00963666569441557
5f5fb8b6568b5d2a8385f1aa2f8ff3d09356c645e93c2f46a6af65c4de899e72,3,3,1.3436917356557387e-07,6.66434743834543e-06,2.1080117207361582e-08,0.9999932050704956
5f8648e83b146d5454b13d72ce3c7c8e1641347e30b5ea0f71fd9b8c204dc94e,0,0,0.9999920129776001,3.9743406432535267e-07,4.420380950165281e-09,7.681002898607403e-06
5faed90537592ff105a9665c9d934c2153a7c764a7fb82b74d9ef4792a261f75,1,1,2.2065385962832806e-08,0.9999328851699829,6.000957597507295e-08,6.704530096612871e-05
5faff886630179d7bd717c4e3c28f574a797e80ad4dfc755a19c04c29cc4626c,3,3,1.8853203442859012e-09,4.524922769633122e-05,2.667389686905608e-08,0.9999547004699707
5fb1cb77a64c83d22d1be42ea51f07bde8033bac379c7609637f5ddd6dd6d95e,0,0,0.9999945163726807,2.1127282252564328e-06,1.839248170654173e-06,1.5207097021630034e-06
5fead7eb53228ab43831ca399a6db220e440291f6d3da5df709b8bf2c6011ebb,3,3,0.02095685712993145,0.30186569690704346,3.8885311369085684e-05,0.6771385669708252
5ff709e2e00e1bdc0ad4b31da3140b0192396059a87c6d4f1cb8b893ffc5b78c,1,1,0.00017044790729414672,0.9814070463180542,0.00040116909076459706,0.018021339550614357
5ffd10d9df29e8e276730b8f04a021afa696e634ff1cbf6eed70f5a97ac06361,2,2,7.063959856168367e-06,3.254004695918411e-05,0.999488353729248,0.00047209757030941546
600d334c1ebe5b9e20274a8be3faed3123c8abdd6afc9a2131e278740244087a,1,1,4.0512870327802375e-05,0.8812427520751953,1.0036919775302522e-05,0.1187066063284874
608500caa6900710e3b7058387d778cb1c93030de54a9b6360d6f5a829fa93ae,0,0,0.9999920129776001,3.593763722165022e-06,1.9735234673134983e-06,2.4346391001017764e-06
60bb9d53862a72d647455162c0dae9f43b8a3b24daea6cab41dedb6f42d7f4fd,2,2,8.348001045987985e-08,4.1173048970222226e-08,0.9999997615814209,1.6043048844949226e-07
60caabfee12a4f359c41bfe00014c89862b3d6ac8a8af5545bebdf5e90f4c7da,1,1,0.0037220811937004328,0.9149385094642639,4.126332441956038e-06,0.08133526891469955
60ce4adfd490385b5c44878f69046eda21109a2c781c67c04fdfa6d97d7f5807,0,0,0.9999895095825195,9.420855349162593e-07,1.2876450909971027e-06,8.258642992586829e-06
60f6e1daf63def6208a274da7d178df3c2cd8db16c3b8c4938c3c8754eb4eecc,1,1,0.0008928931201808155,0.998195469379425,6.556552420988737e-07,0.0009109085658565164
6121540d65ea0426e8599c7ccb59d9350e51ff0d7c07c64ee39cca5db9d598b1,2,2,1.6242758249518374e-08,1.1837859119623317e-06,0.9999967813491821,2.0243239760020515e-06
61354764cfa1b12ca49b2e26df06221c9b039877349c3cbb8ad9b96045dfceb5,2,2,2.7668481655113153e-13,4.946303783226469e-11,1.0,5.1538864322131506e-12
613d16e7450957e707883ed07adba7385df92d1b98341233d8b0fc875e99690c,1,1,3.4705258258327376e-06,0.8845576643943787,1.2334380983247684e-07,0.11543872207403183
615b35fb1829e083191dcee44d4ebf444c20591aa189899ea5cc1b992709fc37,2,2,8.905310551199364e-07,1.904285340970091e-06,0.9998875856399536,0.00010963365639327094
615e17f90dfcb94b3528c22536d1a00d3db12ab76c4234a4c45cae995b5965a5,3,3,1.1800936761119374e-07,0.002347503323107958,1.1602938165822252e-08,0.9976523518562317
61684cd8f16dafeb5cbb6f7f97ca47bbcc48ebe73b298e47493d84603b4b75a6,3,3,0.0012321854010224342,0.002516590291634202,0.00013551241136156023,0.9961156845092773
6181c45f7cfeb5dab109e3ccdf19a4740647eee881a56158ec41797e7162b090,3,3,1.9639668380477815e-07,0.0800693929195404,4.3916722347603354e-07,0.9199299812316895
618d814fa5a58313a7040686f249dea1675d5abf704fa81352792bd47894dfc8,2,2,5.847128292657544e-08,1.4461821251643414e-07,0.9999997615814209,1.081500666799684e-08
619344421614f04288f7f25d4a5b9ce172e8d921c4c1f45933b35972491dc208,1,1,1.1427150639065076e-06,0.9979046583175659,4.5164466655478464e-07,0.0020936375949531794
619b03bc33bbf0bda4b6b8652858dc154af754d53f1687bd5b52c419f1663716,3,3,7.20270065812656e-10,0.013472977094352245,3.877769494398109e-10,0.9865270256996155
61a0d328b7234bb4c8737cea689ecc3a5e4cff388289c28909f5f2b0c8a92037,3,3,2.549613327573752e-06,5.664064519805834e-05,7.14106363375322e-07,0.999940037727356
61a82a2dad231f2be616fb1e2debf7024aed7df39bc02d88bff78132b4b3045f,0,0,0.9999514818191528,4.094257747055963e-05,5.307658170750074e-07,7.191339591372525e-06
61bb88fd8dfb893b9114b045b2442e56b1b5bc1c9e15112b990cefe49bb03eae,2,2,3.6885772214390045e-09,2.180689307351713e-06,0.9999971389770508,7.073492724885e-07
61d28f24b4c0c2ae899a11fdbf1deb9af4416471e3471716a887e49f2f713aef,1,1,0.008715104311704636,0.7561960220336914,3.6288195133238332e-06,0.23508524894714355
6201e3aa03c18e2ff0933d5d373477b6a3d081035a3e41411bc28e9882d0c01e,2,2,3.746823153960577e-07,5.231019258644665e-06,0.9999880790710449,6.272268365137279e-06
620ec3d715cf788f53720089e7f2af57cb7e3593a0def4eab5c0dc7050e18dcc,0,0,1.0,2.7603295649214488e-08,2.088751038797909e-08,5.267983027579248e-08
62315cca07bf994cb4e4204a7ad5aacad41742b1836719714d7497e02eb8547a,0,0,0.9990548491477966,0.000396708317566663,8.24065318738576e-06,0.000540258246473968
62391621aba8bfaf3d65a34024adf1cbbce2dd6bd4e5fde7a05f80ef984c9a99,3,3,0.00014417708734981716,0.0032609840855002403,7.035752787487581e-06,0.9965877532958984
6247fe14b39f5ea98cd67d8d4f969b736ad8c8a3264bd6299260f3632d8ae58a,0,0,0.9999991655349731,1.1532326027463569e-07,1.772972524349825e-08,6.825835612289666e-07
6262c4ec81916e46657222752ad25eb2ba69e94c6943db0745174249c735d2e5,0,0,0.9998342990875244,9.741394535467407e-08,2.2005718136597352e-08,0.0001655906962696463
6265a55c76c1668e749d176c46bf7a3920fa05f8c33045b2334a6795c904a9fa,2,2,1.4309160967229673e-08,3.9260794437723234e-07,0.9999986886978149,9.245643468602793e-07
62936540938daf3595faaf29b04ab2291a2b654dab5aef4aa4d52b8baec3639c,3,3,3.155970151880183e-09,2.806679958666791e-06,1.0739301808948554e-10,0.9999971389770508
62cd36686e783ee1805315c6fbebc13859e07ba41b3474c6ffc51a911a86f526,2,2,1.1309143899129737e-10,2.0970050140789454e-09,1.0,5.217730691953193e-09
62e447cb273c969ef54f4ffc066646eeae133592f1f4d557ce8f5dcfc2941321,2,2,1.309991148445988e-06,1.0163178558286745e-05,0.9999562501907349,3.234688119846396e-05
630639a753d0d177d750358cff5791b677999aaef9c328d6dbc3c52014dd16d7,1,1,1.5389062468784687e-07,0.6732214689254761,1.7118864548137935e-08,0.326778382062912
630f387fee148049cc166f0e908060c1c4415c0010a816ece27d42857c4e9649,3,3,0.0010971665615215898,0.007256380282342434,4.040418934891932e-05,0.9916059970855713
631940c4506b3a1857ac1362c5cf6a2cef2f60f71dc3300d986583297292687e,0,0,0.9997100234031677,1.2311420505284332e-05,8.379916835110635e-06,0.00026936570066027343
631d5fe6a84da23d88ab38a221d81e8f1cf7ee29e8663078ebc2b9acf70b07ff,1,1,2.0045177961947047e-08,0.9987188577651978,8.279045869130641e-05,0.0011983945732936263
63219c1dc10937500f167e3d7d881a88c953d764a7ad7d28c722bf337856b52d,0,0,0.9997308850288391,0.00020646445045713335,6.368088065755728e-07,6.208588456502184e-05
6337f1a703a06fc7e8567bc080b87dafc3bc176fb8fc3a646968e6e87a30b4fa,0,0,0.9999849796295166,5.493291155289626e-06,7.46405248719384e-06,2.066601382466615e-06
633a3c5055e23abec361b20e44a2b1ca1e6ce38ea8e71e6317aa75036768a374,0,0,0.9998652935028076,1.5032659348435118e-06,4.395250925881555e-06,0.00012868248450104147
639af85f1984d8fc39fafc85a5dac8736238ce32ccdc227282f99a6a7afcadc7,2,2,1.614158975371538e-07,6.599843231924751e-07,0.9999988079071045,3.9878344182397996e-07
63a5df213d5fe5ecfb4e7ec8535bd05a9031d6c6dd37b15168caee0a34fae5df,0,0,0.9994599223136902,0.00010120158549398184,8.123702173179481e-06,0.0004308692878112197
63b0c47b9bd554bf06f68ac5e37b6b1057b9feae0ce2b08064b9cab5e7d65bc1,2,2,5.647224465832323e-09,1.0387013915647003e-08,1.0,3.261402170551264e-08
63b6763f75444354b4fd49c5bc20c1793ab757c52a4b9d7464ee7ff7a2af904a,2,2,5.4130232740590145e-08,3.9128400430854526e-07,0.9999958276748657,3.6523838389257435e-06
63d25edd93d379d09382ebc9eaf0f9fe7adc9c3cecd08ff145f8ac7b8c46ad31,2,2,2.2620167072773256e-08,2.8461258239076415e-08,0.9999995231628418,5.139682457411254e-07
63de3c2a2161df87ad1979759aa7c1e9b885cd28ecca99a4e363c18b48635902,2,2,1.936028941329493e-11,2.842051927132161e-09,1.0,6.271161367976674e-09
63edb54c0e92742de9246df218e95c2cd794f4d27130279ca06258847e6a9364,0,0,0.9995220899581909,0.0001722308516036719,6.518773716379656e-07,0.00030520017025992274
63f88a9a9fd79dc822a11544c92221c98853bda21af7ed333599f9d9c0b48af8,0,0,0.9999873638153076,7.133977675266578e-08,5.811942571654072e-08,1.2470282854337711e-05
64026d31677c3913b64396700f8ecf34ea6958f56ff27dd6e70e5ba369a59dc4,0,0,0.9999910593032837,9.006267305267102e-07,9.522779009785154e-09,7.979610018082894e-06
6408108a219123af5a23147f77cbdc82919d5adb8ec822c75edf843954570e9b,2,2,1.4520783224725164e-06,3.6753406220668694e-06,0.9999425411224365,5.229960515862331e-05
640c9094d32a68891e3f7ae8d58b3eaca3b3883baf45d9684ae0705d6e70579f,0,0,0.9999971389770508,1.4611497363148374e-06,1.4384307966963661e-08,1.3930732620792696e-06
6415e1095f4f98ef661335345c1379da9a54ee7b0b524cde309f35a7bd5a5278,0,0,0.9999998807907104,1.1968171520493343e-07,3.0711504450664506e-09,4.219118920900655e-08
6416635b6ddfc1ca08f77e1da70c0bc3f40b51300c20736c68ed3a216b46ffa3,2,2,2.2793372522755817e-08,2.3257875625404267e-08,1.0,3.852159924377929e-09
643c32a3273adfd6a249d8d5a99436d60e1154bcd95018c5686f989003cdd803,0,0,0.9999444484710693,3.602375363698229e-05,3.730083264485984e-08,1.9517046894179657e-05
6445e2618ab34b511933a91d7ffd975469271798879572b4737af7af65039b52,0,0,0.9999979734420776,7.226368552437634e-07,1.965038798346086e-08,1.29101283619093e-06
6456bd9e293062297bf9dbf3b87fd81ee02c6add7fe66c718336f1b99eccdada,3,3,7.580153464914474e-07,6.676937687188911e-07,1.8494298315019364e-09,0.9999985694885254
6459c281458563c6a4fc395557bd313bb1597327b9acc552e1723aefa2395c8b,0,0,0.999632716178894,9.164006769424304e-05,1.11995495899464e-06,0.000274568737950176
64606e8dcf131f0ce7e928d07081c244762b505f7c12e5beb53df0870ad8dedc,0,0,0.9999897480010986,1.7119694106781935e-08,9.148248381052326e-09,1.0259060218231753e-05
647a2e4417e47dea8ddb52a34b969d038766eb92dedf0d97d5c827b61686c24c,2,2,1.4653193103342232e-09,1.3949357935416629e-07,0.9999996423721313,2.716524534207565e-07
649693d8215fcc6d4e0f8aaa3767e17cfb0b83654a73a942959771987a500f7d,2,2,5.96655218032538e-06,1.5015474446045118e-06,0.9998925924301147,9.984412463381886e-05
6496b9725653802bbd4284b3c0838ee1d65dcbe3ac5a71b1c7dd32483cdde236,0,0,0.996432900428772,0.0027230684645473957,0.00040164668462239206,0.00044236326357349753
64bf01866d7956314ad70993da59889b90e53d2a5cab29973705406ecd11ea4d,2,2,9.532871159123602e-10,6.362910198731697e-09,0.9999998807907104,7.090657305752757e-08
64ca7181ed679be5c7b921ebdf4b5dc466ff427a533033ac0701ca12949c1092,3,3,0.005414277780801058,0.01272579375654459,0.00019119844364468008,0.9816687703132629
64e512369bded26d360aff2b311088838dcb4f354bd4b0b818b5c3cacb5463ba,0,0,0.9999924898147583,5.875943998034927e-07,5.772685796046062e-08,6.873728125356138e-06
64f731a0d763fe8ebb92e2ea238e423782bce3eb69a39ae7090a9a2394445295,2,2,2.1462874428834766e-06,6.661596125923097e-05,0.9997103810310364,0.00022088563127908856
65053a440a9c6eaae4aa4674d4ac3a6e3de477a9bca2321e96bc40a13cf86be3,0,0,0.9999752044677734,1.1056433777412167e-06,3.1720276183477836e-08,2.3670085283811204e-05
651c7bff9ddb254a9f91bd09ec3bad3426dc22192e0f7e762e8d5a6abe98a00a,2,2,1.5495137117849112e-10,7.990336392538211e-09,0.9999998807907104,1.4775915246900695e-07
65260b6dce7118defe2924ca9651f1f2e822282e8a85c16ad8fb1d2af99e28a4,0,0,0.9999778270721436,1.0410152384565663e-07,1.0759300117513249e-08,2.2051664927857928e-05
6531c36a68ec9af7f46c410bb82079151d03d0c25763057a99f00c2cb2f97ddc,0,0,0.9999969005584717,8.163401048477681e-07,3.5748999316354002e-09,2.211671244367608e-06
653a09244f12be02c4940ee378adcbd44460aa3bf496324a079bc970aa51ea2e,3,3,3.025104433618253e-07,0.009718102402985096,1.2507108522186172e-06,0.9902803301811218
654ea06faa86dd77630c7dca7d942cc9d7fb0853fbe206fbdd7aba805f71764a,2,2,5.837386780546683e-13,6.919354672563216e-11,1.0,9.780972906603402e-12
655371ecd3c752bb6489472c9f4113d10775d4c065f2af1106b07b3edb7a395c,0,0,0.9987903237342834,9.58110945248336e-07,1.537027038978067e-08,0.001208790927194059
65769c3993ae7f705534cdc7df3c48d0d396c2eecf27844458e6fc38df264358,3,3,2.6531551261532726e-11,2.5397015633643605e-05,5.652455170590542e-10,0.9999746084213257
658af6e387fe0eba3b224dd75d32df249efd9d28dedbcf9d8958ba8b2aa9179d,0,0,0.998386025428772,0.0003312908229418099,9.003739478430361e-07,0.0012817376991733909
65a5d47416aadfec71ec8403619540de7d5ab0fdcf5ffde58833fb84cc034ea2,2,2,2.953816746753546e-09,1.516955450142632e-08,0.9999995231628418,4.1801425254561764e-07
65c65a40ca4c77b004a0fc168be52df90596e256586bbd7280263f8270ad1bbe,2,2,7.339133389905328e-07,1.4184537349137827e-06,0.9999943971633911,3.4082893307640916e-06
65e6f905d1d49a70e8359987e7955fd80be8a94b3c6e1a4570eb543e56a80fa4,1,1,1.6267382534351782e-06,0.9921035766601562,1.1094285582657903e-05,0.007883576676249504
6619ca55206c58fb5503f81c8a872e459426abcf98a0d74a47656ea4660a90d4,2,2,2.7885469933153217e-08,1.503790599599597e-06,0.9999853372573853,1.3071832654532045e-05
661e69b244880281001776c3faedfa993f0961939f3bec09600fd2af391be2f3,2,2,4.063250344188418e-06,7.056258368720592e-07,0.9999886751174927,6.58918906992767e-06
6643504bd1ce2269734c1bdfa6088b068e5066233afeb2fd8bfbaafef61bdbb1,1,1,1.312838685407769e-05,0.6058163642883301,2.1093121631565737e-06,0.3941684365272522
664a1f91479ef2902bc2ee72f34af6e0c8fb0c9513fef4c5dca239e80932b765,3,3,2.299596485455524e-10,0.00029186104075051844,7.6384887304215e-10,0.9997081160545349
664cda5163225ad644ccb75e6478163b9043f75844c55d119c489ce1f97c812d,3,3,1.2898176464659628e-06,0.027177106589078903,2.102089410982444e-06,0.9728195071220398
66510e83841f6e0b2ad86c208af6b47421cd239ed645dc7f93ecfd0d70d9d1fc,0,0,0.9997977614402771,1.4838120478088968e-05,1.5048848922560865e-07,0.0001874102308647707
665d5dfc918b2bf20a4b0469ed066b9b4fd39744122ce834dc6041d7f5b2618f,0,0,0.9999973773956299,4.7899579413979154e-08,8.457238322989724e-07,1.7552924873598386e-06
666f1d6ed17e99852b30e43ec8cdbeab66c013efdcec88ac4f3644302e186a82,2,2,1.3300370937940897e-07,4.0541698353990796e-07,0.9999978542327881,1.57851172843948e-06
6685cdbd9a4057cb4c6f30e2806b12927eb136cdb724014788d26b07558132b9,0,0,0.9999868869781494,7.32176829387754e-07,3.329952960484661e-06,9.11843017092906e-06
669374f0faa60327a573f5561c9dd3009ef3ee0857c6a194ba67a46f715fd2e6,2,2,2.7196707108601004e-08,7.578157834586818e-08,0.9999998807907104,3.27580345071965e-08
6696a3ff1a6843dabd3a307ade36982b5181cff7128f136659c95c1ab824164c,1,1,7.86623921555929e-09,0.9945302605628967,3.7066594238410744e-09,0.005469783209264278
66eae3b0aeb915ad57c7167f801552a28919101fd81075050bc3b5cb2c2b21c9,2,2,0.00017469962767791003,0.0010035816812887788,0.9978522062301636,0.0009696278721094131
66f3f6444b615f5ab92778cd0d47a78d65671cfebcd8e5ef007f8de23f37bd20,3,3,3.6927418900489783e-09,5.455700375023298e-06,7.318818329160592e-10,0.9999945163726807
67103f60e5161f55ac275147fd66217c4a3b5942730447fe85bf4304e1ae5fce,3,3,8.6526561062783e-06,4.104494564671768e-06,5.342328108781658e-07,0.9999867677688599
671eb4325ec7d540aaaa9b120690eee85316b4d0bcc3b0d7dff35dacd7770526,3,3,2.1013770492572803e-06,4.4310967496130615e-05,8.54428563457077e-08,0.9999535083770752
671f340ea349e8a4ea83f6c78cc13f2965e6e33c69255b847f1cf11ff21faba1,1,1,0.0001319712755503133,0.998562753200531,0.0006669338908977807,0.0006382489809766412
671fbe327aab0e4d8ab9a80623f6fb012df76a467d24fd09026c0ecbd8d7877a,0,0,0.9999988079071045,1.6738275121497281e-07,2.0592345606473828e-08,1.0597201480777585e-06
6724fafac8b9595d6428ca0c41904bb55327fca315195dc94fea5286473494d2,2,2,3.4451073815944255e-07,1.1373772395018023e-06,0.9999963045120239,2.207322722824756e-06
6725472f07b0bcc6aececcc2d137af116c975ffc5081a6804d4b6190a4cced9d,1,1,8.324149348482024e-06,0.9930287003517151,5.045829311711714e-06,0.006957891397178173
6733f9b291c806c636c420c5c4ef0e8d0178c6c7edebd8c116ac1c4a38b42c39,2,2,1.1102593333589539e-07,2.2757569695386337e-07,0.9999982118606567,1.4019990430824691e-06
673bd15a083b611961d1ca195662d7d92aa5a82cdba5abd5dc88990b4bf01d3a,3,3,2.068469395766215e-09,7.17448529030662e-07,2.362424034174637e-09,0.9999992847442627
675ba5f87de299a00f9a4c429f76d314bb04687ad86c593946d0440e1ca61f4b,2,2,2.1994039798300946e-06,3.6891600757371634e-05,0.9994018077850342,0.0005591348162852228
678abc95ff33da63701fdaa3057400d80255855c4194896d6ac5061bac85cb8e,0,0,0.9993231296539307,0.00011744185030693188,6.486172310360416e-08,0.0005592849338427186
679092f8e7a539356a906a8c85fbeeea6612b70033ef3003a57c3413c9664f6f,0,0,0.9568836688995361,0.03734225779771805,0.0001878449838841334,0.0055862292647361755
67b73885cb05dca0ca3e80207b58e08a0282da7e8806333d4550cd2807aaf888,3,3,1.5502468198036468e-09,6.405679755516758e-07,1.1120768368677592e-11,0.9999994039535522
67d118f69758aa2f9b3a54eb9e977269e56a243795736f189d35e9b57367e2e3,3,3,1.9968626929767197e-06,0.00014627707423642278,0.0005661920295096934,0.9992855191230774
67dddefe7050be07eab8c0d530ef6a837d742999a41b33e5a828042bed69b5ff,3,3,4.129339925551534e-11,1.5789191820658743e-07,8.306237919697423e-10,0.9999998807907104
67e1d850d4d0fa496a514939b4f23c523e2df837594bf722958133c075054081,0,0,0.9980165958404541,2.4055521862464957e-05,1.9014343877188367e-08,0.0019593620672822
67eaeb7cb37d19cb5534654b0d3f504f99e49620a44af1f3b9969539f772cef8,0,0,0.9966953992843628,0.0016631418839097023,0.0004377565928734839,0.0012036740081384778
67f271291f4d91f4cb81004ae83ff18f56c326741fda835a1d9a1a7a88aa03fe,0,0,0.9753702282905579,0.001280109048821032,3.0074772894295165e-07,0.023349354043602943
67f85ed687f78f4af6752497e5d8ee5afa146eb7fdf393b8775ee0fe77974401,0,0,0.999997615814209,1.401287249791494e-06,2.0005678891266143e-08,9.238600000571751e-07
68442d894910471efd34c926145b21bc517574f45bd8f48a18b80cf63b0620cf,0,0,1.0,1.200447741211974e-09,5.6037826823285286e-08,5.582116457958364e-08
684c8e01b1a6442553b9fb44a866eb0022887ca3c63feeafa71f7d940c25b4a6,2,2,6.454556333856942e-11,7.669370027940658e-09,1.0,2.0305584769175766e-08
687bc953abe3f5df17d39a9ee75c7f7eb8e825ef0cdf34c6bbb61fe75699a3f3,0,0,1.0,1.59232516061536e-10,1.1048384429557245e-11,1.0217789281341538e-08
687dea9785c49e3e57e768d4ff531a6acb0d7f69977104af1dc0c4cb510b7c11,2,2,2.252007469394357e-09,9.439285264534192e-08,0.9999998807907104,5.284395854232571e-08
689202db979bea17bbb9088fb929eb420f164304a479d79730dcbb1e1dde36c9,1,1,1.4358693988469895e-05,0.8921781778335571,2.7903402042284142e-06,0.10780469328165054
68961550d32f1d79a19b571cb4d1f3d8333199af7da64cfb5e0952e9abb558c9,3,3,6.997929347107856e-08,0.0015372531488537788,2.2410581834719778e-08,0.9984626770019531
689d07e909976ffed6ef5abfe4beaec29d94bd25fc99af3ec3cd571d24681120,3,3,6.288574513746426e-05,9.962783951777965e-05,3.321231645259104e-08,0.9998373985290527
68b61c7b210dea3a52e6227084672cd96c045bf8ba979212b550bced7ebcd025,3,3,4.37965432809051e-08,0.004024614114314318,3.63791059498908e-08,0.9959753155708313
68b6f34bbf05f8947d038c7aa8718686f8535afae187b5b023388baef4825926,2,2,6.801359919705874e-09,1.3710700841329526e-07,0.9999995231628418,3.1845249282014265e-07
68e7366b98def0ce466b8a62f58bb9c3a05ae49556df340b5571e25af9887dbb,2,2,5.541111458562398e-10,7.751031816383147e-09,1.0,1.5874658032544176e-08
68f4cb344d649fbb61bf91beb0a463bbf21eb093dd9bb5fc4e8634fcfa3b39ae,1,1,0.04838818684220314,0.6299817562103271,0.0001178275779238902,0.32151222229003906
69a6970385907e2cf4b12fab1f54f61c74441f09b3efa5e3895bfb798986a1ce,3,3,1.2706770746717666e-07,0.0010846141958609223,9.638223552599356e-09,0.9989153146743774
69aeddcb9f8518d2498b8181dc0282937d27fc27b566d9fb5f12742cd6999b53,2,2,2.7200899310741988e-08,1.8857062968891114e-06,0.9999899864196777,8.144522325892467e-06
69b7e8dbc05962e22b837362d27e446eb1f4d21d58a74afdd4a22365778475c8,0,0,0.9999802112579346,2.4425382889603497e-06,1.5750396414659917e-05,1.7036337567333248e-06
69be38bd51be49cdcbaee7c322457deb256d0c54aef570625860f89f2c2aa7d3,0,0,0.9649774432182312,0.004379345569759607,0.0032835491001605988,0.02735966257750988
69c59c803efb835c8b5acfc17d34657fb5f7ae4b414bb0085c0c9694b3a26e83,2,2,2.7692683701729948e-08,3.941609065805096e-07,0.9999943971633911,5.099258032714715e-06
69ea55395a6e4546f2ca21a60e42855fb09ab6dd49a18a24bb2169c33e017d51,2,2,2.0111072274175967e-07,1.971197178818329e-07,0.9999995231628418,1.178234896315189e-07
6a03dc8e9739343b3cd809f86886883f708e52d550b1fdc3048c046308c88d4c,3,3,0.0022741167340427637,0.014213223941624165,9.486286580795422e-05,0.983417809009552
6a07e6615502e9cd92384035510deafa0ed3bcf5c6b88dc65d27f7428743c0e8,0,0,0.999995231628418,2.5759337063391285e-07,1.4534634829033166e-07,4.402463218866615e-06
6a21124c06752f40a55cd65bde2eb811b996b7f53d200479ec60825da93173ec,3,3,6.249355237741838e-07,0.02013983763754368,4.817666649614694e-06,0.9798547625541687
6a3edd56ccf960a2f4fcfdd8c5551dd45406ba9b7babdeee173d10b9c1723100,0,0,0.9999709129333496,6.355421646730974e-06,6.570967769903291e-08,2.2602389435633086e-05
6a4e15f884c969a92e4afa95c990879c18138464a1cc46495f04ac3318b53ab8,3,3,2.678659620869439e-05,0.0002867435396183282,5.062779109721305e-06,0.9996814727783203
6a969cb85e37a7f7c665bdcf0ddf13e8124768bfab8b1d6b99c978b8cf072a66,1,1,0.0004696357063949108,0.789350688457489,0.0001175447105197236,0.2100621610879898
6ab7a02f6a49970c4e8723cf70559c331cc75c2b5b567b9a63ccfd23b6ac9d7b,2,2,2.1219052825927065e-07,1.3472565569827566e-06,0.9999309778213501,6.746193685103208e-05
6ae167c6b03a13c95652649dcbc4af4792c1958daee07f9ab4b2079ad6470210,0,0,0.9999799728393555,1.642549250391312e-05,6.021928697919066e-07,3.0108810733509017e-06
6b01689e89509afd36c6cb4fa60666e0a9daeff00255807b7fc054335b6cbce6,1,1,0.09032857418060303,0.9091541171073914,4.2906950170618074e-07,0.0005169018404558301
6b06c8aa1cb6e92291d0d8bd2bd3a92195717e870e6d1366c0d57fcc4c234469,3,3,0.0008972390205599368,0.0042884149588644505,0.0004016837920062244,0.9944127202033997
6b1131f96241b5441e3dd6d3f68c7e41e99f2d3740706bd36513724d9576938b,3,3,5.241696271696128e-06,4.248882760293782e-05,1.4283896234701388e-06,0.9999508857727051
6b46b57be3aefae90f8ab8e017db40d3d162c4991bad80d693d2244b71300fbd,0,0,0.9999939203262329,1.0988596841343679e-06,1.5001894837496366e-08,4.990474280930357e-06
6b5e2ee42a416bc2af0b8a3a85d8168e6da5e43f4ee7c2971915705fe7fd7fa5,0,0,0.995886504650116,0.000716923619620502,0.0012204304803162813,0.0021761266980320215
6b63e4dfc680e40b8e3bbdfaa283357cda473ff0ecf9748ea7927aefe8c1a2ff,3,3,7.564365134271611e-09,0.00014470762107521296,3.509299073556349e-09,0.9998552799224854
6b834df34083ab7ef955bccbf57c4f22b1714ae26d0c58427cef95c3aba959c7,3,3,2.8012633990215363e-08,0.00041596489609219134,1.954205259835362e-07,0.9995837807655334
6b83d8c6b60522d772a0357006543e8af6903710035776e3e2a863140d2a816a,1,1,0.00011841762170661241,0.8708799481391907,1.8090753655997105e-05,0.12898357212543488
6bc51e76ce9364d416a185edd8f14aecb380bd854074338740c2bc33db93d460,1,1,4.9886050845771024e-08,0.9991342425346375,7.258872756210621e-07,0.0008650512900203466
6bdf3c9f205473170f793eb7e409d34bb07b660a661ea75478a9919a09483a94,2,2,2.969274426334323e-08,1.6293875138018166e-09,1.0,5.416309889483273e-08
6be8270b86c0afc743a7e81165a5b9648186291a179547e1b8c9abb62fd00fd6,3,3,8.13082067452342e-07,1.5863806765992194e-05,5.969091176893926e-08,0.9999833106994629
6c18f6557e7bf04959c2069c656d477fcdb6df93dea23901c6c80cbc3ca69da6,0,0,0.973129391670227,0.02545361965894699,0.0002281487686559558,0.0011888211593031883
6c9d5193c98709d6065341be00a630a38ed551d965786429a13fa76a58592610,0,0,0.9992857575416565,2.438881949728966e-07,4.2429800828358566e-07,0.0007134975749067962
6cbc206f98256edfce2acd4de6652dbe1aa481a5490c7f100ab604838f36a2de,0,0,0.9999412298202515,2.066202614514623e-05,1.8215732779935934e-05,1.9891504052793607e-05
6cca2ed95d2c7b6084a07be6bd781d35a16410c8e55df72011f07c6922b96391,2,2,4.63560127783591e-11,3.090008804385036e-11,1.0,2.0228261288224303e-09
6ceb1fccb14949b0dd61fafd50c8848f00b8241dce529089df1a9983ae90c6f4,0,0,0.9999972581863403,1.0948037925118115e-06,3.709242264449131e-07,1.252975380339194e-06
6cf801bf3eb5e03339814b8b5b47f98c9a801344d7474fee950b43c85105bb8e,1,1,1.7534420067022438e-06,0.9997208714485168,1.3607732398668304e-06,0.000276050966931507
6d1519db516c0193e5fc7f62c614bfc212d9743ed65528fc163a6e6ac481bfda,3,3,8.815728165245673e-07,2.3095690266927704e-05,2.1728465071646497e-07,0.9999758005142212
6d51f661962d7f3f64fc2e1788fb14e56109d63c76828b508043b316b6a20fab,2,2,3.432306869277646e-11,2.735517767860074e-08,1.0,5.453643647790329e-10
6d68e53d34aa3de01268819e5e45317e1ecb97bed425e5c17735ab00019a6dd7,0,0,0.9999279975891113,9.168737960862927e-06,3.2074542104965076e-05,3.0753028113394976e-05
6d6da75cbfcf1533e60ca92057ad06e851adb824329ce343537d940306df55f7,3,3,4.047101498372285e-08,0.0001648805191507563,4.707535481429659e-07,0.9998345375061035
6db291a514c5d233f13f9b19a08daa22801f91b42a9df3529932b3d9f865b9fb,2,2,1.5662162695662118e-06,1.5667310435674153e-05,0.9999638795852661,1.877570502983872e-05
6dc523e3b174f90f6ca5a44ce16c1a3b1bf0304d950330b03a791f64e30156c7,0,0,0.997878909111023,0.001872663269750774,1.052186871675076e-05,0.00023800785129424185
6dcef49d6b167fe5c3ac0faad905a91040c49b7023c4cb9ddd00a4920cd71539,2,2,1.0789769078201061e-09,4.126539749904623e-07,0.9999985694885254,1.0324001777917147e-06
6dea4e3ce1aff6335204d66a75d9be5aa148d1dbe9a49bcd1ccda5e77c2c8a51,2,2,1.0919313196688929e-11,2.4029020440075044e-10,1.0,2.5656610169733085e-09
6e028d44db29bf010cad3945d8d8f812086da80f99b31f7c5018f72050332f28,3,3,1.037782415558297e-09,0.0007470210548490286,1.31969421501843e-10,0.99925297498703
6e130df02a30e39483c87b9cfc7dff024068ef831185bc0cf1afdfbc3a2bba5e,0,0,0.9992819428443909,0.0006076061399653554,2.2872315241784236e-07,0.00011018359509762377
6e16a646ef5cbedb3905b34cd04a73c4b8eb4694451333a05bcb60880e05b5e2,0,0,0.9968693852424622,1.0436519005452283e-05,1.9774449810938677e-06,0.003118091030046344
6e1bf26f4a680f297f631660faf1bd752099d1d80a8dbfa2128559b92cc6fe6b,0,0,1.0,2.0799054922804316e-08,4.9768878795930505e-08,2.3916379987554137e-08
6e1ea8afbe58928c137b3b2020e7a923ec4eb2d00dd1f660d033e3faa002aa47,3,3,5.33280619663401e-08,0.00019007673836313188,4.0381769395025913e-07,0.9998094439506531
6e237155479df4b913b195121030ed700435d67c1f8b6a4a95bbf9761fa83aab,0,0,0.999998927116394,1.70826254475287e-07,2.1563232976973268e-08,9.749426226335345e-07
6e3406b86d7e9048cbdd75e8c73bd4a37edce92e37a4245840532cecd48183c8,1,1,7.10894823896524e-07,0.995931088924408,9.796955055207945e-06,0.004058376885950565
6e674c1ed968428899ce9aadc5e3ddde927dd6c535cc5d87f4ea71c6f2dbdb41,1,1,1.2463973853016341e-08,0.9773426055908203,5.698738618775678e-07,0.022656738758087158
6e6f096b5be46bbe56563860d81806d79647298ac63734056cc7e5d4433933ce,0,0,0.9999970197677612,3.920851199268327e-08,2.1855534271253418e-07,2.7069656880485127e-06
6e777d1b6829140e66573f918c0f1681ca4cd2979859c37435c84977153ec223,1,1,0.004821625538170338,0.8137708902359009,0.0009507971699349582,0.1804567128419876
6e9a396253ca30ca7c155a881ac4ecd025d95780fa22a788c680d8fe28956e3e,0,0,0.9999949932098389,7.061012041731374e-08,7.816349523181998e-08,4.803121100849239e-06
6ec2d6186e6ed9e6a1757f2ae37743d06bd2d2c0a32ea0634269651671204ba4,0,0,0.993986964225769,3.7780537240905687e-06,1.734943708697756e-07,0.006009112577885389
6ec7fb9f3a109d16ebcafd742608376264866747033134863750a1e98bb748f2,0,0,0.9999980926513672,4.3980796249343257e-07,4.378109963454335e-07,1.005152398647624e-06
6ec926c68d6923a0d70ae869d71f5c50d560187565f74cb2d8672525cbf153b2,0,0,0.9999997615814209,1.4973165818332745e-08,5.4567665941362975e-09,2.0355146546080505e-07
6ece99576eca5b8425c1b84d98b095c3bea4ad92022ac40a7bc15cb0c2945177,3,3,1.6295413018951876e-08,3.967371958424337e-05,3.1043205783731764e-09,0.9999603033065796
6ed77c5672788a9066ba1802e20797f6d044c5dcf143003b1ae8afec64fb03c2,0,0,0.9837074875831604,0.012853771448135376,0.0031591730657964945,0.0002795546897687018
6f21bd847f708d6c6bede3a3441d4945b4261d3b8499ec5ca48a09a308d6828c,0,0,0.9999988079071045,5.399276687967358e-07,2.151127631577765e-07,3.5494181815920456e-07
6f30cc7dc6675481813c57dc423d811052f551b8b7a8c611c42b0b4e10234d61,3,3,7.830050496870911e-10,1.6871237676241435e-05,3.434177608951927e-09,0.9999830722808838
6f3e310a6c295c77c1e39f39c25d79dc7505c148ced29ce4e838bfb3c79e17d1,3,3,0.016742100939154625,0.0015229507116600871,0.0007859586039558053,0.9809489846229553
6f4282633a51cb230bed03eb7f92bc0bef74b8bc2850776ce39aedfe40056203,1,1,1.6194566342164762e-05,0.9955803751945496,2.6234385586576536e-05,0.004377248231321573
6f455ca19195f2f82ec09528c086585430913a67c1f2ed4e7c3f2e95ef15c3ae,3,3,0.0056121158413589,0.015344873070716858,0.00015918578719720244,0.9788838624954224
6f5a324559a80c14210110ab8fe7d84909887a27916a351591d176ff0ef70080,0,0,0.9487091898918152,0.003083246061578393,8.940743100538384e-06,0.04819870367646217
6f68bc1d26a6d681b86e0b448ee505cfa41ee8066c4b745f9ff42ab07a41d57e,3,3,1.214648222003234e-07,0.0023526090662926435,2.9609891427639923e-08,0.997647225856781
6f782d1fec83c912717ea1fc9b083f4efd58b0598bea47743962ce1e637b88a2,1,1,3.780094459671091e-09,0.9997021555900574,2.1826336293884196e-08,0.0002978172851726413
6f9021bf6f5672a0145a45e6ad53c0b5a03368537eb3956ac5b26514e6c6f0c1,2,2,5.68085134489138e-10,1.4384476942908009e-09,0.9999998807907104,6.229842597349489e-08
6f978782186d53cf3cdedc367776960989934a4e86216e6e0ffed9e33bad4f3b,2,2,0.00031840376323089004,0.0016726647736504674,0.9956336617469788,0.002375165233388543
6fd1338123501489dcf91ca5636cd64d1f63d222f1a0eacc117b963b7e1cc683,2,2,1.3894770667377543e-08,3.039485108047302e-08,0.9999997615814209,2.8989711609028745e-07
6fd8252c5a7493b37462a91325b0f31593f49b2102a5dc05e94e5d48d919ede9,3,3,6.357770985232492e-07,0.001750173163600266,6.729661805593423e-08,0.9982491731643677
700417ebd3763b17264585197e941450bf89bbd888a6321e86a6b8b79ec415e7,3,3,5.197306474080676e-10,1.3490433957485948e-05,6.062123691918941e-09,0.9999865293502808
7004d0177a42efd76bd78aa1529f72c66dd423fec4ba37a0fc020ded19c03c2b,0,0,0.9999960660934448,6.636579996666114e-08,4.554061661110609e-08,3.8145255985000404e-06
70426ce7d2b0500884e106639d1e1e81793b1724ef95ea6881c54e68c98accf9,3,3,7.813926572453056e-08,0.0012086749775335193,1.1363592022917146e-07,0.9987911581993103
70431ce6d6e3cbb39e7a78021d919e6ff4efe5720fffd06b9902168553e2357c,2,2,6.139383446068791e-10,2.7296132998344547e-07,0.9999997615814209,2.6772349670523e-08
706c9229d12f8f2015abb12b157800e057325d90f3591e8a12a28e19847f09a4,3,3,7.47627200325951e-06,0.09667795151472092,4.477027459870442e-07,0.9033140540122986
707aa1e423ccb2ca26de6805c722e28a0cd34d57044baf6f19eb87ab030635f1,3,3,0.0022505943197757006,0.02453194372355938,9.832131581788417e-06,0.9732076525688171
708d9fc44280633f3fec5b5865296ae7ba71ea6df645fb415087c237634a8455,0,0,0.9999964237213135,1.2194751661809278e-06,6.649903525612899e-07,1.700468715171155e-06
70b9b4d2a71dedb5ac46c6be900af83d77edfb3bd1d546fed45e535dbb125363,1,1,7.319830963581353e-09,0.9995469450950623,7.543650148988945e-09,0.0004530285077635199
70c7e35bc82d24b68bc5a4fa62c7ace8c33b615854df9c702ee397eb3b268ca7,0,0,0.9997867941856384,3.164596137139597e-06,2.4370650862692855e-05,0.0001856973976828158
70d680048ab3d6df91ba4149f1b98883676d61631f2854b16e6f9f9f00227545,1,1,1.1653987712634262e-06,0.9972797632217407,5.470298560794618e-07,0.0027184714563190937
71174eae6d7fe0837dfaff6813c04409abe86d47dfe5709c8fc09bd3960002cd,2,2,7.964696457918308e-09,5.844374229013738e-08,0.9999997615814209,9.149845681122315e-08
711caf8408115603941d46e63a883aad2257ddfde3504044addda0f1865ee35c,2,2,1.6472147024160222e-07,3.238042722841783e-07,0.9999943971633911,5.101704573462484e-06
711f809b60d80bd08d2d1c15e9765849b44cd44eb379771c441cb9ce43fea07f,1,1,0.00020792221766896546,0.9924330711364746,6.896879494888708e-05,0.007290127221494913
713d6eb069cd651a603a27f6429051f32bfab1ef1b7ba4bacafc488c54597067,1,1,1.066546584382877e-08,0.9892188906669617,6.375215910736642e-09,0.010781140066683292
717631f2bb4108a8880d5b3409b734f8886e5417922e5fe738a0729f0afa7f82,0,0,0.9985296726226807,0.00026636672555468976,2.2908602659299504e-07,0.0012037286069244146
7179b8ae22512912dbba5754e0acb89df4dbf8bf8433796d6cf691f19cdc133f,2,2,1.8436914217545564e-08,2.7327729412718327e-08,0.9999994039535522,6.307541298156139e-07
7187de8c6cae5a78008de78197feb7011b6859774f28e34c3846372ef9d17edd,1,1,5.019182367504982e-07,0.9372455477714539,6.239072831704107e-07,0.0627533346414566
71a8d4307a8ed26b7367d69de271b4efd522549b71df6fd5c11f339328d687c2,0,0,0.9999990463256836,9.170595660634717e-08,6.449880629588733e-07,2.685063975604862e-07
71ce65f2998d85d25b22c6c07d68cbced65cb17be91298b76c528afc6b4e1d22,2,2,1.1959591095234146e-09,5.258926805140618e-08,0.9999998807907104,6.046641232160255e-08
71dab4d18391554828905de5cafce75e4c3a15c4865ced9cfb57f105fe234d0c,0,0,0.9957612156867981,6.470845983130857e-05,3.0158164008753374e-05,0.004143980797380209
71dad478d0ee9016da1eebbf705290c1d25bf570184c6fc12a34b28174ffa21d,3,3,3.988179742009379e-07,0.07419726997613907,4.435750255993298e-08,0.9258023500442505
720fa66f8586a5b0795c147aa83da18da7fc7ad9f1c861e1087462c39e8bc26e,3,3,6.318655778159155e-06,4.547012213151902e-05,1.029041322908597e-05,0.999937891960144
72345b64205b741a431229c9555f64bcc2b92882fcc10726da7175912eac2802,3,3,1.9691287889145315e-06,0.2692953050136566,1.2037387477903394e-06,0.7307015657424927
723b0d272e745f3d81f205fc60dcfc989cb7698e3d48087aa63f904001ff9101,1,1,0.056923169642686844,0.8161102533340454,0.00023974165378604084,0.12672686576843262
72406caecfc4b6c745d9af4a7c418ba432940dacfbd0574693736b3cee886691,2,2,1.9094556491516812e-10,6.289503176049038e-07,0.9999955892562866,3.864431164402049e-06
72431ace9b7165d375820015635637a47adf9e135a0e02afff06fb55c666af55,3,3,0.015029952861368656,0.044068917632102966,0.00019589418661780655,0.9407052397727966
724b10371580e194fbaf093a44cf56294dac9a916370be533c07c53fcc3944e9,1,1,4.646068703095807e-07,0.9992496371269226,3.3031699331331765e-07,0.0007495368481613696
725121dc3b1413d8462674b1f3525662722978d6196adc83e4e7c55d7b0ec840,0,0,0.9999998807907104,2.3247839209261656e-09,9.7253971542699e-10,9.020507718560111e-08
7267ec4c415da6562c9db6e772e72b7f4643bee43ff05bf1e6ba2bcd448a227d,1,1,7.637160348572536e-11,0.9988734126091003,7.694527681678665e-09,0.0011266061337664723
7269a9752e3a27f2d7b89ffe3e657e82b0df8ead0d116af8eef0574d6d922220,0,0,0.9802213907241821,0.006437699776142836,0.00048688589595258236,0.012854059226810932
726bc153097557f9d1dd04318c9cdaeb471b7216d0f0d137788347ef52d6867f,2,2,2.0255798517609946e-05,4.360801540315151e-05,0.9999048709869385,3.125173316220753e-05
72abe1c972f0ceb612f363e1ddb0327bd68c6144528d84170f547a3dc8351c09,3,3,3.349870212332462e-07,0.0006726193823851645,2.764042221770069e-07,0.9993268251419067
72aff61456bd46f3a6c5c883cb1db7d13558ff08fd6da4cfda9d9da5d8967842,3,3,2.8195867685099074e-07,0.000817162508610636,2.8662961781833474e-08,0.9991825222969055
72e69768263877c634d68be3861bb528ffa055f6ba21c9cecc769b4be27afb3e,0,0,0.9999666213989258,2.282413106513559e-06,9.579320021657622e-07,3.019307587237563e-05
730b3cf08ec7615d174917a0a3d9b5061d9f15723fc393361edbeab93800173c,0,0,0.9999998807907104,6.313770484212e-08,1.5839562994557355e-09,5.890752419190903e-08
7313865f41b4df52bb898e75ba08d40a4d7693b39ab5e4e9ad56c2d67e507118,0,0,0.9999805688858032,6.601740551559487e-06,8.938664905144833e-06,3.920498784282245e-06
732458935c063c9d7ac0595fb7105344167b94a8989917fe00309aeeb4c19b20,0,0,0.9999967813491821,1.5410698495088582e-07,1.9122272476579383e-07,2.810034857247956e-06
736a1734ac7fa212945fd55314a22c7e9a3ac5611d94631878b550ea5c523156,1,1,0.0038189212791621685,0.88787841796875,6.058286453480832e-05,0.10824208706617355
737c1286115a8346e7faa30977d1518bf87e333d1d36c06a8c57a70e54763376,0,0,0.9997208714485168,6.321581622614758e-06,1.9587203496485017e-05,0.00025328597985208035
73890a61be4dda740cc571360b86793b625a4557033d62615eab2af05744825b,0,0,1.0,7.658841338908928e-10,6.704485577824215e-11,1.4493509725710396e-09
738abe061d5f3c24ddffef4847568dfff81072a13c89d98ff81c19cebc810836,0,0,0.9998772144317627,1.3893034633838397e-07,0.0001019993651425466,2.0629340724553913e-05
73a62dcfc701bd87af1fa6f6bc27f44a04ce3b087825202b35f9175eae4b6a25,2,2,9.00149416338536e-07,2.9812620141456136e-06,0.9999949932098389,1.0476238685441785e-06
73b2c5a4405c9cd1707352c67678b105e25ce572f1eb166d9accbb5fac40cf7e,2,2,3.429436787882878e-07,2.5783783712540753e-05,0.9999452829360962,2.8568259949679486e-05
73c2da1f687e3b0f28be629e50d2bc754165481f5f3020d3d6d3a439048ae934,0,0,0.9993776679039001,2.0162726286798716e-05,3.9458672063119593e-07,0.0006018554558977485
73e5d1f6e14aa01a8ad1938652c43e05f0b52dcd4790c3342392fd3c9c8d4924,0,0,0.9999500513076782,2.7013700787392736e-07,1.459984787288704e-06,4.830975740333088e-05
73ee512dccc048d99070e243de9e8d513a60591166138a57d5b014bc531bf6e9,2,2,5.5869649184803194e-11,3.393049397004688e-08,1.0,1.3898531214806553e-09
73f1fe0b11e6fd1ecf38dafec271b44f997cce8f60a65a8fceff235723eee97e,3,3,1.8915832811217115e-07,9.806964953895658e-05,2.767558626715072e-09,0.9999017715454102
742ac880e8bc92840ddade1dfd1b60a775751bc4f94f8c6d5b366ddba772321d,2,2,1.52246627749264e-06,1.0079393177875318e-05,0.999861478805542,0.00012696199701167643
74430827b48751aa4ae0726e4be33a87aa8ea21b528165f519d9398fc7010081,3,3,6.061807766855054e-08,0.0019005564972758293,3.5046522839365934e-07,0.9980990290641785
745d13f3ba818caa5832a632f58718196443043065720f8ef5ff02b4945a9680,2,2,4.13060483595018e-08,1.3300545731453894e-07,0.9999995231628418,3.2838579500094056e-07
7473a03d18ab2291f982fb094c8229a63333cabeb7648847d2ce1f022c452d3a,0,0,0.9997838139533997,5.453757694340311e-05,9.58497457759222e-06,0.00015211290156003088
748f7d5eac1d12e87d4d8e954c9c68a923f9b6b4597748cd5efb39a0c1206023,0,0,0.9299049973487854,0.0015707117272540927,7.036636088741943e-05,0.06845392286777496
74a1890813a2236b0544e842d87efa2a968c6ddffc00e3f29a69da4ea0ae8543,3,3,6.312358436844079e-06,0.001262140809558332,6.827081051596906e-07,0.9987308382987976
74f5150ebe2ad2efc2288e5d8764852c8616ae96b9cd0486b72e48c08fb3dc55,0,0,0.9998388290405273,4.916614489047788e-05,1.4492267837340478e-05,9.739233792060986e-05
7501fd80fcec7438f522d584bb964443f5fb11e222f1e0295f501f3040611a07,2,2,3.797319791942755e-09,3.153631311647587e-08,0.9999990463256836,9.346908882434946e-07
75090841c551416b38d987f565b7a8b3fa36410dcf5597bc03c20fa6de4d0641,2,2,9.541406775781525e-09,2.439375812457456e-08,0.9999997615814209,1.9627881897577026e-07
750b70aa375bf65bd04cbc65f544fba5819d1979aebf4e90bc81cb75a0f87d88,0,0,1.0,1.901418578142966e-09,1.963027251861149e-08,4.3428727281025203e-08
751dc78cca82613c2511d16b5afd9e1a850c97ba921349f4b88036733b660919,0,0,0.9999465942382812,6.537349690916017e-06,3.961967377108522e-05,7.314881713682553e-06
7524708ffabe060e0a6373dd8107c25e364032e933b2007eca7d9ef3d4b51724,3,3,1.2607622466020985e-06,0.00854734517633915,1.9809640434687026e-06,0.9914494156837463
753db5a1b291bd0519faece152cba22fd365b1718c19b3a2303567aa467dc120,1,1,1.3261258402508247e-07,0.9975137710571289,1.0906453553616302e-06,0.0024850727058947086
755fba7776d8feff44fb2914c5004c5fdc1ba9751e52116627512677fa4e7ba8,3,3,2.757584661594592e-05,0.0002210103557445109,3.443011883064173e-05,0.9997169375419617
757033b8797a15300a87eeb49dc7e93425993c97b5fe8b85ea687fe04ba0c707,2,2,2.0756532492782753e-08,5.2721347287842946e-08,0.9999982118606567,1.624319907023164e-06
758168fcb0312c631dc6b656adc462bf646374941df563b74752cadc42ff5ca1,0,0,0.9994413256645203,0.0005365587421692908,2.9210136744950432e-06,1.9135324691887945e-05
758c7e8dcd4c169a85c880d0f45c37ec02ac054e2f3296ca34fec3ba5328a3f2,0,0,0.9999727010726929,7.162129804783035e-06,7.000807613621873e-07,1.9372340830159374e-05
7594dfcc14c8fb95797f8c7f08cec821a78ea3e509f44d9163e9ba35eb2b03ce,0,0,0.9993057250976562,2.8855687560280785e-05,5.998792858008528e-07,0.0006648172857239842
75b2482cbb136cdef555e9caaaa11e3233ea652c2e21c3cd99844ca6f1eeeca1,2,2,1.570108310033902e-08,1.236473110566294e-07,0.9999996423721313,2.315373137662391e-07
75c80b935cefdae8cfd186006d0e71cd776314769e3a8b7ffbcdee8d0b06b723,3,3,1.3005192158743739e-05,8.473967318423092e-05,1.1471477137092734e-06,0.9999010562896729
75e694633c6ef1f6297d4af3482d7ea559ed4a5ec6b7c030a1a25d31d0209994,1,1,1.5865489331190474e-06,0.6619071960449219,1.2583846000779886e-06,0.3380899429321289
75f789a1e8c6a272a1248ecaad31002ba0f81448227dfa6d050303a476e8ae44,2,2,1.0037502384818708e-08,1.776328275582273e-07,0.9999994039535522,4.050991719850572e-07
75fb35d6cf69e29a35d2a7f09be1df644b8461f93f0c3ff3b24dfc5d22161406,2,2,6.860621226678632e-08,8.763477410411724e-08,0.9999997615814209,1.3734759818362363e-07
761a0c8936934aade239aa785f8859326a772300255af14d7069852e88953427,3,3,2.4280960133182816e-05,6.803314590797527e-06,2.0062621786109958e-07,0.9999687671661377
763ca0561a4f4c68a3a9fa1a0b0efc4a997ce3331cebd7ecd4c429abe8904edc,2,2,1.1463124138799685e-07,2.575858843556489e-06,0.9999847412109375,1.2566867553687189e-05
764016565ac0adf8c6dd20678d825d4555e822943ec2867081cf943e93fafb9c,2,2,1.9654679306313483e-07,5.65937398278038e-07,0.9999984502792358,7.903925620666996e-07
7640c2d1fe4264e6da416a7cfb5e6a482cf8927d1167f941a190168dd8799026,0,0,0.9986382126808167,0.00011918327800231054,0.0008191417437046766,0.0004233953368384391
7642569b8c7cff9e82ccfdd8df193506b3849814d96ed2be8d849e83ac9d03b8,3,3,4.896471182291862e-06,0.0003163076180499047,4.273440765700798e-07,0.999678373336792
76853bf30b50f39f85a987066dedfbb636deb9558b661a64fcc309c5e216661f,0,0,0.9999889135360718,7.528457899752539e-06,7.235519206005847e-08,3.411220177440555e-06
768ce3b664e0c2afeb1b416f8e7f817a43c20fe6be22df42b9f3e10384a5eb70,3,3,1.0067652311818165e-07,3.2593292417004704e-05,9.581692772542283e-09,0.9999673366546631
76b588e778cd04c76c7685528eab6f9040088a44e0686e153dc3d8cbbd9f2c49,3,3,2.1724542165202365e-08,0.0006040984881110489,4.302783338516747e-07,0.999395489692688
76cf93de85a9fcfe7b5677ef89fae471984b34ddd5c0f6418ebef5c6f3ddce3c,3,3,2.9005498447531863e-08,0.015761177986860275,3.640931822701532e-07,0.9842384457588196
76e04ff02ba59808364934e3312c6911aae219b97511cff8c3f3ea6f5f16b21a,1,1,3.3451676983986545e-08,0.9984690546989441,7.186251309576619e-07,0.0015301827806979418
76f8f0e5d05664ce02129d31da6a0f0d60af56d5d17252867279856e9386a0c3,2,2,1.91912405966832e-07,2.165850965241134e-08,0.9999997615814209,3.46312631904766e-08
770885b0ebff11744cfc7c645876c37a9894ed4970a17835cc5dab0a3effe498,3,3,1.9038363774370737e-08,1.1162916280227364e-07,9.155266544880192e-10,0.9999998807907104
770f286121e2f9fc4206d45ec979651679f6aac3fb7eb8afb91d9754b19003d9,3,3,1.1059120907930264e-07,0.010291675105690956,2.9645784493936844e-08,0.9897081851959229
7713a41bb2146fc8326db8fd15e35269165a69d10368e611dc4ac10402c17d4c,0,0,0.9999957084655762,4.4550098721174436e-08,2.1522885162994498e-07,3.995582119387109e-06
771402ddb19f74980ad83aa4767a8e938cb8cedf6b9b1364f0087b4d679df930,3,3,7.142366484913509e-07,0.004906066693365574,1.6200258414755808e-06,0.9950915575027466
77306f800437b11e9c8ea45404cc2e1e0b8ee4b34b14822a3523fb6d9e870375,1,1,6.321811518716913e-09,0.9884109497070312,1.9066992251737247e-07,0.011588836088776588
775fccdd0f17d0cddc0604bb416aa8e33b132ad9bcf26f06d35307e7e8b2885b,3,3,2.277311068610288e-06,0.0011963495053350925,1.328144298895495e-05,0.998788058757782
7774285e354694f7c80eb93375ed3b7a008225e8b1c05a0a5c22128da2585e67,3,3,2.1006992767524935e-07,1.263816830032738e-05,6.820537468144039e-10,0.9999871253967285
7775bce7606d484eb8414762297105835b5ba669b3dc9bc18f7c1d4218bdbb15,0,0,0.9978511333465576,8.417589924647473e-06,0.00046139105688780546,0.0016789661021903157
777f9e6429aae910c8683973100ea742465be7f8186c8b2529eb69829c79876f,2,2,1.0550222917515839e-08,2.7158401749716177e-08,1.0,3.624483824182789e-08
77887f0c974f7ecefaa0d044d461e4c92ac9689375ece1edcec94c9aabe82f73,2,2,5.673507985193282e-06,5.380872971727513e-05,0.999785840511322,0.00015466388140339404
7791f5f5ed4239e824d9d792875f9062d956153a06390ff0ca3598126d952d26,3,3,3.943003701323278e-09,9.962237754734815e-07,2.694042489093107e-10,0.9999990463256836
77bc33f31fbb5708a0f79c5ceb23007fbfa2db932682d6256e2c45eb0c7c96be,2,2,6.949173985049129e-05,0.0007532668532803655,0.9982877373695374,0.0008894327329471707
77db1bfec6ab84db38b1a2197393fa55deb87327a515e8aa015ad43d32660b0d,2,2,7.712183105468284e-07,9.953259905159939e-06,0.999984860420227,4.430882199812913e-06
77e2b07aaa83533cf4d3a1971adb15a6fea2eed28f6114bf7bbc104c9057d6e0,3,3,0.004154329653829336,0.08599057048559189,5.4521460697287694e-05,0.9098005890846252
77f8978cf8e4f0db37609bc6ccc4c4a915009268f30918e705d0d87e126c673f,1,1,1.5902083205787676e-08,0.8373324871063232,1.7110721728386125e-07,0.16266731917858124
77fdf42c6bb40fe2b7399fc68ebf0885c94330ce3dc2b5969e3e55ba2030dac0,3,3,2.1561651010415517e-05,0.011716194450855255,8.280044312414248e-07,0.9882614016532898
7810de36012be9aa28cb6dc7565a8073eb2cfb9033e697524a994ead017d93b5,3,3,3.5508019209373742e-06,0.09414811432361603,1.1701677067321725e-06,0.9058471918106079
78249f48c3381a98d93c015a5fcec72335197dd39047d4fa2981fd8abb9e389f,2,2,5.276862280467753e-10,9.566156222717836e-07,0.9999990463256836,5.9547655695268986e-08
7859f265cc17a3d12acc8a601e0cf57f67dd4ce916a5a7bcb7f407ac7727bbc0,0,0,0.9999703168869019,4.1560275576557615e-07,2.961144041080388e-08,2.9343495043576695e-05
7872295ffb0443daf52c791cdb5dd1b9265331bb22e50231568212b540fcdd61,0,0,1.0,1.1106112557390801e-10,5.671151881436742e-10,9.851235382996038e-09
78749d270e64ced0f66a59b6e3df7323470312c68dc81d73768bc2c1531ef28a,0,0,1.0,1.8621291175691113e-09,8.417453400966224e-09,2.6547652964836743e-08
788fc31829bd20cfdb09597e3fcbebb1891b546999f7d65f2f245f909722ad2d,1,1,1.0648481207908844e-08,0.9982663989067078,2.7487464748787716e-08,0.001733575714752078
789ffaa2f38de7b3fd85cc3aa89437998717a7f167c08a5571c1c153f561432c,0,0,0.9997453093528748,0.00018312946485821158,1.5119207091629505e-05,5.6343458709307015e-05
78c0fff73d3e55139b5765165eb6062bcabbd748be6d17a8b46c0a2574348344,2,2,8.677205187268555e-06,7.335106602113228e-07,0.9999797344207764,1.0850250873772893e-05
78cc5bbfc2938e6ea57a980c68aa29b0b1b0bc3410edbe5410ab019cfd1a5296,2,2,9.02793260593171e-07,4.814889962290181e-06,0.9999923706054688,1.8978327034346876e-06
78eddc00fa90066704a7f8d83eb59957d958ee90b2249acd8ec3a90915635147,0,0,0.9999998807907104,5.105436073904457e-08,6.508350303136012e-09,7.145670366526247e-08
7928d85ed6fd83135ce719317450cd245d2eda5a118ae9c1bdc1656ee7d842cb,0,0,0.9999991655349731,6.597749688808108e-07,3.13374854954418e-08,9.507416365295285e-08
79313b18952f06a385707088d341309ea601924302cd0c14b0083602cb293617,0,0,0.9999864101409912,6.049005207842129e-08,8.480716129355415e-10,1.3529368516174145e-05
793208736b7ff0ee154a707c0e4aa60d1edd3fabc32c56714da6c5bdd23c4af9,0,0,0.9994310736656189,1.1998312402283773e-05,0.00034188685822300613,0.00021498276328202337
7942a3ff4989788a4c9d8f3b05d14ac2fa6d18de17cb10c1fc07363e88bd5b7a,3,3,9.101239761832858e-09,1.5911031368887052e-05,1.622592193939454e-08,0.9999840259552002
7974c24283970b0f0f5d81e8c1071ff3542f04c9a819784aa8d834a8cb16bc6c,1,1,3.923728009169736e-09,0.8606643676757812,5.7650847651302684e-08,0.1393355131149292
798abc36077a872827e7830df9e6609ee871ac3b9f273ffd7c55c0038bfc5bd6,1,1,5.193693141336553e-06,0.9024814367294312,8.709773828741163e-05,0.09742631763219833
79b76ef168c0355b35d6c4628f2addaa3efc1228b4d1262421104eac7a4e7184,3,3,1.0068834853882436e-05,0.00038266152841970325,4.0279546738020144e-06,0.9996032118797302
79c7f84bb2a4a3226eaa0c6951ec5733a2dfbc9bb178b2c70c1d014e5dd799bd,0,0,0.9999254941940308,2.312284550498589e-07,7.14237685315311e-05,2.8048173135175603e-06
79d438b9349515aa58e7080cde4737b2feff8413d9ad9f89d3985025bdfe8ebb,0,0,1.0,4.473350578848567e-09,2.2005408606418086e-09,5.665902946816459e-08
79d669e6f7e4f466b5359e91e057b1018d0ee31116bf527b75887c8ba7778218,2,2,9.716197291176343e-11,2.644755525693654e-10,1.0,1.1022358581413982e-09
7a086b08472575d16f488b125dcaeecb6ace12692412234cb130690a9cd050ff,3,3,5.349892262529465e-07,1.3709195627598092e-06,2.704386190544028e-07,0.9999978542327881
7a14ff7d6329a8118edc1ad7241e9b22a26c8d091ddfc001fb43c3e957a6a704,1,1,9.037040560322396e-10,0.9970736503601074,1.6142979575306526e-07,0.002926209708675742
7a2329eef97bde64fbdb4e21ace5816b967b4b04cac5c3ba24b19740abbb6de4,0,0,0.9999995231628418,2.914379990670568e-07,3.8870462404361206e-09,2.501715528069326e-07
7a55e616079f19a8e2087b0272547ba02c43fba8ec4959b5569f54b59201e810,1,1,7.499619814055336e-10,0.9993051290512085,4.74459369570468e-08,0.0006948485388420522
7a64b0d708664f1663dd849f68622f6df9a54aecf9beaae4413b8bcf4b5afbc9,0,0,0.9998618364334106,1.5223266927932855e-05,7.539003490819596e-06,0.00011543116124812514
7a66c87714f2d725a27c687452e50b4c8d4c9c4831698e6ffa9b0deec185d8eb,0,0,0.9997875094413757,1.6160157656486263e-07,2.8039821131642384e-07,0.00021211165585555136
7a66d3d0d279f5584eb4ba713aa62333f725577078585f430e20c6d16a69fde4,0,0,0.9999251365661621,2.2494803886274894e-07,1.105833220549357e-07,7.450978591805324e-05
7a6f7c27d418d670b2d795edabbebd78eb36c5ad341f341ee63602bfbce41a56,2,2,1.7451453615535684e-09,1.134944724867637e-07,0.9999996423721313,2.6056707724819717e-07
7a7543580ac2c23f1a2ab33aab23f6b9cc778c857928ed3dc21ce82931a1659f,2,2,8.503799620029895e-08,4.822060759579472e-07,0.9999951124191284,4.298035946703749e-06
7aafe78046f8e17f6731a9ae9ceec110c3375b17a7f9d3b94d8f1feebd83386e,3,3,0.000660937512293458,0.006181165110319853,0.0003620711504481733,0.9927957653999329
7ae0190554a7ea660be10c941c340a092fb6276305e88a97af51da4cd629a58b,2,2,4.0421041513916123e-10,3.3754257167117885e-09,1.0,4.976204337481249e-08
7b9de70256b7a415e6193b1c4f118b66b292240afa72fb44ae73665d154c3cf8,0,0,0.999985933303833,1.059678311321477e-06,8.17018097620803e-09,1.301577594858827e-05
7ba2bd9b93182b0367a2cf7f6c86cea334ae6e9378026029ba3e00b74e475a42,2,2,2.909855516264326e-12,2.2522526066381943e-09,1.0,7.940042373588696e-11
7baf11256a5c34e1bcbd31e8efdbcd143f24f3a55fd39fc16913851129eca965,3,3,0.00027872109785676,0.0012255293549969792,2.3520435661339434e-06,0.9984934329986572
7bb7e4187ab384ff27a845839367a5d18835baf86955e49cd9f3f911be46353e,3,3,1.620634293431067e-06,0.000565476540941745,3.5419720489926476e-08,0.9994328618049622
7bc1a2cd5997e6826c136ea3da7ee0a56a2f83bdd556df6d9b41415aa5788932,2,2,1.673084959463722e-08,8.222118985656834e-09,1.0,2.720074387951854e-09
7bd077daf8c4477e8a818039029b07e66f69ad4d95253059ce7632e0516b0b07,0,0,0.8919963836669922,0.10501208156347275,8.324185728270095e-06,0.002983223646879196
7bd935b584a10d7b444a6242d51ea2d43f386ce3e294281e67c92d644e84e289,0,0,0.9999982118606567,8.36330400488805e-08,6.177040745569684e-07,1.0810556432261365e-06
7be53da576e4f9d6ae8b136e1ad53f0015e3eb561d5d118ae69f991947987eaa,0,0,0.9991727471351624,0.0005352183361537755,5.95745696045924e-05,0.00023253892140928656
7bfc2e953de8cac8d0ed38a4eab0faabb4f78efe406046dcac01880042c12271,2,2,3.88345324608963e-06,4.668257588491542e-06,0.9999849796295166,6.437183401430957e-06
7c04f926cfd52bd642d8758fac1415c55d6cc6979b124a895064fdafc6ada969,2,2,7.858212711653323e-07,3.339960312587209e-05,0.9999392032623291,2.662833321664948e-05
7c227e5c82d5a101700a0451903fdc0640b92119dbc38a2f362c59096fbb61ea,0,0,0.9736456871032715,0.0032950243912637234,0.019061991944909096,0.003997251391410828
7c3805b543b0e9d593b4c9c9fe1608e6a2646bf38f2258697673b9e0a4a11c73,3,3,1.0875740485971619e-07,1.3971375665278174e-05,2.9857019967494125e-08,0.999985933303833
7c42e31b963da7b70d878fd3f8d58bbd8a7e6b82361d31e96de36a361b92c524,2,2,3.0791389438178385e-09,4.917700469064812e-09,0.9999997615814209,1.838024275002681e-07
7c535905a3447e000dd899df226b53d4bfc958225727ef12ee6fc00d05420d95,3,3,8.621554314913737e-08,0.001660413108766079,3.8013443059981e-08,0.9983394145965576
7c572dbc490842b90a688d5e17740760b489756d98b5cfa5bda80bd130f22320,3,3,9.114220489436775e-08,0.000102502919617109,2.0303778001107275e-05,0.9998770952224731
7c5b95691c3b63e45a130913e061aef9890fe0b15f130bd3318221269b8eeeeb,0,0,0.999932050704956,5.675316970155109e-06,3.047783536658244e-08,6.217819463927299e-05
7c68c14b35a8b21711e9f80bb3b43491bcf8d19e6aa51e6c732d274837a296fd,2,2,1.700720304143033e-06,2.050968248568097e-07,0.9999899864196777,8.073438038991299e-06
7c73a47c92d5a83c00259bd759f7fd524aba51adc492354c7d151c945b3e23e7,0,0,0.9767500758171082,0.00017101984121836722,3.330110303068068e-06,0.023075511679053307
7c8490d0f2a8717f0b6a882d1bcf7e9b17bc0a946fd13052bb893cbdfb529551,1,1,2.3074551791069098e-05,0.9439640045166016,1.6823706801005756e-06,0.05601121485233307
7cb18f0651fa2cd8b47e7c847b573fcda69e7623717500689d8fdac4c41dde8e,1,1,7.232505595311522e-05,0.9719564318656921,1.2744854416268936e-07,0.027971141040325165
7cbedde6f503f8ea65ac4d98e13313153d9d9f0f2ae232f3e191ca61419744eb,3,3,1.6249918077804182e-10,1.7610589964078827e-07,1.1747183781274373e-10,0.9999998807907104
7cc2fd02533429fa3f895520541e9b9f83edab86ed7e6a13b5edf81e71319a73,1,1,1.1392556871214765e-06,0.9862494468688965,5.103810281070764e-07,0.013748891651630402
7cc317eef446bd3ea23ad007056c79155b9cee22b78353bf46af9e1fac17073c,2,2,8.55234910668301e-11,9.687981528117007e-10,1.0,7.852812844433288e-10
7cc6728c77e76b159df3e7bc8a4599c1e11e154a0ca4f737945a48ca2a4c295e,2,2,8.763228009911472e-08,1.3345893421501387e-06,0.9999866485595703,1.1877993529196829e-05
7cdca974f52b8c192b4fe26a395b78d146cb6d02d14a8d0d9933d6c226968b5e,0,0,0.9999961853027344,2.595286474615932e-08,1.1629220253439598e-08,3.8594025681959465e-06
7d0d3bb2176adc5a6a4b7063e0743985779890ce8b31f88ea2688fa9ee5717f0,0,0,0.9809948801994324,7.242923857120331e-06,0.00020004143880214542,0.018797751516103745
7d14d04e563897fe32982e1cbf1d10c0b1a89d5ea560e7e5fbc99754c7edc308,1,1,2.692189866593253e-07,0.9688766002655029,2.9615796393045457e-06,0.03112015500664711
7d2bb65cb64cbd6ec03bc2b154268f705e8063a5deeaebbba6ce7002724fe9ec,0,0,0.9861517548561096,6.720798864989774e-06,8.944113005782128e-08,0.01384140644222498
7d447893aea5627b191c146d4d71c101f47c779b2a12d55e914644b5aa158180,0,0,0.9271669387817383,0.00021831237245351076,1.6326230252161622e-05,0.0725984200835228
7d4975c07cfdbbca7ece979de640f9ee38f29e49e3278c197b6265ea622ec87c,3,3,7.512054978064953e-09,2.506425289539038e-07,1.7417148612253186e-08,0.9999997615814209
7d4a51c75a02515575f8f579a03e10b6957796870f8bf04b203c0a51c441536a,0,0,0.999998927116394,2.669863192750199e-07,3.68483966894928e-07,4.698472650943586e-07
7d586f06f6909d5e89f9287c88ee86a81cf0d93928eab361879b2142c22b92a8,0,0,0.9999955892562866,9.831969904894322e-09,6.743202662917724e-10,4.440176780917682e-06
7d593901df88d1bb783ed7eb73f9d44dbddcd279f1c5b85c594b29c6c4ea1efb,2,2,9.558113411856084e-09,2.3088695400019787e-07,0.9999982118606567,1.6005348015823984e-06
7d693893a46b80ef0eed6631f056a6ff272a89993495a2b87285e88db22f778b,3,3,7.306946940843773e-07,0.0003315431240480393,4.819592049898347e-06,0.9996628761291504
7d77d8c041ff6cd2b8d90cc7994ec4796f3b40e89390f7edcd576208f02330e3,3,3,1.6127877415783587e-06,1.1911860156033072e-06,9.731971478688095e-11,0.9999971389770508
7d7a6e9407a4ae040ea51dba0a0b9495b484fdbc2d1999b0b0a75afe2d472f8b,3,3,9.459329817218531e-07,0.0012168263783678412,1.1087321581726428e-05,0.9987711310386658
7d7ea70bf00fed1f054eec201e07c1364713f86ce1dc54000cd2013b290cab5b,0,0,0.9999891519546509,4.085175646650896e-07,3.957717638058966e-07,1.0076297257910483e-05
7d8095df56db1d0def3d32d602b1ea00168a3c3de4774aa3b36972b9f40d9c76,0,0,0.999692440032959,2.236578438896686e-06,1.3319813660928048e-05,0.00029191465000621974
7d9333cd1cfa6aad1a93d032a32b4d480d88466889c946f57cbdd8e1a2ec5661,2,2,1.0340422704757657e-06,2.7434391540737124e-06,0.9999685287475586,2.7662446882459335e-05
7db4498c2eab132d936d96076d5ace08292dc40dc7e60c8a5be3778334680ad8,1,1,1.5973726785745157e-09,0.9998475313186646,3.8997114870653604e-08,0.00015240821812767535
7defb76c15c5a4afa44f885bf59f8aa5b98447cacfa895133c815c9b1cc96799,2,2,2.3460361262550578e-06,9.321609468315728e-06,0.9997677206993103,0.00022060399351175874
7df7de4984ba7eb4fd1a2951630d0a4f5ce989f08401d7166370d74ebeb83f1d,3,3,5.260182689426074e-08,3.490985591270146e-06,2.871852478047998e-10,0.9999964237213135
7dff5e40b8b763c26be269e725a65c0cdcb6e1fb3a78404be858780225c2032a,2,2,1.628372672257683e-07,7.332517952818307e-07,0.9999958276748657,3.1754348128743004e-06
7e1678e68c7b77d68b0d6444c061df513312f23dbf72163ab03d3dd5de8ddebc,0,0,0.9999984502792358,1.5931955488213134e-07,2.0296734248859138e-07,1.1617873951763613e-06
7e55f8e3207a9a0b7bbd9d897bfd2e79a2b7324109a15b970cc1f6118ae5902b,2,2,1.5900784161582138e-11,4.167776346264418e-09,1.0,3.0050932853242784e-09
7e5d2b0ad829d15d98d8562a5fb58b5819f8f33a8cbf9602b4200d3a14645dde,0,0,0.9999085664749146,1.0374427716897117e-07,5.705730887761717e-10,9.125009819399565e-05
7e5da13f1f3f29da1e67b4b5acc84477ed95e53484e98f0aba8842e9c3fc2849,2,2,1.9106848867522785e-06,8.70772564667277e-05,0.9997177720069885,0.00019322396838106215
7e7e544ec559f6be3d318a3ce873f83a40c73700f67d4b1b26fd281b2cf9fcd8,1,1,7.98117960609801e-11,0.9992132186889648,4.1111324122766746e-08,0.0007867699023336172
7e90b6bd84186a40893a6c01e8c5c22d4b18ae14e88f670a573c01a41dd2959c,2,2,2.891564463425311e-07,1.7880036011774791e-06,0.9999850988388062,1.2926921044709161e-05
7e92b14429e72fec96ad690ec883fc7f410a8247e11d8e3adf03f32eaa763e25,2,2,2.0424781865813202e-08,1.560052510285459e-06,0.9999879598617554,1.0507708793738857e-05
7ed8a1bb54e23a7525c964a8bf7bff02af721f97667cb751c18112b9c0c9a529,2,2,1.242962399672365e-10,2.341691818230629e-08,1.0,2.080884575761388e-09
7ee2988e0fd381e2d394144d5b02f28fd38e3a3a44fe2ea66dbbf67f5559b81e,1,1,1.3774517526599084e-07,0.9949181079864502,3.381404951596778e-07,0.005081449169665575
7ef75f58afcd9045b972ff73d86a48125dce807bd2bcf9e2db2732acdc17995a,0,0,0.9999963045120239,1.316177304033772e-06,6.08598256235382e-08,2.3169945961853955e-06
7f039bef99e8f97a262c147a469b99b7f3214522f1a1608925d52f81c1e518b7,0,0,0.9999881982803345,1.0583834409771953e-05,1.0741818101678291e-08,1.24338419027481e-06
7f3ec6ace5fad9d1f124d91f8f250b9a5c5401080a1bcd3af2796553c23d2813,3,3,8.740807402318751e-07,0.0038219464477151632,5.114616783430392e-07,0.9961766004562378
7f530678eabdac21be46f6ba4313d4fc448f9fe050b7fbbb2361eee859fa4439,3,3,1.9868750769092003e-06,0.0002749699051491916,6.769853371224599e-07,0.9997223019599915
7f8b9c75956d3edca571c95c480539a10753f4d0a8e3aac9a26d7d7013886325,2,2,1.1119918497115577e-07,6.716954885632731e-07,0.9999934434890747,5.751129265263444e-06
7f97a3f11e7628211cac79c3467d5c234b4531358be331e9afbae41a3606dde5,1,1,0.0002653550764080137,0.9977976083755493,0.00027899289852939546,0.0016579411458224058
7f99e06ba285e233ec00b6aa8c573c41aeac00da484e8885ab1f211fbd9c2651,2,2,5.990506224407e-07,1.3927547115599737e-06,0.9999935626983643,4.467146936804056e-06
7f9ce38cecf23f4da21e837d1b626383298338fa7770c78debdb48841f0dbfc5,0,0,0.9999954700469971,1.3310078657013946e-06,1.2594081510997057e-07,3.1422689517057734e-06
7faea506d48c61d9ffc35292025b6c16702eb08adbe92ac466c12e9cf2f3b169,2,2,1.7628536852498655e-07,3.321630970276601e-07,0.9999961853027344,3.292017254352686e-06
7ffe687a8d064382fca19d9fec52805b9a54686db418fe7681cda844a5698616,3,3,1.1260388177447567e-09,0.0011541243875399232,1.3884317029422277e-09,0.9988458156585693
8028aa22c08a382b7dacce918aa75172928979517281e4cd3e2f6a2cdae0193c,2,2,2.204666452598758e-05,3.5872483294951962e-06,0.9999150037765503,5.937353853369132e-05
80448f5ec7b7efa001eb32cdbcac1eb4ecaf9ca3290f4b41bc0edead878a8141,0,0,0.9987781643867493,2.8433780244085938e-05,2.3501634132117033e-05,0.0011698779417201877
805a0bebc4056c4d69ffe1a402a6bd9a9e9de638e0a80143d37acf3123605523,3,3,1.3206847171431946e-08,7.432792335748672e-05,1.3468278936556999e-08,0.9999256134033203
805e6e7160b76de7011b2406beb0a2d35b9059f4903facdc8d6ec961e8e832cb,2,2,9.320104368271132e-07,2.86825866169238e-07,0.9999977350234985,1.1125360970254405e-06
80a7f1dc6afe9cc73a6379593d8c078f3057a3b2aa8f529ccb27be3355b5f9dc,2,2,8.728871847552e-09,3.3558098948560655e-05,0.9999650716781616,1.281251343243639e-06
80b1d880af728e76fd5ae69c7768a591c42747e7df9a51553a98ac2f5e5bb81b,0,0,0.999998927116394,1.60752193778535e-08,2.3766757806242822e-07,8.050072324294888e-07
80cf2e50a428b22bcb01c8183f9f3a5f5270a5bea7ccc37386e2e0ae8153f23c,0,0,0.986956000328064,2.1018853658461012e-05,7.982248462212738e-06,0.013014866039156914
80e99ce54b54f868ec862f8307ce0169d86236935e9ced99c67c21bfdc952123,2,2,0.00011101134441560134,0.00022739003179594874,0.9967767596244812,0.002884853631258011
8106bfae312f49b2c2c447f9f3f77f2682a03a3d7d89b4ba50afb3394206a696,2,2,1.2244686331541743e-05,7.826990622561425e-05,0.9998956918716431,1.3862349987903144e-05
813ce5878ead04e6e5647575192698f1fe13d585a3612b6f2b20f9b87afca019,2,2,1.8747009278285987e-08,8.675199296703795e-07,0.9999990463256836,1.5711761136572022e-07
81552fb3351a15ecb1fb4094bfd2a44d1fd422f45245d3eb24c5bb0c1d7f3554,1,1,1.698183460518976e-08,0.9682125449180603,6.050551064618048e-07,0.03178692236542702
816a5333fc74a9289aa2bb7c828e4d735618db93befda4dbea96ebe6cbd17192,0,0,0.9998821020126343,9.8797800092143e-06,4.046531785206753e-07,0.00010768690844997764
816ba09db82fc54b308eebf54a743e7c4a8b06523e1e16d3ea4b48a3a7d7c88c,3,3,1.1557617654034402e-06,4.528869249043055e-05,4.81281574593595e-07,0.999953031539917
81c1fa202be706bb2d1f151c49cd935137d2ef46eeb2cd9b0359375f4a7b76a3,0,0,0.9999830722808838,8.52495460890168e-08,8.25790269498583e-10,1.684906419541221e-05
81c79cc214563c605bdd723df7c835957dfdd646cb4e974c7cebe19dfddbf50f,3,3,5.407432368542686e-08,5.714751750929281e-05,7.451234074196122e-10,0.9999427795410156
81cccf0636a6f87a721759ae4d1f89a2242c61d80af2f47f41073bdbb71d0028,0,0,0.996903121471405,0.00010387952352175489,0.0008310069097205997,0.0021618918981403112
8203afc72c734b9a628c908c623a730c8e92864ea35142355e8f4cfd55e4bb16,0,0,0.9998588562011719,2.109979277520324e-06,0.00012698164209723473,1.2035601685056463e-05
820f41c1ae2894a10676693e306ab0cc001ff97fa567d00f3abc82bfc5dafb5a,3,3,8.011414138309192e-06,0.0004975098418071866,7.558062975476787e-08,0.9994944334030151
8213ef2677772a76806b9407b632db3104945c55c55b5fe99cdd28ca511d7486,0,0,0.9477213621139526,0.01797644793987274,0.004437586758285761,0.029864557087421417
822033e5545d6d286d979e20a1e717de8e104df0a42253bced632a1e54f147cb,0,0,0.9999886751174927,6.902796201302408e-08,2.460221182332134e-08,1.1244122106290888e-05
822b096a9f7fc1b1863bdd945a2b7c20470543e83ca535b638726a377e48d28d,0,0,0.9999262094497681,3.0887087632436305e-05,9.301630598201882e-06,3.3666226954665035e-05
822b2265afabe72a19be380f4f50dbd7f2bf41ebe08287e6b089ae96e0317151,3,3,0.002284218091517687,0.016680454835295677,4.433034700923599e-05,0.980991005897522
8247b97e01b21b892429fdb5fd85026d76896ab560e97aeb00f9d40037c7fd1e,0,3,0.03464362025260925,0.0005786552792415023,5.6087297707563266e-05,0.9647216796875
82638c7f52a21f063caf166d05bfd23631261e0d3228487642890e1820d9646d,1,1,5.031183292203423e-08,0.9991893172264099,8.065428119152784e-06,0.0008025713614188135
8293e5f613df09206d8d25bc70cafd04a817add9bb581f0a931ff410dcba514d,2,2,3.4899983347713714e-07,3.23000131174922e-06,0.9999964237213135,5.0766661985335304e-08
82d30bda22ed6202fa30f67654574ba623884713f3c3de5c5ea123245c21f67a,3,3,5.822614639328094e-07,0.004264212679117918,0.00024939115974120796,0.9954858422279358
82da18c31622119046c80db250e01ccc318af2e14246d41434811c45d8b041c9,2,2,2.0694713304125756e-11,1.3934982945329466e-08,1.0,1.1393812116011759e-08
830a8a0b9ef4666c51b51cbf94599b282eb91caf0ea8f74fc6a2920e564fba0b,3,3,0.00015608815010637045,0.00011663301847875118,5.877016064914642e-07,0.9997267127037048
8313ea19d3d320b8adec0a4b1b90f3407646bfdd41e7c7484012110737ae5565,0,0,1.0,2.414290711794109e-10,1.9040269361170203e-10,4.8555005349726343e-08
835d289e703477843515b1c204550bf47f0f73544481cb26ef81e29e931644ac,3,3,2.1154957721591927e-05,0.16362586617469788,6.740792287018849e-06,0.8363462686538696
83603f7ebab40769cea0148d0ec2cc3d478df8e85dcd77147a624ad02c14c5ed,3,3,1.0385894455566813e-07,0.0006495507550425828,1.3537921006445686e-07,0.9993502497673035
8365a1939ad3f9a25d45a07600a1ef0c25632d2c6d428022ae89c4f0142ca8bd,0,0,0.9792169332504272,0.018953915685415268,1.2768958868036862e-06,0.0018277455819770694
837a6f937c17a040025ad884e2bb929dd05a50be540d5b97eb5246668a0b7208,2,2,3.057956291740993e-06,0.00018251569417770952,0.99967360496521,0.0001408937678206712
837df854f363a744618f0a0b9bc2476fcbc1efd1b333634840db3d962c80c45f,0,0,0.9999974966049194,1.1862425708386581e-06,5.098502811051731e-07,7.869365390433813e-07
838d80a8ca985ef50f90964015aadd31bcfcaee9e4d0d0b3ce04f4496524ca12,3,3,2.6565263397060335e-05,0.007646532729268074,2.4949687940534204e-05,0.9923019409179688
838e10234270ae6f028dd674d4de59914a5946b9874ed65ef86e815e05a3fd46,3,3,2.66884736532802e-10,4.90527854708489e-05,2.593929238070558e-10,0.9999508857727051
838e77b9381ce33125b7113d654832bba87f091f2dc8ab4e211449cd4cb0f3ee,3,3,4.5926950065222627e-07,0.00024425340234301984,1.1665140675631847e-07,0.9997552037239075
83a652cfd3a4598533a14a3fc7ce93628aa360bb8f8367972e6fa6fa47a2d5d4,2,2,6.971247756837329e-08,1.984929411946723e-07,0.9999990463256836,7.170954177126987e-07
83bad3cd054a231c9276efc15b12560c1f97cfd1721f80f6fde88cc22da85546,3,3,0.006422932259738445,0.0022096270695328712,9.631737157178577e-06,0.9913578033447266
83c525b30c0bc18f0366d83e584fe630bff68e1131dc88df99f38e17ca99ef68,2,2,2.245609920237257e-07,1.0421069418953266e-05,0.9999635219573975,2.5907249437295832e-05
83d8b2f5925a7b478edf693733516756a1a12314a49288f647a681d4e694d32d,1,1,1.3058924774878022e-10,0.9994511008262634,5.073982123349197e-09,0.0005488627939485013
83eab82075643b9bbef6055e45059c675459ce3702450860d3af1d646b6184cb,3,3,1.3111250041220046e-07,4.96047105116304e-05,2.557292688720736e-08,0.9999502897262573
840cbbb91223d60e84b9dae2af17618b9ef42c89b0ff64d19953cea2fb64ee0f,2,2,1.9804716200333417e-10,1.1707694369533783e-08,1.0,2.063584636502469e-09
846c40a17a518b4e8cf6e953eb68f35164f224cb990037d8a2480d1a89ce424f,1,1,1.0055637176265009e-06,0.9903546571731567,1.113341525638134e-07,0.00964420661330223
84722b990606a8df2bc991a23fed2257679583825b3219632f99bbcb8cb86ddc,2,2,4.1812686646380826e-08,6.062402917450527e-06,0.999992847442627,1.1182939942955272e-06
84904b423236bad8edddd412cea1ac4e657b74b60171afbfc144633c62e378f2,2,2,1.8590594663692173e-07,2.308088824065635e-06,0.9999866485595703,1.0889189070439897e-05
84d829fd065be92b324c3e9156f4a84f46746aba2f2b7870a9c9ce12116bedd2,3,3,1.0387864222138887e-06,3.9212700642110576e-08,1.1024686941141226e-08,0.999998927116394
84fc38fcdd0cfaedc455efb2f22da3eb2780350be750b16375e4d2a19502f61e,3,3,3.887065759045072e-05,0.00031930391560308635,7.277590611920459e-06,0.9996345043182373
851a2d65048897c790068ee0c211dceee58738a2c99f9e2efacd2476d5a41f22,1,1,1.6359086885131546e-06,0.8643775582313538,1.4422676031244919e-05,0.13560634851455688
851ac951e96714fe60f9f62a9d92708b7c8fb64973a3e30f5bdfbfdaa421e927,3,3,9.706082160221285e-09,0.00010793885303428397,3.079378174675185e-08,0.999891996383667
851cb2b1ab22fb2998427cbf64fc9cf4e1907ab46b2ebda7756fa004eef3ba64,0,0,0.9999247789382935,4.664952211896889e-05,6.6696138674160466e-06,2.1939385987934656e-05
853556fb1da113ee8b442a2e34b78d2c812edcf42fa382a2865402a19ecfa39a,3,3,2.919953701052691e-08,0.000663766753859818,6.890513304824708e-06,0.9993293285369873
85692af0dc4dad1866af6e14aa1ba9ae5edec21f6dfb9bb307386ac8dd0915cc,2,2,9.793899913290716e-09,4.041157453116284e-08,0.9999994039535522,5.6246739177368e-07
857141bc7e6a624367b4fc2315111877cba72cacd0379d1e0ea0e9927f55ca4c,0,0,0.9999700784683228,6.071429197618272e-06,1.2805235982682461e-08,2.3845328541938215e-05
858c88af4a614df72e30fe773ef55c5aa46861d3f0ed1f73d7a8a8b6400f2a71,3,3,4.533272868201266e-09,0.00011740029003703967,2.215814420836182e-09,0.9998825788497925
85a1a2340ddf9e909cf8944efa57de54a5fc294d41a0be38ad511241580618e4,0,0,0.9997701048851013,1.433999841538025e-06,2.4411124286416452e-06,0.00022608035942539573
85aa3d8d46c9cdb1ae341d6bea74de74a6c36e517be87a0fb48954aacccca9ee,2,2,7.15758733349503e-06,7.96780386735918e-06,0.9997655749320984,0.00021933080279268324
85b0d2c160fd5b18ae9a6cf2267b0095c33c0855f3b316fb72deff93da076478,3,3,1.2750899891500467e-08,1.7460280332670663e-07,6.370605154515374e-10,0.9999997615814209
8610921f61c1b10e3806acaaabec7b1bdcedf02104865011c28a422ee9896a81,0,0,0.9999998807907104,2.337278459663139e-08,1.751354616885692e-09,6.684422970693049e-08
861d43d17626db39d2e65fe56424f67f99a357001b894c914bf558c5b5e839ec,1,1,8.317244351019326e-07,0.9970382452011108,5.912208962399745e-07,0.002960402984172106
86268d1c5a3596266ad3cd604372e6841184309a4d29d2d6b374081b8c10b08f,2,2,2.981536795232387e-08,4.04750892357697e-07,0.999997615814209,1.914791710078134e-06
8627af66ef8a6704c4d59f38790d61d8ffa3cf1b24ac84897426d43b407ca6ce,3,3,1.1127915968245361e-05,0.00017916863725986332,4.909843482892029e-07,0.999809205532074
863ddd25e742c69b10991ceaddaa32948e6d100a66ff034039620599c30e70c9,2,2,3.941853066180556e-09,1.6102265476547473e-07,0.9999990463256836,8.36737569898105e-07
865bbdaaff6b8a45ac515534101ca848d62ab6a4f737c167179d2892bb8629b4,3,3,1.942522409592584e-08,9.960793249774724e-06,6.909286298650841e-08,0.9999899864196777
866f3f8343d88736ffa0238121da764619e4e780a300eb80a8f021dd8a45d2ea,2,2,1.045059927484715e-09,1.0438990116767854e-08,1.0,4.627584537786333e-09
86b2d7465566d01d261324bd7b3a1add5b785243dd6bae5aa2e166d06bae2a4d,2,2,2.0785355658858862e-08,3.823387942247791e-06,0.9999953508377075,7.885267905294313e-07
86b83197f5e001dc93f0c33c7856f061417b239ec914f4fbd6e594b735b811cc,2,2,2.8140066277160258e-08,1.6780214195932786e-07,0.9999988079071045,9.878592663881136e-07
86c8a7768a18812fac20459c6009d75ed181c867dac9e65bdf8018f163127078,0,0,0.9999206066131592,9.294533356296597e-07,4.460235558667591e-08,7.843340426916257e-05
86e82ce602b0aa6177d017a6dcc7e1b1ed2d86270cef3db3d05c5946cbbd5ebb,3,3,3.8611528907495085e-06,0.01657574251294136,3.6196393011778127e-06,0.9834167957305908
8708e34896082d3afe9e3838bccf187f3ecb9ca422fa1757df1248ba3c7cf2ac,0,0,0.7900490164756775,0.1528937667608261,0.03236611187458038,0.024691062048077583
877c42325d1510643ae38c7579ab610e43c0cf616e7592733359b8841c90fb5f,3,3,6.539970627272851e-07,0.009022229351103306,7.137237645338246e-08,0.9909770488739014
87857691b636907b9f819feb649007409894b8f0447c9762271a521d60700d3f,0,0,0.9924647808074951,0.002099060919135809,0.005316971801221371,0.0001191701740026474
878e3928c0a5c0d50b66fb5fbf5358bbed751ea0de733ea92c0200ea10dd9b45,3,3,0.3121505081653595,0.004937352146953344,3.1369985663332045e-05,0.6828807592391968
879b2f77703af9bd9d9d059ebb98407a713aa66eb265e8ee6cff2b6a3da138e0,1,1,6.4687951635278296e-06,0.9215735197067261,5.527117430403905e-09,0.07841998338699341
879e54aad3020ea62cfef0a3095a8edc2c188d7308352f69f9eca426c236defb,2,2,3.262394798753121e-08,9.6616179234843e-07,0.9999971389770508,1.8986835357281961e-06
87a7059f0e9851e8b8eb779a9a3fd8c0249bfd7adbbfe8fb58c5e96feaf4b8e4,3,3,0.0002924997534137219,0.05041145533323288,0.0004885083762928843,0.9488075971603394
87ae9ee52d2d0793a02bac00909142830305de2171dfc28e3ce3d74dad8ede4c,1,1,2.009939805702743e-07,0.9999366998672485,2.8208283708863746e-08,6.302997644525021e-05
87b30373c316832e5bae6a05020c5490a8e5544c2154ce6789d8cb8560d5ea92,0,0,0.9999947547912598,7.811756574938045e-08,1.439600660901874e-10,5.070986844657455e-06
87c0054fbc4b15ccbc6626182f0482cded36ae54513cf0311eb427718c902ed0,2,2,4.841060330385005e-10,2.991191516699132e-09,1.0,4.4283656741583854e-09
87ef98fc57894f8ece5e720efaf1593495a65b60c045617353f7c93e4b5f2e29,0,0,0.9999550580978394,1.6454253000119934e-06,1.494140775548658e-07,4.320715379435569e-05
87f310d67ddca2db6579e67c58efa26da8c1937a8734f19d94e21acb1ee305e6,0,0,0.9999998807907104,2.230078482989839e-10,3.726332298281676e-10,7.232163312664852e-08
8818272c2466f0ef6130e7458244204ace361ec9cc6eaabc2c88ba13dd4f8518,0,0,0.9999878406524658,1.9916518567697494e-07,1.09230986709008e-05,9.027925784721447e-07
88225ef634db9a9c92580f61546f4d73448ba0315bcbf65c8d02c98dcb61cd3a,2,2,9.913994958310468e-09,5.021519768888538e-07,0.9999990463256836,4.4109330588071316e-07
883a734d87e3e21fa0c2b727426e354e5ae0b3a8ecb7e9a130566991dbbcee8f,3,3,9.08844022262656e-09,4.246028765919618e-06,2.113230479494632e-08,0.9999957084655762
88905740df341675129955587a4fa2dbee21920c5ed93dfcbc6c8ded563588fe,2,2,1.0566128594291513e-06,1.9857573079207214e-06,0.9999872446060181,9.706225682748482e-06
889107d04fee74b1fb7f766963e482355c3215c246313ec44fa91c77c5b44b15,0,0,0.9998818635940552,3.877311485211976e-07,5.689807380804268e-07,0.0001171418625744991
88b4345fb5616b946cf652c5a5c57e33aa42c919c043438a43ea288b9c663a3f,1,1,0.005357125774025917,0.9214540719985962,5.504520231625065e-05,0.07313388586044312
88c19f668f4e0e79c9e245dcae75c6d0f2043257e7a3b83d25e0e83113e6a9a4,1,1,3.2200050554820336e-06,0.9850881695747375,1.164737477665767e-05,0.014897085726261139
88d46d0864c1f42bff19a7942a5c211a52828f7414a550595955c43a22809416,3,3,0.00012689204595517367,0.05965935066342354,1.2242528100614436e-05,0.9402015805244446
88da8a131f5b3afb6b8bf30d92e7ffa6084f24608ee5475a54983e3624291b01,3,3,9.74631984718144e-06,0.0007019746699370444,2.162949613193632e-06,0.9992861151695251
88dc2caa6cb7572c2a6693c915e01767869b756d5ea2e1f9c1e79b8488481036,0,0,0.9999979734420776,1.549937778122512e-08,1.0517011261867992e-08,2.0775323719135486e-06
88e13da3dcfff55f424cd8238ee53478c0d640eee9ad12df0f98b5cbef379858,2,2,4.259223182478955e-12,6.290925003149539e-10,1.0,6.893341453206858e-10
88e79c839b321bf0fdb56178b29f083830fd215d30b3e037c07025354b324340,2,2,1.9305503862199203e-09,7.417174430202067e-09,0.9999995231628418,4.5236365053824557e-07
88fcb687aa8586dc9779bec0b1c88d35639ac7cdef44f0334fee2c227211dd81,2,2,2.2330242188672855e-07,1.8315913052902033e-07,0.9999994039535522,2.564284784511983e-07
8932a23ecf523a93b4b59bbfcc58d0fa75343f00debdc4c3cb026831b361513e,2,2,2.8102731448598206e-06,5.447954663395649e-06,0.9999842643737793,7.463157544407295e-06
89505151f1435309f15791895f91ab36fb49499eed823842ac7452ee70b6594c,3,3,0.023136043921113014,0.4263538718223572,0.00029357289895415306,0.5502164959907532
89633c036d54407d128d5549555c7ac99115646227009257d4ab7b109b0ddb28,3,3,1.0789258340082597e-05,9.140588372247294e-05,4.340540726843756e-08,0.9998977184295654
8996192fb3c7f5f559705259e28c193cb912fe6d0528789c0b198fefe199b5b8,3,3,1.2121930126340885e-07,9.292030881624669e-05,3.6095350708365004e-08,0.9999068975448608
89a3063d9261c7b99778f5f2dd5680084485578b4c749119c01e0953a4006b37,0,0,0.9904871582984924,0.0005446307477541268,0.0042502195574343204,0.004717885982245207
89a5c99775cc0e6caa9e24e7bd776ea1aeb1a268aefb704844b38a6ca5b3b61b,1,1,3.916755986210774e-08,0.9922019243240356,1.4780885848608705e-08,0.00779810780659318
89c499c195f43801bcd10befa31d1b4229bc9575d7858e7af29dbfc556f70622,0,0,0.9996511936187744,0.0002197879075538367,6.155236769700423e-05,6.743418634869158e-05
89e3f3cdc6d4f96f7308f914ec0a2f993ae3928302552c86bef83a1857f50edf,1,1,2.269380092911888e-05,0.9690555334091187,1.3925043731433107e-06,0.03092043101787567
89f9be51ab10938c402135c9dbef5b9abf07c3b7ae3cd0bb9fc4943b3ac26eda,2,2,4.60620003650547e-06,4.732697107101558e-06,0.9999805688858032,1.0149333320441656e-05
89f9dff2f8277290290c9ccb1d1d237cc761709da527130e524be95e5653c02f,1,1,0.0037251044996082783,0.9156309366226196,0.0013136968482285738,0.0793301910161972
8a029a83af9dbb012d0f3ff917fc487f60822fbad6ea97f62b8d7842cde87782,3,3,5.240906375547638e-07,0.00023579008120577782,1.0662824934115633e-06,0.9997625946998596
8a0766e3d340b65ef495672803a887c7559ecea7aad2d23c71742b0c443898e1,3,3,6.798786955641845e-08,6.41236620140262e-05,4.494737595450715e-07,0.9999353885650635
8a2652ee74ab89d89f81f5f8f4c91dd97538c214da45dce74220fd5572e0fbe0,0,0,0.9999878406524658,9.057971510628704e-07,1.8350931441091234e-07,1.0965452929667663e-05
8a34cc52f63744d8937a06d68292df2163a00d8f0ba509a454eba9e5fbe29be4,1,1,7.268778356994687e-10,0.999956488609314,2.7161661808605686e-09,4.346527566667646e-05
8a4508615fc8868afa1f325e8a25095ee850bf93ecc151a14f3999014d119180,2,2,4.786570695358705e-09,2.102535923143023e-09,1.0,4.2525186927377945e-08
8a494fba9e3f5c6148406cedf7df02ceeb54bd6b3c42c99765ea96e2ece6bdbc,2,2,3.3757338258055825e-08,4.169685610122542e-07,0.9999991655349731,3.238682211303967e-07
8a57221f09e2028b55c827fce72842848adeaa4ba4cc451d84ac0079764101c2,0,0,0.9662109613418579,0.0035955554340034723,0.000745807948987931,0.029447773471474648
8a7853c45c4e7b173ff5a28451d30f375817413c31674c924aff515dbe163e9f,3,3,5.070201680723585e-08,1.683385380601976e-05,3.300626216784508e-09,0.9999830722808838
8aacad631cd1a724fa1077252ecb56cbe78794d3da909a1d91db7472f7c16927,0,0,0.9999935626983643,3.7090552496010787e-07,3.2170419217436574e-07,5.72805311094271e-06
8aace910c1cb5a05645d1e50d573ab7c7904403c910c1b8304b1293c472e0f08,3,3,1.0496873073861934e-05,0.0005882274126634002,2.819154178723693e-05,0.9993731379508972
8ab213989053fff2cf51905155c44379bbed4102a0ace6bb759d4bc6a27b6a35,3,3,3.0856435841997154e-06,2.817306449287571e-05,1.189234808407491e-06,0.9999675750732422
8acb6afe1ac43696499463a8ea7d0a0fc0079de729e7c40c2f6d434f5c11f9b0,2,2,1.0432238184421294e-07,9.855553884108303e-08,0.9999990463256836,6.873100915072428e-07
8ada57cd09e3d93d84437f392ecc9d5364afbc681b3e19ad742ba83b1af979fa,3,3,0.001012682681903243,0.015553813427686691,0.010866230353713036,0.9725673198699951
8afef56658922f544746d42a5f8e036a7ca7a67d3cb5a7766ad55282bea4f166,0,0,0.9999898672103882,3.333127324367524e-06,3.4235798640480652e-09,6.792514795961324e-06
8b0ec3b1449f654f6b2c0503ae5dcf36d9c87a695eeb2f02b8671f27f11184d3,3,3,5.269468417168355e-08,0.00010331626981496811,2.4236848084058238e-09,0.9998966455459595
8b57763df9cde3b0008008b57a4cb93f3f98fd0b1640192e2dd9daab0b3db83c,0,0,0.9754199981689453,0.010675310157239437,0.0005898758536204696,0.013314824551343918
8b64545df1ffd189544612e074bdf750b14bfce0984576558ba612c8e5bb89ad,2,2,1.4756665889237297e-09,9.00932839442703e-09,1.0,4.717490043049111e-08
8b6fb25e85efd4fdc767850b432b7f39a1dcf33cc7f7361f8ee29b010419a7cb,3,3,5.9597272894507114e-08,4.723652818938717e-05,3.886250610207753e-08,0.9999526739120483
8bb780c3ac6817e804d1f0f3e1a9d7a6e90fa001e0035ddeb6c922022d17423b,2,2,7.100882104538186e-10,2.8588965861331417e-08,1.0,5.688577786600035e-08
8bfeeaa6cea767325e29ec671f5e73a88e155c782eb53bfc6c5b6d63701eebe5,3,3,3.192437247889757e-08,8.3899540186394e-06,9.061775774199532e-10,0.9999915361404419
8c25c8b07483919831155151c7fa13dcf86d7f3b9d37c08b86da17273572216d,2,2,3.421745020659728e-07,8.380958149700746e-08,0.9999992847442627,2.0757774166213494e-07
8c3cee13369ebeb2d9fe664dc4babe653d58d366785aabeea1d1b921223efe59,3,3,1.5294915334251868e-10,5.500124461832456e-05,1.2207208577308393e-09,0.9999450445175171
8c61d41512bc66e81eda10499f08042cf32ff4742b2f7d3ad396992da3e212dd,2,2,3.804078385627463e-09,2.602661908213122e-08,0.9999996423721313,3.2551540130043577e-07
8c8ac6b8242e094c3a1b81d342875df7ecbd61043fc5ffa6e3ca017d678297c7,3,3,5.151685300575082e-09,0.00017879543884191662,1.988851749956666e-08,0.9998212456703186
8c8e114bdb1ac62295d4400f4edaa9eabb53d7ca0759aa7382bd3e8eb408fab6,3,3,2.5486415324849077e-06,5.230772512732074e-05,4.8101393979038676e-09,0.9999451637268066
8c8e1566169ca892463edcf1e1ca145e237b312056b93fde588f1b044fc026c3,3,3,4.6393827668467225e-10,7.127434855647152e-06,1.0073003542387937e-10,0.999992847442627
8c940150a1dd8c578d44b489f2814ad90d4a4aa40d9a0eb41050eba51d09e24a,0,0,0.9999556541442871,3.0078890631557442e-06,2.7734680770663545e-05,1.3579287042375654e-05
8caee95ef51adc1965e45cb7d1a9bd01336ae62500ae2cf864cf2cf6037aa316,1,1,1.9957624441957478e-09,0.9985345602035522,1.4326913344575587e-07,0.00146530382335186
8caf1a50b9f45e71b09ead52dd36cd01ccb29308e9cc68bc00077513b1025827,2,2,1.2963444078195607e-06,7.906410246505402e-06,0.9999631643295288,2.766934449027758e-05
8cd859226026850b9a57dbc3aba9c7b97d66f9bd6681076166023ff951dbaff6,3,3,1.0226486324427242e-09,1.349754029433825e-06,2.148595079631832e-09,0.9999986886978149
8d0748672aff25d99eaa3b714a3ee1a3773ec8e0b46fde756d9f565b70c74e36,0,0,0.999833345413208,5.51578268641606e-05,1.1938242039377656e-07,0.0001113814942073077
8d1a3861721332937070d3b0748d92280958daa3e01efbea5c48b14a936a1b67,2,2,5.009018423152156e-06,1.324967342952732e-06,0.9999730587005615,2.067259993054904e-05
8d322ebc2f434ec07add308af8d717e63b0f15a23a5028a7439efcb4ac28cbf5,0,0,0.9865813255310059,2.1863590518478304e-05,1.0481675417395309e-05,0.013386305421590805
8d51c90f0b095bb3b5ebed911e0e43c095760fb8cb0981628777f36aa609842b,0,0,0.7887592315673828,0.020182617008686066,0.013301764614880085,0.1777564287185669
8d54e62eab5dd1cf13d0b222911880e0fbeba9755e23a835bdd1ecda1615226d,1,1,2.424312484095026e-08,0.9985596537590027,3.3140611321869073e-07,0.0014399477513507009
8d6c067c2940f464d2b1ba745d2f681dfa2fbe774afc6b655f9142bf0d4d259f,2,2,9.350898722004786e-07,7.066922262310982e-05,0.9999051094055176,2.3208112907013856e-05
8d7deba4a685e07c3720fe10ab34249d91a1cd6a00dd3e508058c6665f31e6ed,3,3,6.493001336593807e-08,2.3232629246194847e-05,2.7754323284057136e-08,0.999976634979248
8d8c17764efa9d48c7e5396ad7c589a216e551b991c18d585fbc602e9e7379d2,1,1,5.090740160085261e-06,0.9805032014846802,1.312368340222747e-06,0.019490299746394157
8d930864030e219a83da6123a5e25278a304d474030e1641476adaf08a0383db,1,1,0.00010719010606408119,0.7071400880813599,9.513122495263815e-05,0.2926575243473053
8de1ba9bd187e4578aba6c692feedacc7377d72e5b653df1a15067ed6cc3c7a3,3,3,1.92047082236968e-06,4.677103424910456e-05,4.986945612017735e-08,0.9999512434005737
8de5b39f5452faffcc8fcd0b2e0340bc4f3934f1838abb3507c63f30947c9b3e,3,3,5.9495680034160614e-05,7.015601295279339e-05,3.247176607601432e-07,0.9998700618743896
8dedd21607dad6501d55e51ab4bed315b3184b05ba6aa697a0cc437898d09982,0,0,0.9037668108940125,0.05774017050862312,8.028017327887937e-05,0.038412854075431824
8df98cd0ef65845b860eab16f6d3383c9378bcc8eab1c9e8b768e902ed10a45d,0,0,1.0,1.1961480417266301e-10,1.530632148805111e-10,1.7848186928404175e-08
8dfc4b1e069812b8f0fc5e5d63edf5f5c9a29df4c93a9b66479d57eec45b9ba7,2,2,6.000061003597068e-10,1.826996193221575e-10,1.0,2.4791263486534376e-10
8dff84e6cc1210d459439ede38c39f2dd46f9108e271cfd10463f3a55e0ce587,3,3,2.0596735339495353e-05,0.3336511254310608,1.8980329059559153e-06,0.6663264036178589
8e08f8f3e8d92c42a27fd74d689765b200c98929a9c8006c3a62dc5c635db163,3,3,1.6318121197400615e-05,0.001794789102859795,1.3243216301361826e-07,0.9981887936592102
8e0c25edb00f706a833a3f1edf46f8df9aeb823b1b8607071743263abfa9e676,1,1,1.0196321227340377e-06,0.9983586668968201,6.573334394488484e-05,0.001574491965584457
8e4f654f5b4cda42e4da6f15deda796016769425ac67b1ae36ce824caa5847c0,3,3,9.677676280261949e-05,3.172783908667043e-05,8.640895430289675e-07,0.9998706579208374
8e5232b320bae4c88afbd23b86f74098310712f24914907dd52ab443fcd5d892,0,0,0.9990940093994141,0.0002324363449588418,0.0006435442483052611,3.0007908208062872e-05
8e5cf96f33d82ef9f17c7d5635fd9db7286c9a6a4f554a941ad1a1e0346e6c9b,2,2,2.7583704209632742e-09,2.5056074548501783e-08,1.0,2.375865726378379e-08
8e7600a80e5a85f2c477a534c6126811803409bd864f2532bd10738a1ceefed5,2,2,3.0378910196304787e-06,1.2207235158712137e-05,0.9999843835830688,3.4952725513903715e-07
8e79fe8d6dba1f8efe9b235d07042a8db3978867a66463bdd7c24907723ecc15,3,3,7.047424901429622e-07,4.570732926367782e-06,6.936913266031297e-09,0.9999947547912598
8e8e28c0a36f5b9851de71f1d2948e765e64d85538926868f8f956dba2847b91,2,2,1.3092139872217246e-10,4.876289949606871e-08,1.0,3.497699552212907e-08
8e91149a3d5b94240c36dd2797a413fdecfde57a2aacfd710db256f10d494191,3,3,1.5109444945204942e-11,1.561088396329069e-07,3.1930599657392644e-12,0.9999998807907104
8e9d4603826024488568ab2b9ff67842410780c1c570eb93570d2a2ef7b567ea,0,0,1.0,8.679647001130775e-10,6.752886028138505e-10,1.8976516358293338e-08
8eabedd46ba4807ae4642c1de071a6f0be3f1df1504d7354041b3494553cba70,0,0,0.9999442100524902,1.5601776794937905e-06,7.914471211734053e-07,5.339508061297238e-05
8eb56ae47c30cb4a117e4ce49ce7b6180ea1c340bff4d3f09fc71875fc495ce3,3,3,0.0008226638310588896,0.016553858295083046,1.9880167201336008e-06,0.9826214909553528
8edd2b9b5b4808af4159de616a9b721643fc7abe15e49e3ac6f87e9b8db63b6e,3,3,4.0706072468310595e-06,3.033231223525945e-06,5.765299420090741e-07,0.9999923706054688
8efe577f63d95463356557ba79e4f2639d62bab8e7761d43ab25f20f26e2329c,0,0,0.9998401403427124,4.448702748049982e-05,7.212333343886712e-07,0.00011467737931525335
8f12b53100f2bddbac6d5a53a12a6d830280097b5059406e9aead087a363ecd5,3,3,3.354568605118402e-07,0.0003099306486546993,6.597900892302277e-08,0.9996896982192993
8f20f627ce3c4ce97d2bc9f25074a8fdff371f10b49908418df2930614c99b59,3,3,2.275761090686501e-07,0.006053846795111895,5.774185751761252e-07,0.9939454197883606
8f331e8f26be236a5971f32fd254e5edb02db8056ef7951d422e6b755f822c94,2,2,2.1916467574101262e-07,2.2296478618955007e-06,0.9999935626983643,3.974265382566955e-06
8f33d2f6f41e9308c3ed8a154194dd56303c2eba54e397eee330a90ee9906c7f,2,2,4.134596831573134e-11,6.093900495329763e-09,1.0,2.6742297265514026e-08
8f3d5c0a963fa0b55a7420cf5e284259dfebea022605ec402f00db768c076746,3,3,3.1885603046788447e-09,0.00035116157960146666,8.362469827716268e-08,0.9996486902236938
8f40eda063da85c27006f240902ec8913738a56e54fee50ff7a3554d636cf61c,3,3,3.733613596068608e-07,0.00018649296544026583,1.779731860551692e-06,0.9998113512992859
8f4364ba43c2edf3b79f78aac52f05a886ad925473e35f262a9c36db40e075c8,1,3,3.6577866922016256e-06,0.16585083305835724,6.62808758988831e-07,0.8341448903083801
8f50971e30f62ab6ac1e0c4a826be484fc3dfef1bb05c9c463ed107fc93ec8f0,0,0,1.0,6.32691676827335e-10,1.213767486518691e-08,3.468600695555324e-08
8f5ec0e3b637aa39c447a114beee7614ee315937fe74144143d538e7a0c84e32,2,2,5.6919212454431545e-08,9.943155276914695e-08,0.9999943971633911,5.46890578334569e-06
8f61032317e29f1a89d01256c8767b340e10c9c254554e972ad9a9a9e7cd29d0,2,2,2.6966306521103434e-08,4.84032852909877e-07,0.9999932050704956,6.35909236734733e-06
8f7893e91d4b475b220c0768298f305b9d00133711667e901859b977d429094b,3,3,1.930736175381753e-07,0.00014549889601767063,2.6646027890819823e-06,0.9998515844345093
8f831ae669a8a73c45fb563051e6ef3ba8e41248702f571c3a04b2e59d3d18db,3,3,7.736432650062852e-08,3.571618071873672e-05,9.094912600815519e-10,0.9999642372131348
8f92f327885f6264b53efde0d7da4314c9f303585dcfad421dd68d3aefd3dd3a,0,0,0.9999996423721313,7.826993453363684e-08,1.636776225666381e-08,2.6015442244897713e-07
8fc425adcc348b75bd82b2e8a92067b2e214c752d1cb3c64070cb9a8a850ea4f,2,2,5.764230763816158e-07,2.158445568056777e-05,0.999962568283081,1.5264562534866855e-05
8fcafb39b175ecfb98a1c1951386179f430e9fb5ed7139a4e385a955e17fc9e7,3,3,4.784001248481218e-06,0.00043992020073346794,1.6439871330931055e-07,0.9995551705360413
8fcd945c41b6ca1fecd0f41ea36fd377cc793ec3a628c4722dd36d01220535b2,3,3,1.0504364666985566e-07,0.0005147961783222854,2.2126003784705972e-07,0.9994848966598511
8fd07fab4683cf95060757b5e4ba1cd99f9d8bbaecb84ab652a862459530fd61,2,2,5.164158096704341e-07,2.8948061299161054e-05,0.9997093081474304,0.0002612094976939261
906baf7882e4a1b5a98a00f31fc30f182116cf68ca4048e6b6eb986599c2f4fc,2,2,4.384111889521591e-06,0.00031677624792791903,0.9993659853935242,0.00031285168370231986
90862caf38023336486c91b17377e6f42f959019aa39e4a8e740aa0b516ee9d3,3,3,9.147142066012748e-08,0.0030869694892317057,5.8146984116547173e-08,0.9969128370285034
908b2a5d6dc94a0af89ee09ad1a6ad2c87e84a87859042dcf82da5722289ff80,2,2,1.35341380769205e-07,5.006619176128879e-06,0.9999927282333374,2.1764763005194254e-06
908fd04d2c48653b44ef973d61ced18d5f20a12d2d3b7cc9e8cd360f4f8fe3eb,0,0,0.9987963438034058,5.984201925457455e-05,5.254869961390796e-07,0.0011432601604610682
909fb703620c9d49e7afb8f84c628c83f44e4880c682f43fa68bbec905d76cea,0,0,0.9997909665107727,8.777200127951801e-05,3.5519681773621414e-07,0.00012102639448130503
90a08502dfdcdbaba61e95c1722217c332e0200fe88835835b700b7d9d0b3042,2,2,7.876033123466186e-07,1.240680467162747e-05,0.9999184608459473,6.826905882917345e-05
910fa42a4b30f5bc4a4485f78f925c5e09e07a62885d9c0075ac8aef66e8923f,0,0,1.0,1.4468403142231523e-09,3.05012370915847e-09,4.821518295727856e-09
91277d232e801de4807146f1017fdf7e33633f4eca25c042919742370d71cb40,2,2,3.4470405807951465e-05,0.00016579612565692514,0.9997456669807434,5.413504914031364e-05
9136804227cbcc4bf5924877aca7fe75333d78af96284924c439fbd7e722e015,2,2,0.00031772692454978824,0.00013971287989988923,0.9992765784263611,0.00026604687445797026
914ef7b1a468cb0990ee5ea320d65708e70f05021e63f8928e816c3e8b4ba48b,0,0,1.0,3.632296952105207e-08,5.860818674818802e-08,2.841402846343044e-08
91587f796e55e412e8eb457df1d9188d42cc2ac51619b44b6fe4eff066d8a572,0,0,0.9999589920043945,1.0263637705065776e-05,1.4379193089553155e-06,2.927943023678381e-05
9175c41c304122192a150dae4fb1b452630f526ef205b8260dc267368853cf32,2,2,4.880049836453182e-11,1.2533765136879538e-08,0.9999998807907104,7.693239467698731e-08
91ac6b6b90bde080027b6b861f210eae5308493a5062d25bd849542d08928099,1,1,2.043728242195897e-10,0.9975939393043518,1.4776924572856842e-08,0.0024060155265033245
91c90ebb5fbee34eaaf7ae504437b16e4012f2da01969d377552a7269fb2d379,0,0,0.9999980926513672,4.526195596099569e-08,3.8186133366480135e-08,1.8609424614624004e-06
920093f3751fad60b9f10c92712927e1cefb9da74c09d8e08fab2487089cd323,3,3,5.362189403967932e-05,0.00025020382599905133,1.5110461504264094e-07,0.9996960163116455
9209c733a30737332cdd659d16980f49437dc224f95328a76971cba04054f83e,2,2,5.482449605409556e-09,2.841210289261653e-07,0.9999994039535522,3.252806948239595e-07
92298ec3883166ec41b7cb7a48bfbb1a03dd6fa47c82fe3326adf828772a811a,3,3,7.289117576192439e-08,9.143251372734085e-05,2.7159394448972307e-06,0.9999058246612549
9232b56df3b7e1b5c0f3d3d2c8ea35f4b7331073bdbe9dd228338f7158b8fb2c,0,0,0.9999998807907104,3.725156716427591e-08,2.75632427992889e-09,1.196996350927293e-07
924dc7dfb0fb610e3421deb73dd261bf69bc1f522180ed2d8e3f588d62262041,2,2,4.687339405506918e-10,2.011296906800908e-08,0.9999998807907104,1.2413103434028017e-07
9252849d34ef5ed175ef36e80840efd7bd9b16bf4fe90c7a5e0152c97e89bc69,0,0,0.9999040365219116,5.4532953072339296e-05,3.387601100257598e-05,7.652426575077698e-06
927d6d7ba86cd19ead5b8023cee82fd4cf3ee2cf2bcbc467f419b0997e4452e8,2,2,1.0139983430690336e-07,2.177522674173815e-06,0.9999964237213135,1.2629159300558968e-06
92c6741a2b662d8e14c429ac3e5c7eb293d94975aadd1fcc78f5e102a383aadf,0,0,0.9868262410163879,1.7826133671405842e-06,7.082555271153979e-07,0.013171310536563396
9301a5b3fe0544262c54d42fce54d2f041d83b093b06f7b30b14c0a2a9546358,0,0,0.9999088048934937,3.872815068461932e-05,4.920664196106372e-07,5.198482176638208e-05
931b5b79222c525b432630951d986e732fa12f62d7f65882bad790644c31a6a6,3,3,1.7046229913830757e-05,0.000503183517139405,3.875203219649848e-06,0.99947589635849
932560a3c51d5246f98e9d7aa9dcc49c8a9528b617c0794000c90d2925ee7f80,2,2,1.1979959246843919e-09,2.6971920306095853e-06,0.9999963045120239,9.864568255579798e-07
932ad8e9a5609174bc1bf7f16dd63f51254ba136313929c0148e124b44137fba,0,0,0.9913033246994019,0.0029920795932412148,6.3217244132829364e-06,0.005698294844478369
93578126a3a0652ce4915a3a9e30485e342511a5d3febf98f7ec468de02cf93f,3,3,1.1278469003173086e-07,0.0005840416997671127,1.1482772954707343e-08,0.9994158744812012
937b1af17ffeb0d9ee5824c7c7bbd0ef509c26c2a5cc1a22cbc976461c512abc,0,0,0.9997780919075012,3.1923800634103827e-06,4.605871311014198e-07,0.0002182762254960835
9389b212b3a3e3d78ab7f974acc0314640bf6e7965c2d2c58fe88ab36fc94410,0,0,0.9999922513961792,3.3925055049621733e-06,1.4341051155497553e-06,2.97260339721106e-06
93b09b2a27ac15e3eb8bd0074c22ef2f62a0522843a9c0e8081d8c6212217e04,0,0,0.9977205395698547,1.529729888716247e-05,0.0003258987271692604,0.0019382289610803127
93c4d357f22f8a84ab3a5aacb32f55f52bfac71e5df74a77618fc27fa997376f,3,3,2.163496226614825e-08,0.03254387155175209,4.106653932467452e-07,0.9674556851387024
93ce5cbbbcd711a962324320658b66b4704382b498fb0e2c272e5c66f7ba9d64,3,3,2.3078751837601885e-05,2.5834728489826375e-07,8.900494208319287e-08,0.9999765157699585
93e3c65b28c1b336444ac3abf5f4f5f59277712b7bd7b61e7613d1f3cc3d9371,2,2,3.205249121673859e-10,1.3790391051315964e-10,1.0,2.2605489702343107e-10
93f0a67cea95b3338cd979d86cf45f57c4e6a837777be3dc58354a9df4d7f655,1,1,3.2243065106740687e-07,0.9740279316902161,4.0870335737963615e-07,0.025971300899982452
9417d23ea2a7065bee00d110e2d9e18e7065c8fbdf45b0ea99d4a59f910623f6,1,1,6.590417342522414e-06,0.9934654831886292,0.00014040015230420977,0.00638743257150054
941ccac4c0238eadfcf888e6b04a65ce144e0cc85ae174503005303a860297f0,3,3,2.7855982409619173e-08,0.0011707247467711568,2.7001819034921937e-05,0.9988021850585938
942be09796cb79eec33ba54cae0c8290b06b6c21dec1a864d25a082d7aa09252,3,3,0.0009550649556331336,0.00037947780219838023,4.0226453279501584e-07,0.9986650943756104
943371049454bb759719bcd7a29efdbf4baa4af020cfff0352e6382a0b87ef79,2,2,5.688658988312056e-10,1.7750776404312774e-09,1.0,4.1489292557095325e-10
943f7a1cabc2afa9e20a8111f4d0531bf5f50978982e5fb7a05f318a84efc675,2,2,0.00020846063853241503,0.00013958822819404304,0.997635006904602,0.0020169420167803764
94441d594a310a078f0b44b09ee689a6a430f00980f9181d98348afa7361b713,2,2,2.5847381039056927e-05,0.0002797409542836249,0.995535135269165,0.004159327130764723
9462c297dc2a97c6b65b15ef5c68ff8e74ebeadec289367409ed2cfe787f082c,0,0,0.9935682415962219,0.00030141850584186614,3.849897984764539e-05,0.0060918014496564865
947b6515c929817e3e08d4a83ad5051d63c9b2e4e41f40ff72fcc36051043ee3,0,0,0.9999816417694092,2.5425608782825293e-06,8.531335993211542e-08,1.5704432371421717e-05
94a8ee51e2a3a3ea76544cdefa6efa63e2a278012f624fb776f4148613203a4b,2,2,4.260430941371851e-08,7.38073469008782e-09,0.9999992847442627,6.562884209415643e-07
94bf3f28cb136a33c23e2857055df350a3fee2990cd2157c26d73f2184dd5f58,3,3,8.061490142097227e-09,1.7343610352327232e-06,1.9830668662734752e-08,0.9999982118606567
94f10ca8d52bfc1c3893ab94e2ec8ece67c292a7be572c7b6f5c01ab6b78f6ba,1,1,0.028091296553611755,0.9547750949859619,3.0282180887297727e-06,0.01713058538734913
951139c6801bb69838d5a3d7bf46d665e73fdccbda979555ee14f724ef942a04,2,2,7.654295586689841e-06,2.454668538121041e-05,0.9997428059577942,0.00022495906159747392
9521ead499e451d97f9185c08f67be337718d58bc00ffa542dc3e9394532ada7,2,2,5.77588536998519e-07,3.147208076370589e-07,0.9999910593032837,8.055089892877731e-06
9554af47c29631d94c3170f6ed966b6b6cf3aeafcb53e797346aab13d4590e46,1,1,1.5464490843442036e-06,0.98667311668396,3.7610782328556525e-06,0.013321642763912678
9585a3cf5e4e539433bc41baf4b72a9add1fdff6414dfe1a7f2a1b7a7c5dc822,1,1,8.536342299692024e-09,0.9999394416809082,6.406174861695035e-07,5.998088090564124e-05
95dee81bcfa07f59c5fcf525f25882395c7a56b001f7894fffba5b9642f4825d,0,0,0.9999955892562866,3.624556086379016e-07,1.5183301727006437e-08,3.998474767286098e-06
9610d5416069af3fb4af9e9019211f4e7a69f13db79513435ce973c0f40a0a92,1,1,2.3273187821359897e-08,0.9463278651237488,4.0770601117401384e-08,0.05367216095328331
9619b91293d02315fe4f8617934ba6a3c4bb443bcda8d788e402a1734bcb6db0,2,2,3.228978862068743e-09,1.4033082251785345e-08,0.9999998807907104,1.1776803177099282e-07
9620787ea584c63480cd629dc7250ee86bf9af9740d577e710ba3c5cb51b4e1f,1,1,5.116720824815957e-09,0.999705970287323,6.776964482924086e-07,0.0002932906791102141
962852aa6eba4262333c1dfe5b32c064ccbc7d5fbd77de7b989c5fdbf5f24653,2,2,3.911993360361521e-07,2.4841053800628288e-06,0.9999816417694092,1.544384940643795e-05
964e0e337eef0f4663e3b67fb9c98c7125419b764cf558ea3263d6c1a05baed8,3,3,6.450380851674709e-07,0.00019683330901898444,6.226676418918942e-07,0.9998019337654114
965394b8f520cb90d9a8378defce93d39ca92fdb51fc3cf142c6b5086cfde977,3,3,6.226457571756328e-08,0.00028398510767146945,1.4290060690314021e-08,0.9997158646583557
96843508f27848e423902265662ef4dff3da8e2ff22e9554702e9f1ab440ce97,3,3,1.6489376264416933e-07,0.00149753678124398,1.7168467536521348e-08,0.998502254486084
968fdc1f19efa1dc373382bc2c46b7116dd9276cffdaaf516669e67d55939bd3,0,0,0.9999735355377197,1.847541568622546e-07,9.50205603089671e-09,2.6227100534015335e-05
9693507a6302b90c8de12bcf909e9dc9cfcb2f968437e2d9fe53c89a49a9a5fe,0,0,0.999993085861206,4.121268830203917e-06,1.7659291984273295e-07,2.623963609948987e-06
9697d37b5067defaeb7b500bbfb8e6ce68d1e88745b6a1eeb61689226778cc1f,3,3,4.355568794522924e-09,0.00034568231785669923,1.0686028062423247e-08,0.9996542930603027
96b37df8289879616d5d0c05c933f3ed784b128a3bb65490881c82cdfecfa018,3,3,1.603609511846571e-08,0.00012043870810884982,1.4422220084853166e-09,0.9998794794082642
971cb72dcabcefeffe3979e1f5f10b640e4cb2316fbb8b0cafdb328e4a46a0c3,3,3,1.800961690889835e-08,0.00028665747959166765,7.140307900499465e-09,0.9997132420539856
974e274c60de1cc327bb84d4acaaa0d52f686e66c7a3f8d1f83f63d13b03ef38,0,0,0.9999998807907104,6.649272688008523e-09,4.0628691522215377e-08,8.018187003244748e-08
97783a4bf22f04f7a2d110ae4182459e994bd9f1eca3bacfde17c5f7af109b51,3,3,3.8177660144356196e-08,2.546151108617778e-06,4.38592745455324e-10,0.9999973773956299
97794cb65ee72992da3fcba47edf6936288f8258790bf685e2ef4220d44be320,2,2,6.256090046008467e-08,6.920635087226401e-08,0.9999985694885254,1.3415791499937768e-06
97948231ae24d7470c463654ba8cb2c8665f835dd46863b3319dc06c899d70d9,2,2,7.203333893812669e-07,2.8031774490955286e-05,0.9998847246170044,8.65426191012375e-05
97a9e6fefa3c69a01b74651466ddbd508b01cf682ed856a5363b53b6584f81a6,2,2,1.102407622965984e-07,6.605638986911799e-07,0.9999964237213135,2.885725507439929e-06
97efaf55f5b1b8b2a09c7c1e28928e693975d29ff4b53ce1cbb0805a6f744ff4,1,1,0.00011746061500161886,0.9637568593025208,0.00014978893159423023,0.035975903272628784
97f2945c086f44705be02432d10392cd2f92416e9f871fe6fc1ed8fb462c06b8,0,0,0.9996463060379028,1.0099765859195031e-05,3.472649012792317e-08,0.00034358547418378294
9810fe479eb9f71c118a8be87069797d01281f0da3098a6a695ca2dd4d1bf363,2,2,5.639178360383745e-11,2.0687511703698647e-09,1.0,5.698845839674505e-10
9815a70a15b9ab11ffa2fd43d791800fd1476ecff99fe304bb282855a6aba4ed,2,2,1.582581717229914e-06,7.657187097720453e-07,0.9999903440475464,7.243462732731132e-06
981c5df9abad9fea2df9aa1643307c80df36889e9f4acb854b1bd0bf16406a67,2,2,1.5227175254040048e-07,8.362648031834397e-07,0.9999021291732788,9.688730642665178e-05
9824a597fd49812a47b86f8826ea108478c907f6e307850a6077eea8bfec241e,3,3,5.3913408919470385e-06,0.0006615552119910717,3.8942016544751823e-07,0.99933260679245
9835236ac1ab72407c88a766e365adb91c8e1d710b423e04e25cc389ab9816df,3,3,1.2017756034765625e-07,1.6556571154069388e-06,1.7340574531843345e-09,0.9999982118606567
983f1cf77e221760fda94c122693fccbeaf747e6b42dfbae5799116ef49fe1df,1,1,3.359401716807042e-07,0.9935722351074219,1.9509916455717757e-06,0.006425527390092611
984f7535738d85ff18daa450ec8e1cd83c9b405287c689b707b589f81438f3b2,2,2,2.601698724902235e-06,3.342699756103684e-06,0.999992847442627,1.1823146905953763e-06
9851ed32359e70a38d33b1f44ddd5d85a24d67c128e2571d468fab1230181994,0,0,0.9999598264694214,3.21120023727417e-06,1.1232844371988904e-05,2.577963641670067e-05
985c89cec5dbdae06f911223c09c0c62c973c75b8d6ed46ebefe84ade74dff62,0,0,0.9999966621398926,8.946184948399605e-08,2.974197172989079e-07,3.004818609042559e-06
987c25707a38ec0f40b18731acc7bc26f9d677ed41f78cc6b05cd9e88462a8ba,1,1,1.478756317396801e-08,0.999823272228241,1.042113808580325e-07,0.00017660915909800678
9886284c96d86e81472b86cf735f7fad0e16e10f001fc3c94bc7a8845c576e94,2,2,2.4448389979170315e-08,6.857643256807933e-06,0.9999918937683105,1.244399413735664e-06
98974e4b8986572ce30516a280bf93c9ed93a69bc8ba3150ae1e884b16c6354b,2,2,1.586829223576558e-09,1.828821538651937e-08,1.0,3.151824046199181e-08
98cdacdde3f5a16fd7874cbc98ba90b42116e88e4f4a062212e7a56a0cf47a42,1,1,4.0591709193904535e-07,0.9987137317657471,0.0005681655020453036,0.0007177809020504355
98d2bdf636bbdf3a4b9640a38e2a89a2f526d7fe671f40b6dce729a7dc33520c,1,1,3.4833478821383324e-06,0.9914079308509827,1.1916132791611744e-07,0.008588491939008236
98dcfa70e19ad1b40514ef234cb2660ae0452a38e59212c14c7463197227be6a,3,3,3.1216140996548347e-06,0.00017593895609024912,2.9233694931463106e-07,0.9998206496238708
99003fca8d55f8108a57b739c79acd923f8679e52d11582ad107e8aa1ea16731,2,2,9.019747615468532e-09,2.837887791429239e-08,1.0,2.904454987628924e-08
991ba03e08a5ef59d53086fd86ea34eb469d52c7d6b81cea6a1a8b7fcdb4fd57,3,3,2.7632694354906562e-08,0.05796695873141289,7.767064857944206e-08,0.9420328736305237
99203b4ff820a694e45081ad0ac06ba39438d62e10d87a2ef68006604f55aeb5,0,0,0.9998873472213745,1.3294077234604629e-06,9.011617407850281e-08,0.00011115109373349696
992e6e84c671221e3fb38346998e478151327b876f363e0360d5d5759c588502,1,1,3.4377013236053244e-08,0.9996806383132935,4.182395585416998e-08,0.0003194371238350868
9938bcc176379b8745182463155d60bf7af5237ed2d8401d968843b5d10af782,2,2,7.907075882940262e-07,7.787134563841391e-06,0.9999781847000122,1.3223315363575239e-05
99413a2951c73221917dbec8e36644b48e23c309fd1acd2bb19c58e2465da70a,0,0,0.9999998807907104,3.270257842302726e-09,1.893390444429599e-10,1.0379868342624832e-07
9941e9a534f74907c7f33116f2add702dd3933e8d15d5015e8d145a7cd5750a7,0,0,0.9999772310256958,3.5328330341144465e-06,1.5324997093557613e-07,1.9048276953981258e-05
9954fec9ee9c3b4b27d65264961635cf28a3cb36dcecf4980806ff4610f9cebd,2,2,2.5093968569755987e-10,3.606117848775625e-09,0.9999997615814209,1.8317282979296579e-07
996e787cac36643a44dcd733f77eb35d87557ccb37dd9f88fc9d688485ba14d5,0,0,1.0,7.924957912130992e-11,1.9053167377158786e-10,5.887242360280709e-10
99a1b33d02bc8d184b833418055761b99a91244d024847173d3f1636650369ea,3,3,3.733740072675573e-08,0.00018706941045820713,0.0002522258728276938,0.9995606541633606
99a6f24adf597214d0b7bd5f09b67eb530fb85b705c4bd555a838df81d07ccf6,0,0,0.9999998807907104,2.430587953128338e-09,4.130358000065115e-10,9.428831049262953e-08
99c0a406953bdeca7138730e2cc5043b75989b044ee2133c721931e98b9799f1,0,0,0.9658463001251221,0.0006636464386247098,0.003637144807726145,0.029852885752916336
99f566915b13afc58160295dbfbc3080d88a233c66961a0ca5f878e05bb2da28,0,0,0.9999707937240601,5.4706276841898216e-08,9.372909115512584e-10,2.924667569459416e-05
99f6c7e36eaa65eb0ab8a55ec18b0dc07cf15acb98926c9cbc6a0d6b485777d8,0,0,0.9999881982803345,1.1811674767159275e-06,8.22325728222495e-06,2.3520560716860928e-06
9a00b6654f8de4cfe133af0abf6a26af06eb069d0bb0fb3d42a8278bca2df76e,3,3,1.0250543169831872e-07,0.0006335239741019905,7.61967839935096e-08,0.9993663430213928
9a0763b548287bc283349d9d232bdfafadec7ae0a89a10d9ead85a94c7ff38cb,1,1,5.3579893993793704e-11,0.9999597072601318,3.272533355413998e-10,4.029800766147673e-05
9a0ea01280ef06377e17cc9b47d3098b0cfb1230ab87be6c1c35d4ce58760a53,2,2,3.313071061938899e-08,2.3292411555075887e-08,0.9999998807907104,1.1102633123982741e-07
9a264a0ff052951941d5a86ca4ffc303ad60500e30cbcca689326017fdffdf0c,0,0,0.9970417618751526,0.0009925755439326167,0.00030577662982977927,0.0016598465153947473
9a55f3dfc9d69e60f4724fc5d6ecc7dfd7e4eb2c4011c664e122f8fae29724bf,0,0,0.9719380736351013,0.013862219639122486,0.006814899854362011,0.0073848506435751915
9a9f0d8aa87a0a4a6deb6c0598f488efe67fc8c91f8db583fb4fbbebfc63518c,3,3,1.4239914136737752e-08,0.0005301986238919199,5.007526393541184e-09,0.9994698166847229
9aac706ad1b4a77819ffd4cf3060ddee9ca84391ac43dd1977877c86f5cbf15d,3,3,1.6669520874756927e-08,5.163253717910266e-07,5.1180009563722706e-08,0.9999994039535522
9ad86d5026b25412adfddffee3612324a500b9111d474796b1412ca642c2b2db,2,2,6.519549515360268e-06,5.79306924919365e-06,0.9999332427978516,5.448687807074748e-05
9ae0d03a7734cdb2c8c2e9bb5febd5720e7e309e3934b8c55c7780c54eabab67,2,2,3.2441220820800254e-09,2.3304178586869284e-09,1.0,4.413567289418552e-09
9ae258cc183cd853bf7317518b3fd092ea3824191e235489dabd250706f43dcf,2,2,1.1624735618553927e-09,1.085753931207023e-09,1.0,2.5157724792279623e-09
9b0901ade81add36482ad54d763ef7665401610ded33f38da9bec0a05ba42d0d,1,1,1.0959467999782646e-06,0.9999202489852905,1.1235732017667033e-05,6.743252743035555e-05
9b17c3e4a9dacb6144f7c6ae7e69366b5966f8bdc49bd5ac175450a9c2f60dcf,3,3,0.013341541402041912,0.002654007403180003,3.51747585227713e-05,0.9839693307876587
9b2b239970d2afc8bc51afd89e55793202f2a4e5f79f109d068d99787b317122,0,0,0.9988439083099365,3.381319038453512e-05,0.0004015076847281307,0.0007207518210634589
9b322303875c2952243b029867d0046f3e0581d630e44581d421ce96e72e87a7,2,2,9.451644473301712e-06,2.3693703042226844e-05,0.9999434947967529,2.338800004508812e-05
9b34099aaf097b662236e4997fc41e956a5c51bf59428055703f861079494cbb,2,2,4.848913249588804e-06,4.260135483491467e-06,0.9999517202377319,3.927610669052228e-05
9b6d0a584951971625044de2b800da97994fa5a9a8405ae866669e7590e74566,0,0,0.9999973773956299,3.0408102702494944e-07,2.410736610336528e-10,2.3163343030319083e-06
9b7d6d3c9d084155dbd6f2d97693e3124d0b797e9bb25204d9b746cc0b46e992,0,0,0.9964069724082947,3.935565473511815e-06,1.7792830249163671e-06,0.00358729250729084
9b9b2d1b09c102fa7c93f30ff82efe60449f6f6b11a5d3189ee595e6be060d0e,2,2,2.1414580260170624e-06,6.536047294503078e-06,0.9999867677688599,4.534461368166376e-06
9ba0931e3046957c36d33f2d4cb0169b26fe0f6abf72bce265a4a043d533c224,1,1,1.3332177104530274e-06,0.9689327478408813,2.6312724003219046e-05,0.031039537861943245
9bba2e4047618a8e1821114795d78fd84d131b553305b7a7cdcb89c35c1080e6,2,2,2.5996897079494374e-08,1.5939922093366476e-07,0.9999995231628418,2.5592035513000155e-07
9bc239c7979458e745e8478d9270eb37b606333f3db40a37dfee9aa4e6af5aa8,3,3,0.021986467763781548,0.009454967454075813,2.0790426788153127e-05,0.9685377478599548
9bc4bab7012340fc205c6c5737e79f31676ab766052a6ad064e5277f578350dc,1,1,0.034818682819604874,0.9252137541770935,1.4336741287479526e-06,0.03996600955724716
9bc81991792313c29696977930d4a42fdee19d9c34b8246247af83fc4b782e7c,3,3,4.850687673751963e-07,0.0025580597575753927,2.756403993942058e-08,0.9974414110183716
9bcff029b20c72d77ea626525e6b6f561b831d1cdd82597d83985374651e0f8c,1,1,3.4526738090789877e-07,0.9960002303123474,1.5426179800215323e-07,0.003999221604317427
9bea095a7a008ee26922ab940d7eb265e0ddd4bd7c0eaf0e1ac72efa07ae2e3b,2,2,1.2194518284047717e-08,1.762445691610992e-07,0.9999992847442627,5.296241738506069e-07
9beae58a7fce4ae8749ce21430cf2983b3e95bff57f14aaffe88427b76c05e69,3,3,1.0633229976519942e-06,0.004724064841866493,8.51706374760397e-07,0.995274007320404
9c081ab69d846c0405a61d55f76104ce20e3152abe5c6d40ed70d7371f2ccc79,3,3,1.432175622539944e-07,4.950214861310087e-05,3.111381658982282e-07,0.9999500513076782
9c17233f39e6bb0c88d83f7d2cf99bfc1b34a11ff2bb758c3cab8f372d5fd4bf,0,0,0.9964588284492493,0.0028320448473095894,5.994666935293935e-05,0.0006491313688457012
9c34f03e76ad836988c6a680aeb2214a805cd34d084aaab4208851cf55afe262,2,2,5.762785235674528e-07,9.318692377746629e-07,0.9999949932098389,3.4216377571283374e-06
9c9f46d6fdfd0ffe8d414a9d6c2fc2bcbc0e70447a8f4e44b58ffed2d5ad600d,3,3,2.2683470657369753e-09,0.00010618393571348861,2.090687303279992e-06,0.9998917579650879
9cad3057aff87659393ec7c99259712b442ac90387389e21f7a1ebf18f97c939,3,3,1.6037984096328728e-07,0.00019752200751099735,1.573407359956036e-08,0.99980229139328
9cb1ab0e1876536df699e3ec5e4b16892df592485743e613b9b2204b10afda11,2,2,3.02287912745669e-06,2.379461250257009e-07,0.9999963045120239,4.422930430791894e-07
9cbd2689866a32e4535f8e1bc7365c3a2dce1fa45a2532f9a888b73ff9e8552a,2,2,1.2314801551838173e-06,3.822240159934154e-06,0.9999927282333374,2.2802512376074446e-06
9cc9ad50d27cd2a7278c071032ab2f803d5e5227837932c5727d966e489f4713,3,3,2.5596187391840886e-09,3.688400340706721e-07,4.531415243036463e-10,0.9999996423721313
9cdfafb7ec74ba5d1f9e7b22ab5cfa8439744b4f2e3a7b574146dec96cccb9ce,3,3,2.767549403870362e-06,0.0008801585645414889,7.369191621364735e-07,0.9991163611412048
9ce156e3bd2c7baf481c99a70a768e458d50d33b28f9a8d24749755382836840,2,2,1.1691626013998757e-06,5.749155889134272e-07,0.9999940395355225,4.195425844955025e-06
9cf5dd6729110572e031dd0bfb36bcef984c89baee4aea1ab48fcbc1ced980bb,2,2,2.170524930988904e-05,0.0025773460511118174,0.9933584332466125,0.0040425085462629795
9cfc5796255cc6cb8f949fd79ccbca298693003b425fcd763e117efbbda1018d,3,3,6.364432192640379e-05,0.015716703608632088,8.052039447647985e-06,0.9842116236686707
9d07d15d23178f1ee486d4e4957a21a29b8f46bb327ef73d4ad66a3644380d96,3,3,1.7847703475126764e-06,0.012972871772944927,8.972588148026261e-06,0.9870163798332214
9d12045058b18b20656534f7b8e12d33f0a65bea609c9419ea8ba4179e565d72,3,3,2.7755322662414983e-07,0.0002431611210340634,6.166678279129201e-09,0.9997565150260925
9d18d58f60c881feea6254a9b482346d7c6740ff5652a78527a7578a887fdba5,3,1,1.1939633850488462e-06,0.7500783801078796,5.0940609952476734e-08,0.24992039799690247
9d4d49822fcddd951bf3898183baf84518c2357fd17bfc9eacb15001791cf0f6,3,3,9.149629477178678e-05,2.979835471705883e-07,3.2302065733347263e-07,0.9999078512191772
9d561d581c4bd61893f068e9e4e31a437b0c390abcf3c0fed1081f3af3b880f4,2,2,5.006785741556996e-08,2.502363258827245e-06,0.999996542930603,9.598317092240904e-07
9d7137fc740c4c06eabc0ebe046a9245adde1b6908f25c8259b6da9816d6cc37,2,2,1.428375862033704e-09,9.187752225692236e-10,1.0,6.651417194802889e-09
9d74ed811cf1ebc7890125d21741ab0bada573816b7970405be94896bf007bab,3,3,4.279503627913073e-06,0.0002943069557659328,1.915872962854337e-05,0.9996823072433472
9d89a76630e3384ebb84d7184cf045946a71907045caca7c6d8237b5af9e2865,0,0,0.9998829364776611,3.4667002637434052e-06,4.398343207867583e-06,0.00010918355110334232
9d980f54f2c84d87a4d853e5284e254a45c169c555909c9305c761bcd8192be4,2,2,7.584108061564621e-06,2.1290745735313976e-06,0.9999655485153198,2.4767739887465723e-05
9d9f483c146c6cd2a76b5afbc158e16872a57dac0b7a117964bac9ef70f7087a,0,0,0.9999997615814209,1.4546799320669379e-08,1.0613119411084782e-10,2.697696572795394e-07
9da4e6fb3cc32ea6087d0297df3cd6c894e29277b5e9beb59b527c7cfc46d046,2,2,6.008158948134223e-07,1.5029446558401105e-06,0.9999853372573853,1.2491503184719477e-05
9dbf56c8345ebff56685d32f748c0d65e9fe637b5fab737372eb7127091c14c1,3,3,0.11462186276912689,0.17597313225269318,0.00013911485439166427,0.709265947341919
9dc5ea7bee1bb9904bd0742da5ee657c4b49efdcc218a79f76128b28d3b2d6ef,3,3,3.750904943444766e-05,0.28901806473731995,0.0011602023150771856,0.709784209728241
9de74a3eb7252b79de924b0455ac88eeb1b4fd1972d5758e40449bc2e7cf64b5,0,0,0.9973046779632568,5.469376628752798e-05,0.00199816282838583,0.0006424272432923317
9deb7f8f574413145ec69b286e488bd354c59a8d6ec8845447a8bac2f1d22fc9,3,3,1.9616089048213325e-05,0.00023276240972336382,1.6543194760743063e-06,0.9997459053993225
9e3bcbe05fd33cc8744fe897809ac126497ceffd2ea450a9d61f09deeee8370e,3,3,2.8633987312787212e-05,1.035763489198871e-05,2.5659983293735422e-06,0.9999583959579468
9e443881069c28e256c735542bc47ff7bb28c486b97f9a07f00371085fe47fdc,2,2,2.244361667180783e-06,8.885392048796348e-07,0.9999295473098755,6.732397741870955e-05
9e46db187ce488ff47cc6750b8f2d9179f42f0188159b2271bd38378a6ae1eaf,1,1,7.007875524323026e-07,0.9366189241409302,2.114766857630457e-06,0.06337828189134598
9e6d5c03896f12d8175a59eec7369ca0d0be1e82df79775ecb83e45145dc05e1,1,1,1.5666827835048025e-07,0.9990895986557007,6.117492375778966e-06,0.0009042602614499629
9e8687e75bc29869d5a65a22348ec24e9c3eae1048963a82f6c8ac03008ecbcb,3,3,2.517153152581386e-09,6.47625938654528e-06,1.6717597972615295e-08,0.9999935626983643
9e8b558bf9278c7d90289b6def07ba3429a78bc2f931e2be0aea59ed2128b560,0,0,0.9965452551841736,0.0008282677736133337,0.0001926409313455224,0.002433830639347434
9e8d6dda83508b6c753088ad2c07f61734359593320784bae0fa667521fec903,0,0,0.9999971389770508,1.509165770130494e-08,1.7021416498508302e-09,2.8888143788208254e-06
9e8e8d975aa45204be42bf83956e4f0004d0e1ab54632b5e276568a30bbdf909,2,2,5.940775736235082e-06,2.7344265163264936e-06,0.9999699592590332,2.12912964343559e-05
9ea02dfc19bc82fb1fbcf471c92e207adeb6a3d98904a47c607c0de75883d684,3,3,4.359836020739749e-05,0.02471567504107952,0.00028568474226631224,0.9749550819396973
9ea1eefc1c0e683ddd90f1085faf77b9b762409a276126b1b7666a0dda0a4ca0,3,3,3.907802206826183e-11,4.113249815418385e-05,9.854278504306535e-11,0.999958872795105
9ece7bcdc7716a120fda809b97384c23102f4c651063a0c402c641cc3001c48d,0,0,0.9999681711196899,5.380162804158317e-08,1.0302747988077954e-08,3.185512468917295e-05
9eda930724f7d1779914b966dcd986bc0b22dcd06cfce3ad2c8597dd1a1d17b8,0,0,0.999942421913147,3.6669502151198685e-05,8.864976734912489e-06,1.2059414984832983e-05
9efcfd5e38cedd2a7a55a57ca74a6b9e50e6af5be067653aeb01368501811d19,3,3,2.9867953799112e-07,8.693866107023496e-07,2.6210644765711777e-10,0.9999988079071045
9f111afd52938719f5a73fb6e1326aaa45e05a9fb3c0f08b5fdb2f3ecf16d989,3,3,8.316296202792728e-07,0.0023620629217475653,1.6285817139305436e-07,0.9976369142532349
9f28fc72844a65845a7a024608146f3f12559a334fda82c53f3828841e5abcee,0,0,0.9857989549636841,0.0004260972491465509,0.01085634995251894,0.0029185505118221045
9f3a9a63effc7e6e5dec9dc9baee4dc545b1d9e5eebcbc571e93ffad3b53cc96,2,2,1.829212976645067e-07,6.7097471401211806e-06,0.9999827146530151,1.0328787539037876e-05
9f448f9cee72106e54e7b8afec5b8eb65b5d5a81abb7cb8d43e6f20e15451e33,3,3,8.543641160940751e-05,0.014896608889102936,3.268090222263709e-05,0.9849852323532104
9f7cf600f4026c557c27bf52b1f6f3eb5092515c8cf28c224db1e25ba6460fb3,1,1,5.103869966660568e-07,0.9875974059104919,2.1357513446673693e-07,0.012401915155351162
9f93335af0e4e7a2063e36f8d335efb224f88305476b1d9177c9d208f8e535a6,3,3,4.27838895120658e-05,0.0006080747698433697,1.0805599686136702e-06,0.9993481040000916
9f9f0ef6330c5c2dbacd630bca36e6e03ab6ea0df1861f58be6963722c5a1e28,3,3,1.149063155736485e-08,0.0004359707818366587,2.917599495333434e-08,0.999563992023468
9f9ff3b0cb1432d8ed5e8ccc73558b76cbd14ca4251bbe7f20058c65349b76d6,2,2,1.103132490243297e-06,1.3010908332944382e-05,0.9999818801879883,4.071139301231597e-06
9fac0dcc4e3d920fd5dbdb1ac5e5e8f03b45ef299a0e7d1385dad2d336c807a6,3,3,3.047698271529953e-08,5.117594241710322e-07,2.971684676111863e-09,0.9999994039535522
9fcf9f9c010ff5bddc447a1c56f2087b209e322c54936e5fddfa55bc0d05df57,1,1,0.00013384330668486655,0.9960743188858032,0.003597475588321686,0.00019433212582953274
9fd7cd0d6552c33446836eaf41431c28d6fc13cc7649e98b03ae70220c350f25,2,2,1.3932707432218194e-08,8.923644827518729e-07,0.9999988079071045,2.5737574560480425e-07
a001bacea996a9347e11c520c19b1a3eaeb64a8d247a38ca69d2b67b2a2254ce,3,3,2.034669516204346e-10,3.061337338294834e-05,6.528638185621105e-10,0.9999693632125854
a01e7e60a835f41da6a2953102a298c8b0cd4bad7b47f47ec675c4e4c3697bcc,2,2,3.89826794844339e-07,2.9505067686841357e-06,0.9999916553497314,4.958971203450346e-06
a02e7a764985bfed898e3d462a3236b6aaf4c361198c6a69624795317926b0f2,0,0,0.999985933303833,1.3070150544081116e-06,1.0083147572004236e-05,2.6618747597240144e-06
a03f53e9be202f4b80710cb6bb84ffaf53ac8aff3c9825e46a02fa2ec6209f70,2,2,1.2081315503564838e-08,2.8519954398120717e-08,0.9999997615814209,2.6065634983751806e-07
a0489d49504672fabe3dd456a26b61c9f92a5a3e6d09a9fb8756e6f94830b1df,0,0,0.999992847442627,7.213252217752597e-08,3.819409144512065e-08,7.059671133902157e-06
a05d44ed10bcc16674633093f882dc42e8ea2e3ca2722b864971d69be5a0c060,2,2,1.850302879802257e-07,4.1031270825442334e-07,0.9999973773956299,2.0579889223881764e-06
a0937873d0f5df36f7dde57f6930467fa0c69ce43e8f1dba7da1ab64a28bc2a9,0,0,0.9956662654876709,0.000794687308371067,0.003291720524430275,0.00024735555052757263
a0aa23a9e4b2d5c5ea88e8b5f62a4586facf84b5eeb4d1647761f15086a311dc,0,0,0.9999854564666748,3.182677943414092e-08,3.939506942884918e-09,1.4576859939552378e-05
a0f9d5205557b608786a1ac6f06661c2f6740da973effc2bf1488cfe5c828ea1,3,3,3.141547091911612e-11,9.94075094240543e-07,8.616964780605585e-12,0.9999990463256836
a1152293588d29a977941473dffe2d1064a674bd56608302b72e8e7e46920ed8,2,2,1.8049377104034647e-08,1.0607529787876047e-07,0.9999997615814209,1.6913757860947953e-07
a1175bd857cc816c495c55204cccdfd1088b0a820429df830336ac02fa73acaf,2,2,1.7763678528126547e-08,3.428634727242752e-07,0.9999994039535522,2.3672689053455542e-07
a164d991f9ccb9e0ec995e2c046c55086b900c99b13aa31669dfe2b3aa4c3ba8,2,2,2.187054406022071e-06,2.0372868675622158e-05,0.99996018409729,1.7324115106021054e-05
a16650b9c9be597181efb4a52419e3929311c6cebb5e31b45516872e7ba1a0ca,0,0,0.9999852180480957,7.142649138813795e-08,3.762302025478448e-09,1.466260255256202e-05
a1826412f9c95ef9a0e2c5841e69b3380b8cfdc8ce61a453c80f0309dffd2b00,0,0,0.9999260902404785,7.87198223406449e-06,1.2978698578081094e-06,6.468740320997313e-05
a1b038fa319cc75a9e44f3227a2c8dc96bdd616f33207192a1a6ac1d7d89f34b,0,0,0.9998795986175537,2.0872801542282104e-05,1.0425906111777294e-06,9.84299840638414e-05
a1c3b31922a89e0b3c3db93b0542aa1f2f5bb6da08070d5afb5723a908f81e63,0,0,0.9999994039535522,8.734133416510304e-09,2.2836863511344063e-09,5.819913440063829e-07
a1d948aa736f6ecf466672de973257515c241d963152e5d478403fda8a8fa7a5,3,3,5.1472801715135574e-05,0.011544578708708286,2.4745630071265623e-05,0.9883792400360107
a1e154ff839d46b093104f73ca25fcfc0e29951199975175f8196f28d6161cf7,2,2,2.8042778765779985e-08,7.126742751495385e-09,0.9999992847442627,7.324115358642302e-07
a204e2dd8024d4fa5364c792430fcc5f6aca684a32bd24af7570007149edefbb,2,2,3.3549116778885946e-05,8.513654756825417e-05,0.999830961227417,5.029249223298393e-05
a21446d08c2e2fe83b9e686770c0cae9225bc592b33b7aa527957a1bcb35d8df,0,0,0.9996758699417114,4.3467975956446026e-06,2.5943330911104567e-05,0.00029381655622273684
a21d8d9f677ad565461254ff49458fb756d0f113675691b6740774a4ca7099d4,1,1,1.9523227820172906e-05,0.9702771902084351,9.013238013722003e-05,0.029613152146339417
a223a3e8c2961a015a346d9d620397d07f0bd14eb1bc4682b04533cdcd2f0994,0,0,0.9999997615814209,1.6843060279825295e-09,8.140936258449472e-10,2.2915193653716415e-07
a2347d69a3260d6b0d9bde57248c4a538e5c90d3d271c5f0df187d53b8f178df,3,3,2.0432361580446923e-08,0.0005296215531416237,7.561153125834608e-08,0.9994702935218811
a23837575e90cf6f07bca7085e50bad461c6f6f887ca1a57dbdf1b69ffebb4eb,0,0,0.9988551139831543,1.1566599823709112e-05,1.1438486069437204e-07,0.0011331822024658322
a23e0f85f1e0875b1d7b6ab6a74a8b7c8e5ef5a851c3970063160ef87d96bb23,2,2,2.2549443201569375e-07,7.992546358082109e-08,0.9999994039535522,1.9851175636631524e-07
a2574b615ff9f83e23865c1dfe621db8ffd289c7c7d0828e4dd01e66b12d7b22,0,0,0.9999998807907104,1.3353770866864068e-10,1.0019465257471438e-09,1.4912824042312423e-07
a2805e50f5fab86eaa62650ba0dbe0e63cd1f1dfc45c454c15070f9e7e27e39f,2,2,3.07688424072694e-05,8.290682308143005e-05,0.9998480081558228,3.8242083974182606e-05
a2bf1a50ac55c0b90cee507cd7d2c200c1bd52cd8d923180df63f698a60c7e9c,0,0,0.9999969005584717,1.5435683735631756e-06,1.246165055590609e-07,1.3775076013189391e-06
a2cf63107ad9987f27a90d09d0a2a90bc873caa0449353e7531e562a94389b5b,0,0,0.99997878074646,7.566472248754508e-08,1.6309300576722308e-08,2.109963861585129e-05
a2d6312dc9b0f780dc2b4765ac0fe91d92c33747d236c6b75e281801c503c396,1,1,5.5825639719842e-06,0.9994040727615356,6.041005235601915e-06,0.0005842785467393696
a2dac97787acdb21c2820ab09dfe9b51b72ee52d3564a60f6c7624b4268a2607,0,0,0.9999399185180664,4.565322888083756e-05,6.459856194851454e-06,7.96758286014665e-06
a2e7a19ae225dcb6c086fbaf7a2c2c798db1ca84106cd72e46197ed0bf848656,0,0,0.9999995231628418,2.8731694107220207e-11,8.568248194285033e-11,5.232249122855137e-07
a2ec85b8b69f2fdd61dea6ca60945b95b5e71da92e082c728787d4c7e8457a84,0,0,0.9999979734420776,2.5393331881673475e-08,6.583960043826664e-10,2.055697223113384e-06
a31e43c38f72c7546d60fde1531888e97fe9b26dd5e72d6f7de9e84d840299b2,0,0,0.9999984502792358,1.0583159237853579e-08,7.889089381762915e-09,1.4990650925028604e-06
a324a50484e583cdffb3973de7f40dcdc0d811c3d1473af19073a5fb37e1392f,0,0,0.9974370002746582,8.572651859140024e-05,0.0024382222909480333,3.9048642065608874e-05
a342214bf6267ab8f435d97426fb2692150cbf495102d73bc5dc5f73ceb991b4,1,1,1.7669715361989802e-06,0.997832715511322,5.969751555312541e-07,0.0021649119444191456
a349250d2ac43396cbff85332e3f9c6b8d2115a4afbe24d4bfd55151aeada17a,1,1,2.1516172177271642e-10,0.999873161315918,3.9081402003482424e-10,0.0001268349587917328
a3681a73676375dc183c97a9e8300f54d5089571ad3e30bf131c90d1faf0bb14,2,2,1.7133887695308658e-06,3.0623793918493902e-06,0.9999887943267822,6.40629286863259e-06
a38ad3e5d89c2735359464f2718251bce3382cab2c358ee7762befcce5bad844,2,2,6.048507472655729e-09,5.344880094071414e-09,1.0,3.95120025586948e-08
a396f98b7c79eed42f52b5631e771e29bfa1dfe08db59c718ed56743e123b6ad,0,0,0.9999700784683228,6.897555067553185e-06,2.4133255465130787e-06,2.05657233891543e-05
a3a2e3d70e7d469d846d9bda5dc3f878f3ed212195c4410bdf60edb05d8db3f6,2,2,3.079299233377242e-07,3.680733470901032e-06,0.9999744892120361,2.1576704966719262e-05
a3a92a47557c9c4c900657aecdfd3881630b03834d2b9ff2f6cf9cce0b544088,0,0,0.9999990463256836,2.5172320761157607e-07,5.460784535671337e-08,7.523879617110651e-07
a3c64700a1828397c9c7bdbec387c2a1baca680247e1f4107beb6e7cf362de4f,2,2,1.7020222731201073e-10,1.4765435402130933e-11,1.0,2.6854195950276605e-11
a3d3322b2d2da47c73267764ea1d83338167a00471112d4cf585cbdb1dea86fb,3,3,4.003499327609461e-07,0.000578446954023093,1.6256062451702746e-07,0.9994210004806519
a3e16966ae353025907874885ec25227bbd7a7fe58a1a6426de802d9192a43c1,1,1,4.7462798136166384e-09,0.9979767203330994,4.653502028162393e-09,0.0020232689566910267
a3e6ce87afc6a14e83759cad3e51873e13f26d5dd3369675245be32a29d3b55e,2,2,6.974433119921741e-08,4.883692668045114e-07,0.9999982118606567,1.1775856592066702e-06
a3e863d196685995a3ed5fb4c3ce6d8aaae6b7dcb6a91afacc46bb8f940a9749,0,0,0.9999984502792358,5.6444399376687215e-08,8.482957447597528e-09,1.5442525409525842e-06
a3e89bab7180fb15729c561d333868b1f055c520b4e2493e96c9ea9f8ece05a5,3,3,0.00011480705870781094,0.0028208859730511904,2.646916755111306e-06,0.9970616698265076
a3eb8144ee991f3c2dad8e9b2099d9202e750148f1a188fafb19da57eef90da7,1,1,5.374825832404895e-06,0.7327684164047241,0.0005381473456509411,0.2666879892349243
a3ed8791c24849481057c6c7eb2a4a794ab91d1d89f26653ed6875d931e0d046,0,0,0.9999390840530396,1.4422119420487434e-05,6.5082876972155645e-06,3.998064494226128e-05
a414613a37af047da003d1bbc883c2bf82039c3ac9fda8f88bbb51b9104e1856,1,1,2.659233189206134e-07,0.9902589321136475,3.1149995720625157e-06,0.009737824089825153
a4266d720cdf1b9be477d97614307dbc01ff9532d397f2596bea60e09ce16ebd,1,1,4.928395114234263e-08,0.9056753516197205,2.1673214689599263e-07,0.09432445466518402
a4397fa99673e764ef6ef278481d990e70ba1937e001e777588280affd6f7283,0,0,0.9994375109672546,0.0003606582176871598,1.171086751128314e-06,0.0002005916612688452
a446f8111ca8bdb2a6e3b17970d71302a2f253ffc5a5dbf1613228e782242e67,3,3,0.013768875040113926,0.00016122595116030425,3.835634288407164e-06,0.9860660433769226
a4982598e7125ae5251c594a623165d1ee9bf2c3557508b73c07a70f9e806db6,1,1,3.0290668746602023e-06,0.9974724650382996,2.0422961824806407e-05,0.0025040593463927507
a4aa90b16c5b1dee014e96dfd0390b59c9b440a028ddd6d7a1de51ad497ba9cc,0,0,0.9999887943267822,3.8811353988421615e-06,7.43808357128728e-07,6.607060186070157e-06
a4b4b005c71a38a767c4992b94db8dcc578e425963794c6ce4efb4b7ebc3bd4d,2,2,4.518618812454633e-09,1.9822654451218114e-07,0.9999997615814209,2.911598429022888e-08
a4b87a8d84ef10a2ae267232c253741ed3336153b05fc57790dd9e5e36e12dd6,3,3,5.43193834801059e-07,0.0004029368283227086,1.1753508744050123e-07,0.9995964169502258
a4cc8b2063d72d048f82401f2abb7ca1962cca9797b8e8b12aa69985a8f23dad,2,2,1.3375782259572588e-07,5.265305276225263e-07,0.9999955892562866,3.6787162116524996e-06
a4d095e56c76d82e9dca33c63a94bb96656bbb45c5ef0afc163e15a8a5615ab3,1,1,4.87248826175346e-07,0.9985539317131042,1.2734984011331107e-05,0.0014327986864373088
a510b5c70ccfb7b319228bf600a50459261e9ba40e0b3a3815d41e66988973ac,0,0,0.9999939203262329,1.679073648119811e-06,2.8542521590679826e-07,4.15464546676958e-06
a528e2a84c121331cc04862c377e41064df87727ce24cf21fbc0b76c784ec360,0,0,1.0,6.067584656932468e-09,3.1205409783963134e-11,1.7579478983620334e-09
a536b6d3ae28ee0d36a639223243370712b8e8d913bbdde82396d37c41ed5e19,1,1,4.213412196918398e-08,0.9898311495780945,6.840598985036195e-07,0.010168197564780712
a5396b51521308400f75495c36ebea67f3ec9acc1477edab01383c0c7373ee7f,2,2,8.495113235085228e-08,4.74436365038855e-06,0.9999802112579346,1.4845244550087955e-05
a575488abfcb17f3bdb3d8be17bf103f31a12e467f90eae4ced1515ee748c326,2,2,7.66959620812635e-11,1.608244382111934e-08,1.0,1.9578932253239145e-08
a59c45a4066cd308f4eb02eec4fecb3bcd64cb5680204e205e2e798eef313994,0,0,0.9999523162841797,3.482736303794809e-07,1.8795647704905605e-08,4.734515823656693e-05
a59ddfda1e760d1e9a488346664a17fa1aaf703dee06e9a64429cdb9df51163d,3,3,3.141098492420724e-09,1.1355040442140307e-05,3.255291813886174e-09,0.9999886751174927
a5e0620ebee84bf68d2e316caf56351a0299cba57cacbf4605a75e37ece57e9c,3,3,9.08183847059263e-06,3.403099981369451e-05,9.130368994192395e-07,0.9999560117721558
a5e74de76fe6a35b85d41ea160f149c9a87ae82695cbe5cb597b26cc2208920b,1,1,0.0001303317112615332,0.5662007927894592,1.6911748389247805e-05,0.43365198373794556
a5f1985e75a5419500d7c2276ad49396da08aa58b2b8246af1cf30414dc97543,3,3,7.219358849397395e-06,0.0003048548533115536,4.2035630087866593e-08,0.999687910079956
a5f48ee9322a85a4cd133ffb8e972e3c6ea0da6380f4addda278d5008c398b07,2,2,3.162566741821138e-08,2.333940596344064e-09,0.9999998807907104,6.097937443882984e-08
a5fcf4451ebe307599f4dac386e9f3ee22eb08f6a561c255e95508f81be18e41,1,1,1.0231156721829393e-07,0.9970425963401794,4.893955747320433e-07,0.00295679597184062
a5ff0d7c1cbb253591353134e823948fb37850215d5a144c7e349d5543c49129,2,2,8.668557538449306e-11,1.7564406817882627e-08,1.0,2.562188683441491e-09
a623ed5f13132bc70b424e82e0222867a2609903052ab55bd55c6cebdc370411,2,2,3.1274928460334195e-06,3.282719262642786e-05,0.9997766613960266,0.0001874107401818037
a62ed243d8bb6498b2e1833332a335ce57ed88bec40116efe8eed693cd1fa87e,0,0,0.9998879432678223,1.7843491150415502e-05,3.969357294408837e-06,9.01779203559272e-05
a63b7dfefdbfec41e2e8d975a1f813a7d34e16e4e2584f52170645290854fb21,0,0,0.9999699592590332,1.6879037048056489e-06,2.6893465019384166e-06,2.5615501726861112e-05
a65ff12d01505b65c1e6d4627bee652d03b6ae59c5f7c8d73bf0caaff82e858b,3,3,1.897717766041751e-06,0.00024959619622677565,6.480922820628621e-07,0.9997478127479553
a6692c3cf7f6d72c8932ec29a5593578c759dd351f1e13f08075bc7d1893f93f,0,0,0.999792754650116,8.479467214783654e-05,2.332945570060474e-07,0.00012231178698129952
a669ed86632ccc24dd952fdaffcb5e4edaee6f2b0c5da630167362f56ae8e406,2,2,1.5219921323250674e-08,1.2900046897357242e-07,0.9999992847442627,5.975328463136975e-07
a689abcb144b11d7fc621a4889ed6a0c71a94c5b3beeef9f7b3ae92aaf128e3b,0,0,1.0,8.765058678861237e-10,3.219738711757181e-11,8.520851579874034e-09
a6935905200405f093e2c03b7d57bfd3fafbf2e546dfbad97351e42ab2751e5e,1,3,7.63550906413002e-06,0.4085102081298828,2.4406657757936046e-05,0.591457724571228
a6bd9fcb86a523ccfe40afd64ee55abc9db84b0dc148bc17873f8d95010c2f0e,0,0,0.9814872741699219,0.0031303914729505777,0.0003033095854334533,0.015079007484018803
a6bf1285493836aaffa2f531a14c20a9d2e9d0a4fbedd8386876361c9d27f5ba,0,0,0.9852275848388672,0.0023137242533266544,0.010162790305912495,0.0022959355264902115
a6c942ab25e4695d4917d6236804498353bc3d3e2328d0775f3c31f12158c92c,0,0,0.9999974966049194,1.3465471404572327e-08,1.9892534841581266e-10,2.4604025838925736e-06
a6dc29e76bd1f03425f71720a20061eb77db9a2971c758ef4d9331a8ccb68a01,0,0,1.0,3.992056685220291e-10,3.0767485781346693e-10,2.8803561757939633e-09
a6e71663d798c83e6ce0d91c8a9cf385779f99a39dd29d9e70e984f693f6faa7,2,2,9.262056122061324e-10,1.4529610403712923e-08,1.0,3.219478017513211e-09
a705d46d4d1dcffcf5b9ba8249ea7d56cbd83bc3c627442c5d5bf8907cc8a599,0,0,0.9999299049377441,3.553619080776116e-06,8.647536731132277e-08,6.642869266215712e-05
a72880cc08346c155a5839366a1878993064bffca1daa50be54b4a795f10a7a1,0,0,0.9999383687973022,6.067129465492371e-09,2.846156643698805e-09,6.164408114273101e-05
a7606c90d0470c0f6df559475cfcee14fc5de36e0c64c1a264b0aaaf4ba5b989,3,3,5.7103790140899946e-08,1.0003030865846085e-06,2.1414889861404163e-09,0.999998927116394
a77af5043cabf893fb711cfe2ba95b1ecbe2ad77282e8de149d982356a33954d,0,0,0.9999886751174927,6.324480636976659e-06,8.07303877081722e-07,4.225716111250222e-06
a77d816fc21631bf6dfb6b58ba938b21ea3a2b02a74eda6af7ec85cfca3e56c4,0,0,0.9999469518661499,3.2858517897693673e-06,4.685485691879876e-05,2.8982390176679473e-06
a794af49991b7a8642f314fbbae18eaf4b2a157c46b865d9b21376a9505effa6,1,1,8.73666028411435e-09,0.9994285702705383,6.236195986275561e-06,0.000565163092687726
a797afb98becf8f004daa9e2ed30948dce3bc4f3c03fa148e4f0104fa58bafcf,3,3,0.0037770657800137997,0.3398745357990265,0.00022399927547667176,0.6561244130134583
a7a98a9f3decf4b1690b13cb18f966732bba21ba078a00adef10676f1554e352,0,0,0.9999443292617798,2.14526826312067e-05,3.310490001240396e-06,3.087295772274956e-05
a7aae33c35985dca370c85b94fe8c7b686029887e62f0562c0be15e5fdd30b7a,3,3,4.518708962564233e-08,1.115390841732733e-05,3.1251921939201566e-08,0.9999887943267822
a7ea270f067ad24f41476dea5c70144bc1b717411edc8bf5ee48fb898bcb0679,1,1,9.204447204425037e-10,0.9999843835830688,4.5665810022299524e-10,1.562458237458486e-05
a7ea9078e7d9603d21d0e68ee212edcc224aa02cb50e4e74de786850a4099b2e,3,3,1.8334010292164749e-06,9.56637359195156e-06,6.745078280800954e-05,0.9999212026596069
a7faae3c0d7873614347f4933e65a2fcbc34bb7742978d3baa32b2bf2ead2f5e,2,2,2.468242882969207e-06,1.4785127859795466e-05,0.9999269247055054,5.573434827965684e-05
a802a80f4aba84730e79611339d34789b6626bf2b5734f2a257fb8a5e56af4b7,3,3,2.3065500442953635e-07,4.339028237154707e-06,1.1308203085036439e-07,0.9999953508377075
a81c21e4bb8334601a8106da31838f558bbffd6c6b272c4bb95c08d30c3f0b45,3,3,1.1703863265211112e-06,0.0012220086064189672,7.372683512585354e-07,0.9987760186195374
a81e0cc4b2523927dd4a02047b9f4a48111de502e81c51f9af475d94f03cb36f,3,3,1.9683577647811035e-06,0.0001415597362210974,8.980964025795402e-07,0.9998555183410645
a827608cf235af8d3e0e9e61f7feed505cf154e509245b7ac881c628ac9f8c36,2,2,5.243036582669447e-08,2.3981116100912914e-05,0.9999682903289795,7.5822340477316175e-06
a8769fec8519a03c6a84c4903075881aa835ed888c358b8937002abe68ce8068,2,2,3.867732516482647e-07,2.9749983241345035e-06,0.9997343420982361,0.00026236948906444013
a877229b5c38644d85737d9d98166c09265e0f2d8f0b4074fc4e40a92835dc9e,3,3,2.022218950514798e-06,3.4248347219545394e-05,3.111250919118902e-07,0.9999634027481079
a885f416f8ba04d81db8168f01f62b47371347630ea2ac6008a3f123eb26daf4,0,0,0.9999094009399414,3.6807625292567536e-05,7.418384939228417e-06,4.6407243644353e-05
a88aadf8ac274ec227b9f9a77d7cec74f782f616009083af0838438d9e89538a,0,0,0.9999988079071045,5.275628467416027e-08,5.2433342112578885e-09,1.2060284007020527e-06
a89713c97195f0cc09beeae0b3f9122e250a0650579e71d3035f3c6debad0e12,3,3,0.006824845913797617,0.009640076197683811,0.003012025495991111,0.9805230498313904
a8a9f3991d0e6772c8e41c158c70bacfb693a97c329d9674e09d4091c1d7adf1,0,0,0.9999998807907104,1.0337609934740755e-10,5.955079485087111e-11,5.987764950532437e-08
a8b4112a1b138f2185c4e494af7e7041c5dc01a7714d30587e91f5862ecfb559,3,3,6.255158950807527e-07,0.021897513419389725,1.1060840279242257e-06,0.9781007766723633
a8c795d653254fa0c97beac6f4e44f5a02bedb46bd52c0378db072f93e66a162,3,3,9.83846746294148e-08,0.0005113831139169633,1.9649368354635044e-08,0.9994884729385376
a8ce529c9d940ef9d0402e7e5460ea2b184b79dc01ed8ca27d39a047ff8c5d89,3,3,5.256017399091206e-09,2.6587296815705486e-05,1.6121113333156245e-08,0.9999734163284302
a8dc372fbf774982c3242b9f1617b69e6098c31ba9d70dcecab8796a0d754b68,0,0,0.9804558753967285,0.012033790349960327,0.002015985082834959,0.005494393408298492
a8e8165e3de4fef801525691ea9a65589796a9cdaa7c88ce1c37ced1692cc6f4,2,2,2.7208789106225595e-06,0.00017725829093251377,0.9960582256317139,0.003761838423088193
a8f9455b461b4cde355cde9a77df4dc402087e67c528e6ce6104a2f8a39c712c,2,2,1.4175002505112388e-08,3.7358466897785547e-07,0.9999877214431763,1.1931024346267805e-05
a9081fabb2e1bca1b6328ee22858d58538fe6eb2a39acbba2ae0884c6ca3ff9c,0,0,0.9999943971633911,1.3178785707168572e-07,1.126776965065801e-07,5.317363047652179e-06
a909e9f5abe0077ef7c4e45c1326390983a81becc20b6fe578d38879eccc857e,3,3,6.861282741965624e-08,0.004062662832438946,2.871366007184406e-07,0.9959369897842407
a9164a703c0bbb781647549faf45a96e8ade417fa28ec681bc74b6207fc99643,3,3,4.199755949230166e-06,0.0013224083231762052,1.1934066606045235e-05,0.9986613988876343
a91a0d3f1fd2cafa0ec1be14565275ed018b33517d57e6bea56802848eea08ed,2,2,4.9839488092118245e-09,8.215312163883937e-08,0.9999991655349731,7.117437235137913e-07
a91e1ed189edadd6f785b7622a4140046bdac905ef40c9beb14ae6ca28b236d7,0,0,0.9999607801437378,6.368478011609113e-07,2.4370790470129577e-06,3.62238752131816e-05
a94d73859cd54befb5cb7b54690fc3c5fc6cbf230555285cf331debd47335701,3,3,0.011357844807207584,0.001072614686563611,2.0691875761258416e-05,0.987548828125
a9a327b36ca77380d4521f5262df4064a2ff077ccae417fcbd2ab9f721f5ed52,2,2,1.4419701699353027e-07,6.205933686942444e-07,0.9999974966049194,1.8151509948438616e-06
a9b4fcb203ab37332800fd19b98594bf56d43637497d00bf964d54f6b97b9919,3,3,2.0953667245748875e-08,9.796637812087283e-08,1.7321133416459134e-09,0.9999998807907104
a9b5d2309ede2d08abfd3d9b6342fae1209642df4c9064b26c9c6ba484f5e607,0,0,0.9999061822891235,1.560080454510171e-05,1.066257209458854e-05,6.758692325092852e-05
a9cf355445beaac320fcd3c3462340b6073d00d97590c4892e4aa518cb1d4455,3,3,4.864372726842703e-08,0.0004229909973219037,6.504397020989927e-08,0.9995768666267395
a9d23212a0ef954dd6955797c9c67a00d5651dd05d72e6560c9995cda00812ef,0,0,0.9999315738677979,3.677310814964585e-05,9.579221114108805e-07,3.070929233217612e-05
aa040ed737a8d7196a3f0a1072fb08ac1088623785a17f10376afb26f81e2a56,0,0,0.9918875098228455,0.0014124753652140498,4.851808262174018e-05,0.006651502102613449
aa0faada65afc82bd58104c6020e1fe31e42669cd8b038101968a95ac0a31c2a,0,0,0.9999910593032837,6.997895525273634e-06,2.7206427333226202e-08,1.9474641703709494e-06
aa1169c24e2e3f44090fbf1984910a26584197d219e8e3fddb2de3d444696cb4,3,3,1.0605265288177179e-07,0.0005983564187772572,4.5359149680734845e-07,0.9994010925292969
aa2180e410461ca4501054f9fdeb7ebddd85b301ab94cfec1a44767dc384fc8a,0,0,0.9999749660491943,3.91267849408905e-06,1.161082252565393e-08,2.1094669136800803e-05
aa4edd63f1c070b509d63b05546d59c9ef153e1bd6400eb30e3065f55a22e2c8,0,0,0.9999991655349731,2.76581735292325e-09,5.219468413031336e-09,8.697816156200133e-07
aa69fca37d03be783f209e75187460dccd454283c48a8a7af693be418470989e,3,3,2.2707564995005924e-10,0.0008368630660697818,8.602542983515704e-11,0.9991631507873535
aa6d5b39b51717317935b912785b1fb395777c7c50fc63d9ed627da6d5bdd097,0,0,0.9976939558982849,0.0015459689311683178,0.0004598535015247762,0.0003001326404046267
aa8bf1327a9515eaa6505ed61111606f229c87537186e93e590a45b69fa6a6b7,0,0,0.9998971223831177,1.1302267921564635e-06,1.5793396812568972e-07,0.00010165626736124977
aaefbca411ad89bed8bc98ef5a7333304dc616ac0012a03fafbbe4dad81c3ed8,2,2,6.754819370513587e-09,3.028125661330705e-08,0.9999996423721313,3.082244006691326e-07
aafc551c04e52491188796a4855553a311961e177e28a141d45617aa5d2589e5,3,3,8.626864655525424e-06,0.0005996781401336193,4.828661914757504e-08,0.9993916749954224
ab0f950724a9ce440c8b80e8d5e500e24ca7b1981f78a483ab9354c41e15e243,1,1,0.04923073202371597,0.9121472835540771,0.00015615203301422298,0.03846580535173416
ab184acb6e0775ee61e0493c5b5d662678aadf8cb6561ed959c6ae0057f571d5,2,2,5.169515926439772e-10,3.1700464475648005e-10,1.0,1.0862143184908746e-08
ab2dee17ee32021ca72fe98ce7847e94976fc8420c5f0a576123bbb6d39b5f71,2,2,1.3401700194037858e-08,3.2353341339330655e-07,0.9999996423721313,5.7829979027701484e-08
ab33e77cf38551ed40541e35ed487a2da07e587a4dd587ca8d5aa7bf9487951a,2,2,1.0793758775662354e-07,1.9475414774206e-06,0.9999934434890747,4.5136353037378285e-06
ab3508caa639f3f54f4cd7f475f45e39a39790d324098d235cf4943c8a3b95f5,0,0,0.9994283318519592,8.601513400208205e-05,2.3979973775567487e-06,0.0004832875565625727
ab54fe02fd21d7327dd054e7c74b63682e754005a1061026c3d3ce8068c77c72,0,0,0.9999992847442627,8.219666725040042e-09,2.571052704070098e-09,6.730626864737133e-07
ab5fb10a067699b181991286ec2cde7bee42b665a861d20a8fb66d92afeecb88,1,1,7.250744005204979e-08,0.9957655668258667,2.9467068429767096e-07,0.0042340741492807865
ab77335034761377251bd4a68df4248aed4abdc3ff5642578b9905dfca4bf019,0,0,0.9999935626983643,6.302057098395153e-09,1.829303236666746e-10,6.399081485142233e-06
ab79188314452b2872064428ee6a457c9b6b985b94fd9f92a376e4772474ccb3,0,0,0.9998205304145813,3.998648480774136e-06,0.00011326608364470303,6.220927753020078e-05
ab7dc5674564899f3b08b40fda3508736a6eff8163e3c9927136ac2a8bff9633,1,1,1.6100837285648595e-07,0.9984353184700012,1.6794185597746036e-08,0.0015645442763343453
aba58fa30bb0112fbea8fd28a911b406badd484680a75dc972002515e1e8a1ab,1,1,9.8135075177197e-08,0.9947304725646973,1.5188285829026427e-07,0.005269266664981842
abcffcd881f5540e67919073d1e0b3b0612756d02800434e1aa2b7e8eb42251a,2,2,2.1083569663460366e-06,3.3433277621952584e-06,0.9998087286949158,0.00018582069606054574
abd044e300b3d4704325f78a8eca584affcd2d332b61a481913a60452857649e,3,3,0.03176821023225784,0.1788451075553894,0.009621679782867432,0.7797650098800659
ac01e4c4824ff19bbe38a290113e3716754913fdc330fbbe717afb3df6b32a48,3,3,7.225908760233324e-09,4.45360092271585e-05,9.506289089245001e-09,0.999955415725708
ac17a23c89f0c2145bc716be33a9ca39577bae8f9af87f27b079d61c31a4a802,2,2,9.777409784583746e-12,6.565207399944484e-08,0.9999998807907104,3.0034825737601523e-09
ac324714d5c93657439ca53e5031a475d4620dfd55db67443160f5f99a7ac8e1,3,3,6.371108725033992e-07,0.00018242213991470635,9.705197498988127e-07,0.9998160004615784
ac453ebd57322f2b03d024646b6f48970b690e9838bb4d399d1f290dfd0dd39c,0,0,0.9999951124191284,1.360422263729788e-08,3.3342526517543547e-09,4.872766112384852e-06
ac63c773b8cff4b8d883d6377869008da1038d32a716f3bbd061cc0ac4325e83,3,3,2.5987961294049455e-07,0.003494013100862503,1.1911059694114101e-08,0.9965057373046875
ac7f35601c78aa69b9add537295decb16dd6c085cb5e93c735661d49bd956266,2,2,2.1902012148355965e-10,1.65603419866045e-10,1.0,1.0351803858554831e-09
ac8aa1938d2c92e6f0d8f1e1f907f9c2e443c5276b1e6d7176d2c4453d39d88e,1,1,6.302983820205554e-06,0.9952665567398071,9.534040259495669e-07,0.004726167768239975
aca266d13018d5c709287d4e407f1bb418b6628466b1c18ff5cc62d59a8168b9,2,2,9.36924982042342e-10,3.803188874940133e-08,0.9999998807907104,1.1001218780393174e-07
acacf7f31b5a0bef8a538871fcf9c7ced0ce138ccb4ef49bbb8190ed797aa70c,3,3,6.332903694783454e-07,0.00040795118547976017,2.633321685152623e-07,0.9995911717414856
acbd37d0ab50a678ce537bd8313b7b810ed83f50ce1543d83a342769a74b64bc,1,1,2.0964662894584762e-07,0.9900377988815308,8.007825726963347e-07,0.009961179457604885
acdb491dec3c18d3796528558b7e2dfbfbcb1c1d330b29b6e7dadabd7bc31459,3,3,8.348105779987236e-07,3.104335701209493e-05,1.770640096765419e-07,0.9999679327011108
ace07401349ffb10402b759aab9c82073662cf813af22fddc1d7a4947313ce43,0,0,0.9999986886978149,7.229695508925715e-09,3.4798478765196705e-08,1.3162934919819236e-06
ad12963e908fec3d865598ff57577abb96c54c320b52ef89ebe08922e22f04d4,2,2,4.7303669248321967e-07,2.4186158498196164e-06,0.9999959468841553,1.2283921932976227e-06
ad30365f126743959d1ab2698a4de209eb9d5af38dda276afe1e148eeb919363,1,1,9.002451406558976e-08,0.996936559677124,1.3937818721387885e-07,0.0030632445123046637
ad61c6914f1def767270cd4425bda9b902ee7d250a77d18ee1d4c154e14df46a,3,3,3.1448591926164227e-06,0.01308208703994751,1.2926246881761472e-06,0.9869135022163391
ad7ccf6373f234ceb7bbb992e0ee1d575aa9c4e88855b9487be50d991f044c99,3,3,0.0003920986200682819,0.03895208239555359,0.00025136873591691256,0.9604045152664185
ad7ecbca19117a26418670e57da41f427cb43deed9c1c3eaf35f96aa32335d08,0,0,0.9999942779541016,1.6755009255575715e-06,3.046076017199084e-06,9.979182777897222e-07
ad88ad6e5a93283dfcde4d32e2195ec7b28020da4e306b52b32511fe0a7bce0e,0,0,0.999609649181366,3.2802386158437002e-06,3.492328687570989e-06,0.0003835743118543178
ada70f2b21bcdbb72dfd391018646be35e1b24de3f9de4b81bcf0e02c66b00cd,2,2,1.597430632216401e-08,2.526374487388239e-07,0.9999995231628418,1.80202988531164e-07
adba8b2a3f146546bc93fa14dc5fe67cabecfe7942a2484fc3bc1b530dad03a9,1,1,4.0843374904397933e-07,0.9684759974479675,7.712269223247858e-08,0.03152337670326233
adc9fe10ce74397dd3809d6798fbf88809e05feea456cd3caf33962098730564,2,2,2.777474321646878e-07,2.0462395866616134e-07,0.9999982118606567,1.329988776888058e-06
ae00e375d7e9e82f0ee33fbd7a50b616c157f0369bd5b0a2ef4a05c3d96f42ad,3,3,1.317755686613964e-05,3.7776048884552438e-06,8.952544483520342e-09,0.9999830722808838
ae139e69f128e29ae7f5fdedf3251ebdfa338fb6b36e15b98e4daeb8a896094a,3,3,1.4461241448771034e-07,1.4095015103521291e-05,3.363048222126963e-07,0.9999854564666748
ae1a89115b7cc3eb7c43b17bc4e5b899b63d9f0c972b3b09c2e860054f99a270,2,2,2.1111446812938084e-07,2.0843347101617837e-06,0.9999918937683105,5.85602856517653e-06
ae2b12a853c013a1a4e7d0c02b3eaf89b5bcf172668b592d1abf2d862966171e,1,1,7.974454518944185e-08,0.998082160949707,5.160128324632751e-08,0.001917778281494975
ae4675cf34090691c0c549acb3ee95177f781c97b5a64739aebd3c80c4be074a,0,0,0.9999852180480957,2.168032779081841e-06,1.106462491407001e-06,1.157785391114885e-05
ae4ab3d66a430dcbf46d0a7e7767da39d4245d74be53bd1a628f81ffe4a0b3f2,3,3,1.2866009591050442e-08,8.151507245202083e-06,3.6668401648398685e-09,0.999991774559021
ae62d29b1b890186673893aed9f64f806f99aebfa108a171fcb3786c1aa620e6,3,3,5.300492830428993e-06,0.005232656840234995,2.8626375296880724e-06,0.9947591423988342
ae6c09fc5187f525475578d517fe2616656434f02ccaec063b27612e2e333a8e,2,2,2.554289002532073e-09,3.6105802792008035e-08,1.0,4.6815639365149764e-08
aea6c0ca1aa122863dbcbb482c853bf5dd361125945b1e59b154c175736f48ee,0,0,0.9952966570854187,0.0022869096137583256,2.6966954465024173e-05,0.002389434026554227
aeac1a1f93d7912c5fc57adfe1688246c7b9865d11f7b74e151d4df4e2b4a8ce,2,2,2.892106465424149e-08,1.2929651802551234e-06,0.999996542930603,2.109046590703656e-06
aeb118fda1263ae2be2ba950d8b3baf159e00c2af99881f06e95d273e686e71a,3,3,1.0856855396923493e-06,0.002705186139792204,9.210886275923258e-09,0.9972936511039734
aec8e6f262f8194bb3bf7b319eb4cc8630dac8725dc8402ec90ca7eba53d2064,0,0,0.9998214840888977,2.7590883178163494e-07,3.4405391602376767e-07,0.00017789710545912385
af94edc12934358d2ea7fa515d23b5c0fd0bb61e246280f7c314ee255dfa03a8,2,2,1.9462608236153756e-07,6.706412136736617e-07,0.9999990463256836,1.399061204665486e-07
afb915f26434525c5fbb415626b24bfd328991d109bafe3ed1af3bc7a60de094,0,0,0.9999680519104004,6.15048520558048e-07,3.136246277790633e-06,2.8243181077414192e-05
afd64b719177e10baeb5894192c6289de3264a458630853951bf0d9dce5e6a65,2,2,8.48140615516968e-08,1.3494340009856387e-06,0.9999904632568359,8.16114970803028e-06
afd6db0461401b61a9ee8d9e3c80573cac351839829fb0dbe37f2344e89a1c56,3,3,4.2391377519379603e-07,1.5929532310110517e-05,7.647012800759967e-09,0.9999836683273315
afe4eacb3aa2ec9e9009ae477e61929ffd80987eb51caf610edc5e3e6f1c94a2,2,2,1.5578278862449224e-06,7.449582426488632e-07,0.9999532699584961,4.444858859642409e-05
b027803b02877b166b2f52efdf9e966a43f24b622e8b9f83780ff94bf24b1405,0,0,0.999872088432312,2.247865268145688e-06,1.2845449418819044e-05,0.00011279266618657857
b03702699048b55eed552b91d9bd9dbabead1c261b3c22863839581337ef0822,0,0,0.9997307658195496,5.776249599875882e-05,1.1108271564808092e-06,0.0002102905564242974
b03b671f8e12e4ef12d14ee38b7d0c01a303da40a210b0dfc9c2b764bcbc44fa,0,0,0.9998341798782349,3.230056336178677e-06,8.517172886968183e-07,0.00016176232020370662
b079ec70a627e945bc12eb77afe799162d9f1f1fdf18b5736bf50435a9e78ecb,0,0,0.999953031539917,4.116522177355364e-05,1.2651044016820379e-06,4.5880460675107315e-06
b091e3221b09bd81fe8e6fc495deb336d9f998b17ca5e9a9838c2ab5cb3c90b8,3,3,2.7346658271198976e-08,2.148476050933823e-05,1.719844000547255e-08,0.9999784231185913
b0959eaa964eb2c5d46bbb8ab0f453dd4186753ddee69db1cf21940b67af861b,2,2,4.189614344340953e-08,6.396507501449378e-08,0.9999994039535522,4.5210785515337193e-07
b0e55cf45515f39053725d4dbb53c3ab84d257e8f3881317d970e51ee384151b,2,2,3.1431929281566795e-10,3.1165964742285723e-07,0.9999996423721313,3.074134369285275e-08
b0f882d77588d2b0c6624fb1384dff53746398348e6e732f85c396f25bc1b3e8,0,0,0.9995853304862976,8.19771594251506e-05,1.1068404091929551e-05,0.00032155343797057867
b100823a5e5edd3978c2b14ceaa42fc93463d1ca06c1274f4039359b4b470f35,3,3,7.215239179458877e-07,0.0010660733096301556,9.722521099320147e-08,0.9989331364631653
b1209aae9098c35cea506ab15e1932bb549aebc53de2f9167fee31b4d286d9b5,2,2,2.8555341486935504e-06,1.8070998066832544e-06,0.9999895095825195,5.840063749928959e-06
b1294dfbb81d777d46e6e8e96242c72ad02132c25e3805b17062912cc6e62e80,0,0,0.9991532564163208,0.0007700546993874013,1.1958667528233491e-05,6.476203998317942e-05
b156a1088932fa1b882cc96fcc72a39b6526cf7dcedbc3dc825b3900bee475b9,3,3,2.216518078057561e-05,0.0010426616063341498,2.4037874027271755e-05,0.9989111423492432
b15cc49c440f3301420367037a7fa39e889a1f4f07b0cd177be87ced5f8e604b,1,1,1.7776843108663343e-08,0.9994452595710754,2.0961426372423375e-08,0.0005547003238461912
b160c5ac45f16fa9404a217f918c3acb31b9e5faa4ca8be53ed92a36c86b65f6,0,0,0.9996316432952881,5.8931258536176756e-05,0.0003034000110346824,5.93536242377013e-06
b16e896c3afb79f263972a5b593ba1d32a314016783efead04185e6072d33d37,3,3,5.2557115992613035e-08,0.005505888722836971,9.30939059173852e-09,0.9944940209388733
b1733aaf59f31d4fb4db87053bf20dfba9fc32c03b1f716a2d98a057542b0298,0,0,1.0,8.43593306321111e-10,2.4843757606696215e-10,4.50204229451856e-09
b184f8f484b1036b3d9eaad52be36f361d16fd4a13aa570efe33f986143100dc,3,3,1.8313462746277764e-08,1.220048579853028e-05,5.563160243582388e-07,0.9999872446060181
b1e744882b7a389fffaf434862f46dc02f4152c2afc6ac202b8a5e02be9031d3,2,2,3.4680829319455597e-09,3.152984717758045e-08,1.0,1.6255640389317705e-08
b1fdf03de22a4d1d20f0a4db115c09f72eebffe564ef27b6893ce9432892a08f,3,3,2.708637203419073e-10,6.647411646554247e-05,4.244628259986172e-11,0.9999334812164307
b1fdf8d7b13fd5e7714c532d45bc820aef50b1d833e2266567f545ac6c0a90bc,3,3,8.357963210414709e-10,1.7789965568226762e-05,2.8185782596779063e-09,0.9999822378158569
b21d875320ede49d657f2d350659cb15f1bcaf10aad8d3cb2908db5fd5a9958b,0,0,0.9999439716339111,2.6069326850119978e-05,3.5039485624110966e-07,2.9517184884753078e-05
b22a423b99e16f48a4503dbae4ad5d44074c80b108ed1141c0ea060109411e1b,2,2,1.4619224719680801e-09,2.751413319401763e-09,1.0,3.647619450930506e-08
b25a33ca88785dd2099680c1fa1b6a2fc9e1c34c64a5d8a5e939c95aac7c8b4b,0,0,0.9962559938430786,0.0019130073487758636,0.00014088624448049814,0.0016901707276701927
b292167c8ac650582e86f78b41e8e7130b6a43f098c01cd9d34808c302347981,0,0,1.0,1.0455822874178011e-09,3.2623339585313715e-09,3.436334239381722e-08
b2bfecbc28bd813bbd79266fca5861f2c36ed5fc16254f4cba8b0abcdcd404da,1,1,0.0013084432575851679,0.9093793630599976,1.0525503967073746e-05,0.089301697909832
b2d2efc3de8f6591ee94c39a4636f93a1f65f7277ccf1fe55c32b6c126c3556f,1,1,2.810339516656768e-09,0.9999923706054688,4.830310729175835e-08,7.614082733198302e-06
b30d11f1635a39e08b477c28fc040a06bcf27c47e4d8b32b5ae2f923b01d0c08,3,3,0.00039723384543322027,0.0012317918008193374,5.9348585637053475e-05,0.9983116388320923
b33aaa3fc6aea5a06088bf731c6d2f5b739eb664eabe190444dcf2109641db5e,2,2,2.3860142750464775e-09,6.920694683998363e-09,1.0,4.944676668117154e-09
b347332beb7c9c6910ab9ccb0b1558077800bea6cefa6f05ffc8ac2f92427c3d,0,0,0.9999817609786987,1.081407049241534e-06,3.114011178695364e-06,1.4107576134847477e-05
b34c6b525ed7b7b3878f70260d9fb30fcdf50442409cc8f0820c172826624299,3,3,2.5065105546673294e-07,0.1910165548324585,3.7033862554380903e-07,0.808982789516449
b38756bba540c165dfa0b0a7fe25769d37aa8205439b31ccf2a5898a106b9367,1,1,0.002516065025702119,0.9479072690010071,0.005809363443404436,0.04376723989844322
b3885959075c8e4d73042eadac2f33dd65398cecb143632f52617be878fdb832,2,2,4.1726559629751137e-07,1.271245491807349e-05,0.9999645948410034,2.2326717953546904e-05
b39ada9c01a225805cf0991ae5c4616aca123eeb6b3f5d7a0760e4d40db834db,2,2,1.1434821978184573e-09,8.984651245214081e-09,1.0,1.4443484630533021e-08
b3a456c2f581626bb6d27f6baa1d1f2aed15a304f22e31383b2bd0ca3c0271d2,3,3,1.337491397634949e-07,6.266673153731972e-05,6.509221162076528e-09,0.9999371767044067
b3aff7ef9ed2c8628819bb64cd3b2dc430818d8d4522ec4ac015aafe22a69d27,2,2,6.272027519571566e-08,4.218743043793438e-08,0.9999984502792358,1.4860834198771045e-06
b3b6411d14f40d5575347e4ccfc64c49bbc495fad4cd9fb47887109e328aa317,3,3,7.56323934183456e-05,0.00023787590907886624,1.726834284454526e-07,0.9996863603591919
b3ce3ec72e0668e4978d390fc5e54b0423828bb9c91505c156e6bf9fc545b49c,3,3,5.311572977007017e-07,0.07820060104131699,9.007204226918475e-08,0.921798825263977
b3e07c97abaebac01be6a0745c54601f9a75df12ab7594c1c1014cf58e9151b6,0,0,0.9986698627471924,2.1557228535584727e-07,0.0012997840531170368,3.008759449585341e-05
b3efe780313a8ce5fb43f92610e528f1924da0c19d2305874b10180dc11ee43d,0,0,0.9999909400939941,6.426674872272997e-07,1.6107472902149311e-06,6.7960017986479215e-06
b3f41f7aa2cc67837f709ebc3431be3ce7fdcdee489826e18ba33b56f7e86333,2,2,9.275972878697303e-09,2.0146705992374336e-07,0.9999997615814209,5.088519827722848e-08
b3fa6b934d0a660d4194de12a22c07a66aeb3f394619f1ca32b9131212b53b96,1,1,1.8978420257553807e-07,0.9999473094940186,1.4314683483007684e-07,5.2291328756837174e-05
b432485075d69aea63a1032384db0ea883f091759a02bef957cc3e1090f405dc,0,0,1.0,1.4674811366077734e-10,4.761888106052936e-11,2.6162689792386118e-09
b43e82073b6b8d6e577509ed87dcee2b67b44ab9e0d257ce6613216a2afaeb85,3,3,2.016177269581476e-08,8.133043820635066e-07,1.6853390905069432e-10,0.9999991655349731
b45ed218f6282dabfa133930102a5cf007d04954c8298814b11e2e1644410111,2,2,1.806141625149138e-10,4.2824069623748073e-08,1.0,3.5976224666001144e-08
b46d2b43157eb242f212ea490d937fd180c092f350e17ecc27311ab4136ef026,2,2,1.3861623529010103e-06,5.8210451243212447e-05,0.9997197985649109,0.00022053704014979303
b474543b50344cf066db62b107b8743f7a0456e4fcc2d034db0c6589a806d491,2,2,1.334404392538957e-10,9.327160910288512e-08,0.9999997615814209,1.3997934900089604e-07
b4768fd1e7f77f62417f50d9a89a5078ea169ee06bde488f5b59184d5e598225,3,3,3.2028833629738074e-06,0.0004031629941891879,1.8675385149435897e-07,0.9995934367179871
b48752157d59c85d7dd2826c42efdd873e3456d532d6674e63e5d3856f890ccf,3,3,0.00018637576431501657,0.035370104014873505,0.00044537914800457656,0.9639981985092163
b490c5021cca347e683d38f205710d83815211a832afa79df3e4be42cfc4be73,0,0,0.9994000196456909,1.4106846720096655e-05,3.105547534687503e-07,0.0005855446215718985
b4c34796b08cfd8af64698fb540238ed7f6bcfeb6c841cc447a5a74e6182573b,0,0,0.9999737739562988,7.92206537880702e-06,1.2982926818949636e-05,5.389287707657786e-06
b4cd35b8517799681ff4e0ff0fba658ad1f8905e4222fe511fc6025f8e79a157,2,2,7.75398323327181e-09,1.3017505580137367e-06,0.9999972581863403,1.4208311540642171e-06
b4cdf6fc9a91d8d7ae5078bd8f7e507afa1373d48f5e4c12eb36a7fe62ee785b,1,1,1.3580727653561553e-09,0.9990991353988647,4.547744651972607e-07,0.0009004523162730038
b4d1e6a0adbd33ef40291e5a62ba659541a4ca26b73b0af963724e2e8e27aadc,0,0,1.0,6.412375519460056e-09,4.460521552118735e-08,3.1371283348846646e-09
b4fad6643b30842fbed8d1b195d07dd5eb8e72213bea458626d0b1bcd4ab3d2f,0,0,0.9760668873786926,0.003209606045857072,0.011587543413043022,0.009135947562754154
b519aaea85f3093133a3727d44bddd4ef16892b4e0286755eb6117502468d499,0,0,0.9999984502792358,5.36132517936494e-07,2.347828775839389e-08,1.0458415999892168e-06
b51e8d36a95ff1386588915afe3c0de1881e7eff301c4966e645c3d4a808040e,2,2,1.071743795932889e-07,1.3724668406212004e-06,0.9999833106994629,1.527629683550913e-05
b541d644c60d17f09c0273db426546752c1ed0f315207536b53a218d26e7e357,0,0,0.9999967813491821,1.0506337133620036e-07,3.634884393477478e-08,3.1147260415309574e-06
b54f34f32a1bb316a1ea80f08ff96676d9dd0d0fe7ee25f68fc60b3dde00fdc3,3,3,4.041275587951532e-06,0.028985170647501945,3.896638247624651e-07,0.9710103869438171
b55da6396d3f766693f673752592690e51fb037f7c073021d0725504f0d23169,3,3,1.8062737581203692e-06,0.006716221105307341,6.922491138539044e-06,0.9932750463485718
b56346b64a98cc4ac43f30be692e047752910082c3a544becb6d724414263bbd,3,3,1.7677168173690916e-08,1.6443639196950244e-06,4.0883560425974963e-10,0.9999983310699463
b56c7dceea5e6d2c1a6ca2b88643dffe61a608ae7456d0ec229be99482e83746,2,2,3.3704324664540763e-07,2.6486659976399096e-07,0.9999977350234985,1.673261522228131e-06
b576de1b88373335c8017947989680c883d06612843c2a8aa4cbca9b65f99e6c,0,0,0.999625563621521,1.143872623288189e-06,1.040793407014462e-07,0.0003731579927261919
b58c175566d29da72957f8bad2c33c48dfbe28edf132c15625459572b172e2b8,1,1,0.003824716666713357,0.9433249831199646,3.0633875667263055e-06,0.05284726247191429
b59e97f63159f892b1fe35582e0bc27eb7296f9eb4aa839b11286538acc3d81f,3,3,7.494982412481477e-08,0.04173924773931503,1.88788877863999e-08,0.9582606554031372
b602dae65b4cb04861c53a3ca3fdb32dd235ca12b87d7f37c7f422e4ba6be71b,3,3,3.895329427905381e-06,0.03515990450978279,4.821268248633714e-06,0.9648314118385315
b6087bb2876cdcec7191ec4a93597038352c553cbf244172c6eca0d566ef0002,1,1,7.755940889531132e-10,0.9864234328269958,6.840606658897741e-08,0.013576501980423927
b60ad9798f915620dd992faca80c1d8caf7d50ba6d0406c66b99e9dbe8a12ed5,2,2,2.4497316175597916e-08,1.194569563267578e-07,0.9999997615814209,9.754089091984497e-08
b61e35ae93908234a3d8cdc1b97e578fabf29118b7c9ec3d1cc55dfc1783351a,3,3,2.3467615051231405e-07,0.005651156418025494,1.302355912002895e-07,0.9943484663963318
b61f468f82ef99c9ef35ad2039956e83c1ea75fd9febb61d05d66579a6feb0b1,3,3,0.11267578601837158,0.013486998155713081,0.0005578762502409518,0.873279333114624
b64723eddb4e8fef728beb4cdd0a74184b3580bc3562718d1929404e9ec3e25a,2,2,6.589673806622898e-10,1.9123726247016748e-07,0.9999994039535522,3.3524125342410116e-07
b655021e151311867a5b36ec24c9efc941949265c97e76f79b3b8c70e93373b4,2,2,5.092214983015708e-10,8.95859031402324e-09,1.0,8.468648005077739e-09
b660e95def5f7d2f1d1cec0005a509b0c639cb6c8c4390167507904399078ddf,2,2,5.163584226863804e-09,7.265717272275651e-08,0.9999996423721313,1.897461885391749e-07
b67c6b1b70d8ac9cd8c993e159bfba1c4f40a3735078358b4ad6cc55068f05cc,2,2,5.684290815821669e-09,1.1214750017529695e-08,1.0,2.699566792330188e-08
b67cd3bb0bf53278401f3a8b5cf4129b79307747b6fcff83e03bdb751e372188,2,2,1.494205648100433e-08,4.6301138922899554e-07,0.9999970197677612,2.471897460054606e-06
b67ffa5adab1272c4097fb9183cae2efedc543916561cc760bf4c96677b9b183,2,2,1.9506134663060948e-07,1.4430163446377264e-06,0.999996542930603,1.73436967543239e-06
b687360d0dac1a13dc8aca919cb90b0e963dbb578be1bc6dc9e1828326dc3597,1,1,2.2165889956848872e-10,0.9999979734420776,1.792799650957022e-07,1.8293080756848212e-06
b6a516e5faadf9dfed5db42f4c937709f8c6d38319dacf0eadd7972001ee0771,0,0,0.9999954700469971,2.719400811201922e-07,9.875336659526113e-11,4.312407781981165e-06
b6baeb77b10174afadd0bc964c17579062fb5ff208cc01e960ee14973bc7876a,3,3,0.05142294988036156,0.05383451655507088,9.355662041343749e-05,0.8946489691734314
b6f831dcd8e4b89caa8e2857991da5c72aba43da45aee38f546e5cee62d8a865,1,1,4.7801926861268385e-09,0.9998090863227844,2.6112147111234663e-08,0.0001909232814796269
b7152b797284bd593a0a1f35becae9ad4c150eb9c00cd19698911d23b9b9bc6d,2,2,1.456682383604857e-07,8.054893214648473e-07,0.9999977350234985,1.2830785180995008e-06
b72bc37fdb77d72415972e728fa57fdc5d320c42783fcbad3c15a73169eaae2a,0,0,0.9999973773956299,1.4722070318384795e-06,5.3738379079959486e-08,1.2454735269784578e-06
b73a436e8f950b269f56f8167a53dd62d012640b51277dc1d41b44f09fec8423,2,2,2.1402804861736513e-07,6.961888061596255e-07,0.9999970197677612,2.012133563766838e-06
b7789022396c7b1ee2a02424c01223dc330f601312acf725b2c28a62bfbdc61b,3,3,7.836805480110343e-07,0.0028609514702111483,1.2409884675435023e-07,0.9971381425857544
b779acad47f263d4d9a15a78310c727bc42eab89bf3c61f2df100b889816024c,0,0,0.9999986886978149,5.92287392464641e-07,2.0062320515989995e-07,4.839196776629251e-07
b7a1257c50b6e8fce5997242b0a7e7b848f902a78e40bc3e6a9e1c84ce98b785,0,0,0.9999880790710449,3.425943532420206e-06,6.121186402197054e-07,7.900629498180933e-06
b7ad4e78383515e3c2a25e32e1a217edcb0c5893d29175af08b828fc3c8ac276,2,2,1.2870737808867716e-10,2.739805609053292e-07,0.9999997615814209,1.4987767471552615e-08
b7b2a9e4e6f10c200202ffba774ae802ccd9de7d15e5c98bd0cc12a4a315e29d,0,0,0.9999935626983643,5.067470709718691e-08,2.7022128534781586e-08,6.400997790478868e-06
b7b5d25ca8033ce789cb4e2c4b0ca0891bf4f4a1382575fe1fc26b7fa08e460b,2,2,5.029536787048983e-09,2.63418456825093e-07,0.999998927116394,8.614808280071884e-07
b7da4b473398513402bed7bdc655cf7f7b9b3a4d6f3ff5d0ade8f2262410f466,2,2,4.786434004699913e-08,1.194847243368713e-07,0.999997615814209,2.312642209290061e-06
b7dd69037b5425387b1e87dd0a172c6870554e429d6632a441ff47697f9a43b2,0,0,0.9997414946556091,7.345090853050351e-05,1.809967073995722e-07,0.0001847936655394733
b7f7483e4d173f61daf072f75b4ac15ac073c6c04998cb8f08a65d82894958b7,2,2,2.4687698996217478e-08,2.2201655625053718e-08,0.9999994039535522,6.518006898659223e-07
b7fc385bb509398b8c44edc92f46aae26b5cd24a943ed51a8230e0d50c7aa9cb,0,0,0.9999997615814209,1.8687831726538207e-08,2.7329603025094684e-09,2.6499651539779734e-07
b8027b1112b08cfb22127af5264accb5a402291b3e69ba8927013bdc8656ed0a,3,3,1.5665006003473536e-06,5.321791468304582e-05,3.874438903039845e-08,0.9999451637268066
b83f174573906b3b49826261e3126466c4c9cf5559ba61d02950845cccb94c57,0,0,0.999969482421875,2.835923851307598e-06,5.597883045993512e-07,2.7030100682168268e-05
b8460106aaa393a43c5b5f40f78addc0a7b248868b37cc05295c55fa149cf31b,0,0,0.947665274143219,0.0005191293894313276,4.431809429661371e-05,0.051771316677331924
b860a747e7e5c610d28651afd25a05fc215bff3410f80e75bb57bf6a95af9400,0,0,0.9999995231628418,4.104846027530584e-07,6.909427696655257e-09,1.7730178569763666e-07
b8648279449ecd43e8cc0f23b31f3bd6f3bc18bb3944f3989b0356d0d96dad21,0,0,0.9999990463256836,3.4909396617877064e-07,3.944632283037208e-07,2.3450787978163135e-07
b8818a8d370f3b3a14521e7ccab6fab12abb3f77bd9992907c39a50e87ae0214,0,0,0.9998986721038818,8.363683434708946e-08,1.28195085835614e-06,9.990702528739348e-05
b895ea491e10f0f5f5c29f9c4b7ed95370e5b39cc1523294373f17b9966b455d,3,3,1.7536639234094764e-06,0.009817801415920258,9.983432391891256e-06,0.990170419216156
b89c20086d94066f8d535d63ce04d1813fd7fd7c27e467e5d3253445e38c7359,3,3,0.09235099703073502,0.0011148899793624878,1.7752036001184024e-05,0.9065163731575012
b8a1e8ae4d38bde750d0cece0ba913e0d3efa94f80a60bf58b7f263ae5915cc4,3,3,1.9398617951082997e-05,5.794674507342279e-06,9.765382280590984e-09,0.9999748468399048
b8afbddf72c961843fdceb2ccdadad37c8f42180bd7a02d72b8280e2b519016f,0,0,1.0,1.773114988168345e-09,4.4922784936396454e-10,3.838431794633834e-08
b8b41c7d60a286af287472b9e20fe77a324b6322e1e5dba601933b4ac5bac604,3,3,4.532351738362195e-08,2.6932533728540875e-05,4.628861631772452e-07,0.9999725818634033
b8b8a1b17060db9f8ff5f4e773eb75db46fe7c89d7bed4fc25e073c55634621f,2,2,1.197115739870469e-08,2.244901367021157e-07,0.999998927116394,7.866922828725365e-07
b8bad64c112f4ebd7699f8a60dd597d1fbede5a34de4e5b0e898bedc4a979c1c,0,0,0.999894380569458,4.7622805141145363e-05,5.179849176784046e-05,6.080362254579086e-06
b8c6f7cd4e71d8b1ab240e95326bc0c34d73a1d2966039bd69b26a90bf57fe83,3,3,9.268503049497667e-07,0.008802513591945171,6.304754052166572e-09,0.9911965131759644
b8eaa68c91fc088d8f073b6243c2db5977698c55029ff02bc2d4119babbc8043,2,2,1.180172830572701e-06,8.949447192208027e-07,0.999976396560669,2.1552274120040238e-05
b937a952fbe591919f83427f4998be223636cad7275b33bfe952d7c133d5a375,0,0,0.9999316930770874,1.4680509593745228e-05,4.6944089262979105e-05,6.630675216001691e-06
b958d5930aa3632682389ab67d11073b6f5e595bd383a991a08ed7edbdadc1b7,2,2,5.824470350468403e-10,9.961772917677081e-08,0.9999996423721313,2.8420427611308696e-07
b95d2d4e206b1a9f43ea68a70b841b8936c36786e61a994e24590c7e6ee11118,2,2,8.53361689223675e-06,7.986210403032601e-05,0.999439537525177,0.000472051789984107
b95ec440a39c46e5de18833c34fde604b0daa37fa34263a2c808d08f823e80db,0,0,0.99983811378479,7.080962859618012e-06,7.72971998230787e-06,0.00014702203043270856
b978b2267407c49dcb2c70f2791a0aca0e8a3ec8b747ed991d8238f9942e0865,2,2,0.00014270094106905162,0.0017813650192692876,0.9944809675216675,0.0035949284210801125
b9809845c813d0a3e2d25ca1c1e38d1be36792d9d6b10c5cb146395863a9c189,0,0,0.9999778270721436,3.564154894775129e-06,5.567640641856997e-07,1.7959295291802846e-05
b9b38aefed5d0dcc25486b7b01795385ee4960be2d911142645969da02835073,0,0,0.9999542236328125,5.836544914927799e-06,1.2674554454861209e-05,2.733785004238598e-05
b9d31873588ba3148b3755b883d55ef9c2aae4ed1ace293ecb25e61bf6342799,2,2,3.927588920760172e-08,6.68793873614959e-08,0.9999992847442627,5.403090881372918e-07
b9ea92849529c6ae4554ba014ca57f1247dcafa351f6eb4851e5733d6f2abb13,3,3,3.799385694946977e-08,6.735333954566158e-06,6.239180283529322e-09,0.9999932050704956
ba07c8f560905b1d2c6eb53a94a5026598d401f51571b3dcf92363a22fc05421,0,0,0.9999939203262329,1.3651442998252605e-07,3.677296490423032e-06,2.2568456188309938e-06
ba18919f23dd6b130b51e04e473a5d1ffcf427d7b04fb4dfbecfc2daf143f3ec,3,3,4.015687338210228e-09,1.6724009128665784e-06,6.93584354394261e-08,0.9999982118606567
ba289f91b29bb74f5d19b92388526cd3e68b403cf7c27dfbba45b794b8b138a7,3,3,4.857923396883734e-09,0.0001452306896680966,2.318042979787549e-10,0.9998546838760376
ba37d900f71979e7d039aaa8e2907e7da843a646b6980aa9803b094d81c56057,3,3,5.588051863014698e-05,0.0028553868178278208,5.524792868527584e-05,0.9970334768295288
ba3d63f55fde30d038ec3b088e504d7649f4b185bd49b6b20917948a739abf5d,0,0,0.9985112547874451,2.8355974791338667e-05,0.00035449431743472815,0.0011059496318921447
ba64f5b699b26849250d4a500d995203694fa2d2d85371ddd50973a73ddb3c79,3,3,4.413295062732914e-09,1.2031659025524277e-05,3.198923437253143e-08,0.9999879598617554
ba6d9f71522dbaf0b16ce68ab13c5b40ce6229f54204ba0948672937010a24c8,2,2,5.340676878518025e-08,7.173085236900079e-07,0.9999986886978149,5.365685069591564e-07
ba720b3f8da3f6efaa2fa6f02704407bf705cc815c9c4d76301c835147752228,3,3,2.044741487239321e-09,6.565325634255714e-07,5.112102408055819e-10,0.9999992847442627
ba7b4754ada504bc2fb2aa9740456d03bd0fe4b4d1b6432bca0c9a932cc8d417,1,1,1.0136726587006706e-06,0.9859254956245422,9.154359759122599e-08,0.014073292724788189
ba82eb753c8f49dbf05863ea6891f53b3fde20abda9eaddf09dc4fb395279043,3,3,0.0001859297335613519,0.00011737328168237582,3.849899803753942e-05,0.9996582269668579
ba8659eb104889573a0fdbcaf032672d32f6ecfc04d5d9cd91b1a1384d33afdd,0,0,0.9999885559082031,6.689254483660534e-09,1.1085911744146415e-08,1.140068798122229e-05
babe8e6993f3438b89909dc3a5531cd1b08c118b54495b0cb86bd923358b2fbf,3,3,1.816597068682313e-05,0.00573498522862792,4.081532097188756e-05,0.9942060112953186
bac336a0e919908e1ec3627aa73b9a20c75d01bfe5eb2d3abeac55aad9f2d279,3,3,1.057297322404338e-05,0.18387000262737274,3.503423431538977e-05,0.8160843849182129
badce4717d538b51c2faaea32d4254f80be34eddc41e7b6f97a3b74b84fa573f,0,0,0.9997944235801697,2.6207602786598727e-05,6.413693540707754e-07,0.0001787188957678154
baf20aae1bebc1d765ec0a9efd594f70b9d236ec8b017f618702a9ac33bfcc91,2,2,1.113073381020513e-06,4.216557499603368e-06,0.9999589920043945,3.566279337974265e-05
bb0b338c4aa15b644cf1d503588733337c18e1b38ec67cae9c9dc06545d6ef16,3,3,1.3750518501609577e-09,0.0010071182623505592,1.6782111345037265e-07,0.9989927411079407
bb0ddb98b3ee648db28888fd81d4b0f3bf89639ec6936ab49c1150d80c869001,3,3,1.6568089904467342e-06,0.0034639874938875437,3.3304436897196865e-07,0.996533989906311
bb10f951902b6494b73950a4f91001082eaaea7710244eae4d86b91c3ce66c80,2,2,5.780772305286064e-09,6.42337795397907e-07,0.9999794960021973,1.996701757889241e-05
bb1810fc5c72471894320f43e19c6e427118beb804a09e989091a603a94e78f5,2,2,5.051394055044511e-06,3.564114376786165e-05,0.999955415725708,3.9893752727948595e-06
bb198120acc7810bc063e7c45d822dfcaae888eaed0bb0de3ac27431e4d10e3d,3,3,2.308418167729087e-08,4.137781161261955e-06,3.9806465679248504e-08,0.9999958276748657
bb2fa551f65d83ea5053f2e5d2e2873fa20d46c93b7cc073041bd48286bf5b1d,0,0,0.9995867609977722,9.113450687436853e-06,4.733507239507162e-07,0.00040375764365307987
bb6513c8d45b22472dd5e8ee2c28bd5eac6ab2655f53a7ec7a9bcd9c1b7e77ca,0,0,0.9969423413276672,0.0012740668607875705,1.4064415154280141e-05,0.0017695449059829116
bb694ab52a9336cef8abf687764c597c8876261f4f5befeef9ebb60487f8f700,2,2,2.765689259831561e-07,3.888520495820558e-06,0.9999918937683105,3.8897146623639856e-06
bb6b8110a1fdf68a589de5b2d68cbe9217e57be2dcf6d51ee49d10cc226bb91d,3,3,4.990885713596072e-07,0.0013249244075268507,6.692965257570904e-07,0.9986739158630371
bb7e1e631185e3d23d9a5dbfec864afca5b58191e7a03829c0e1268aa444cadd,2,2,1.9980565468813438e-07,3.27001004052363e-08,0.9999997615814209,3.666004388946931e-08
bb7f20222a5e3b07ad4bfb98c9b3cbb3fc7ffa21a15e8c4bc28cea558aa8c0ee,3,3,1.7908825611812063e-05,0.001080875052139163,3.608781469210953e-07,0.9989008903503418
bb8b133be7bfbe877c9397a4974e2ef9fc2a927de88a264e82a44a38beaeca2a,0,0,0.9999982118606567,1.9199283940452005e-07,1.6052115370257525e-07,1.4775279169043642e-06
bb91e0a3c455df67d2f7ebd9837cbd1d947a9f86211258b279e4d41a61292bc8,3,3,0.007486934773623943,0.06168731302022934,0.0006051495438441634,0.9302205443382263
bbd47d63915f328b51dcc15cf4e5d9a8d5b9c12bad7ae3192dcb2c464c12f881,0,0,1.0,4.816166354615348e-10,5.962004223647455e-10,4.458829039322154e-08
bbd978ca6c3506012fe29bf0dce65809949b75430ca0ae9dc95b507ed57e1b63,0,0,0.9996562004089355,0.00013274727098178118,0.00018768306472338736,2.331092764507048e-05
bbdad26a0aa256f80d455a53d6374cdb1e1f64d2c47117f16f0df5c980dc4a07,1,1,3.949257734348066e-05,0.6630271077156067,0.00021825343719683588,0.33671510219573975
bbea0e855fcddc49f3ec5ca32c1843639d21087628d435beee31a0eb43494fbf,0,0,0.9999992847442627,1.3123470310461016e-08,1.023398477073556e-09,6.989985763539153e-07
bbea2a6c7517955a65f5f36264e99e3b66895198a99a03e04881338c66272dde,1,1,1.9445732135636717e-08,0.9988065958023071,1.6073366637670006e-08,0.0011934596113860607
bbfd89d469e8a50bcaaa55699eda64c608694b08e8a808fe22d258eaa5db11f9,0,0,0.9999996423721313,2.608333602438506e-07,7.88833176557091e-09,1.1400834409869276e-07
bc93273fad9e762ad649a3f655963af7ae1f6a3b08f2397c1397fda590906e98,2,2,2.5166420059008487e-08,2.9309438431823764e-08,0.9999997615814209,2.1626981094868825e-07
bc94765c34a48a9e2cd4d92a9043a1eadb541c8f0db00b40271721998e1eebd1,3,3,3.6963435832149116e-06,0.004377945326268673,5.458558121063106e-07,0.9956178665161133
bccd96e970ac0926b5766e3cd1f319785cc3487226389f97d0fe39ef94e9ec7d,3,3,1.0579521259046487e-08,1.3431727552415396e-07,1.0013872397962587e-08,0.9999998807907104
bce6df78475d3d4b6eceb23c8510daa1efdaa389c95b57cbd9b699a8d3b435af,2,2,2.645599517236974e-09,1.6143810732671682e-09,1.0,2.162590284626731e-08
bcea4521fa6e8e296ca50b7a845f87fa4d6003014b54d7ff3adbec3b2dd25223,0,0,0.9995520710945129,0.0002470203908160329,3.3180163882207125e-05,0.00016780197620391846
bd02b19e1f3ef0ef0a0869b9a01dfda3c8c2e8796decd1960c96c6a48ebaa221,0,0,0.9999918937683105,1.7236529004094336e-07,5.635485649690963e-06,2.369929234191659e-06
bd0535cdb71c769f700a14a822e8081febce14c3e3478b60219740e457fa9f61,3,3,0.012674981728196144,0.0024697191547602415,1.9098984921583906e-05,0.9848361611366272
bd0f0f10059c9a356e66398da60d52c3a3b8195779c2d7f0e5d6918b1eaf8149,2,2,1.304553620684601e-06,2.1856674720766023e-05,0.9997640252113342,0.00021287206618580967
bd431174ed8073d7021de1a6e9fbe647c8d8d7d6bddb8ce09aa88a0702e1d899,0,0,0.9999992847442627,1.7946990560346876e-09,1.0660497373748967e-08,6.714861342516087e-07
bd5bce0a7d21873b716c288a41f00618b759d67a419f3d960dde75cbb54d169c,3,3,2.5940499881471624e-07,0.0018550362437963486,6.497704418961803e-08,0.9981446266174316
bd9af072bad7d4f8500f4df9340d339ff33eeb73652e58c7f28438fde262528f,1,1,2.115288225468248e-06,0.9969281554222107,7.710725640208693e-07,0.0030689730774611235
bdb95a89a53fd1c5c3fe79f35389e8f2ab385cbb458acfccc28f1ff5e3d9a835,0,0,0.999958872795105,2.384208244166075e-07,1.8335076390485483e-07,4.069382339366712e-05
be2b00f9163e5998ef4c1235fd66f7380b3369ea613477424d172349c34e3c19,1,3,8.744348633626942e-06,0.4347324073314667,4.3545969674596563e-07,0.5652583837509155
be3652092c78ae381c85548bcd5fd2727c16c0856411c01cb18fa15b5b97bc68,2,2,4.670893893887751e-09,1.3652870833880115e-08,0.9999998807907104,7.955349445865068e-08
be669fae886fee17bb00ff6b3d46295d66cb391aab32f62ae3fdf58306b0b28e,1,1,7.139953140722355e-06,0.9755815267562866,3.717857180163264e-05,0.024374214932322502
be6bd400d8d074017d45363c1647058b975181221a32c4edbdda8534e50ef8e8,2,2,2.4197726489205706e-08,5.137450784786779e-07,0.9999991655349731,2.898139825902035e-07
be77e4d681a447bcd667a7c70b0f3d25b7e38c0aebbbd5da6d54d44991b5072f,2,2,5.962730864617072e-10,1.690550135435842e-07,0.9999997615814209,1.3790146624614863e-07
be7e2ea05ee54d9d680b51c0423d0f5262a7bbafb6679d02f0513fb1aecdbfc6,0,0,0.9999147653579712,1.292008960263047e-06,4.050774350616848e-06,7.988765719346702e-05
be85702d4f519ea21878a12537ef85a263e8b8cf4e2aabeb1a5e4ca527baba4f,3,3,1.2050108466610254e-08,2.688209860934876e-05,3.843903328970555e-08,0.9999730587005615
be8727bbebf7278eec642e6bf15bbf725f2983c6a1391eb4b92ed16655f2f9c4,2,2,5.531480828935287e-10,3.69898849328365e-08,1.0,1.0753712587074915e-08
be8ebcb4c7590d8002975e7a7dde857a367ce7e7d82166150308b6fdac369625,3,3,2.401361243187239e-08,0.00036948369233869016,1.870696593186949e-07,0.999630331993103
be90c5f9d4074629195ccb6c48f336045f7e79d2016f89656187efe539391c0d,2,2,2.524957576355291e-09,3.066934652906639e-07,0.9999994039535522,2.5782966872611723e-07
be946f83a5b353e8c325f02525182c00310be2500bf830ea887b1241fdc4b9bc,3,3,6.475818992157656e-09,0.0006067134672775865,3.985002883233335e-10,0.9993932247161865
be973bf4db57a5e83d0069bd101e12726d52877edc978dbbbfb99c3b17fba9ba,2,2,8.301392906417959e-10,1.558311257809919e-09,1.0,7.583663474974855e-09
be9fd2bf23b13cecb66229e51e211ef5cbf72fb8b5540a71f4cbd140021c8d35,3,3,7.1126877720928405e-09,0.006577509455382824,8.846026844366861e-07,0.9934216141700745
bea361c5ecea4ca0db697c854c5f79c9e1fd5d5c7fecc93af8e5cb6cc6dec1e7,1,1,1.1171024105749439e-08,0.9980408549308777,3.1834453295687126e-08,0.001959126675501466
bec5ce16e2d03b8bdbdc9a56c27fc7f8294165652d33239b7d63228142185746,1,1,2.9377891230808473e-09,0.9997848868370056,3.823291905291626e-09,0.0002150769141735509
bedf3fe050f13ea1aaf1ca254e8eccc2b2f46b0d7b2eba4f6eca12e176a8643e,1,1,5.406160994425591e-07,0.9915556311607361,4.257036323451757e-07,0.00844334252178669
bf1be59cca2f90ab0eaa81d05a142f02c187adef1a31f403451deefc7f02e5f4,0,0,0.9999492168426514,4.473565240914468e-06,4.561642072076211e-06,4.1712672100402415e-05
bf1d23c7f54d34cce139f298a8a8070a2c91e86d9376eea2e46c8ec03abf0e2a,0,0,0.9999960660934448,1.0775280543384724e-06,1.2652324130613124e-06,1.5707992133684456e-06
bf2420d2c3a9629d82ec29375a6f97f96ca71ef0a90a27a891165b1dd4354985,2,2,4.0795067324239653e-10,7.097492016328033e-08,0.9999982118606567,1.7077197753678774e-06
bf318df16589fd11094242a721b4c729566877f5489132b0fa7dadc65a9ffed6,0,0,0.9483357071876526,0.018660226836800575,3.4578009945107624e-05,0.03296947106719017
bf53b8a8d75c70bf99656f609304727accd821c9d1d57eef9b01d40e47dfb825,0,0,0.9996994733810425,1.6747073459555395e-05,7.047501276247203e-05,0.00021330517483875155
bf5c1b38ce466cbcfedbe1606c71a48a9106462aca15f81ad464bba1b63daa6d,0,0,0.9999872446060181,2.3751525191073597e-07,7.621086410836142e-07,1.1832211384898983e-05
bf65279b92c34fd6eb6dd6f2b1611b55c1ab4314a67059e5e0cf3c2a618ae79d,3,3,1.0107622756549972e-06,9.991352999350056e-05,1.3664042342043103e-07,0.9998989105224609
bfad7e971cbfb73880c5a25260b6160990fd17526d24f6a10d2e1b1393ebc120,0,0,0.999997615814209,1.078508375940146e-06,3.902977994130197e-07,8.995261850941461e-07
bfade0493c68f2662633666d2e9174c0347822d99cbab17e59f52e0194d9332f,0,0,0.9999996423721313,3.499886958024945e-08,3.66521355488203e-08,4.164322717770119e-07
bfb1c8001e6f4a696bab14db7fa95aa83b13bb032388b13304871eb24c1edf73,3,3,9.173949706564599e-07,0.1715960055589676,1.458475367144274e-06,0.8284016251564026
bfb6841bf57240826c880172db45da0770214da128baf3a75c0d5be93b6d06a5,2,2,1.210149203068056e-09,4.437480605190558e-09,1.0,2.242055874290827e-09
bfd646dcff0e59fa3e35cd8b169dbbb29f55468448170faf9c4f61dd6d8cd038,1,1,1.7035531527653802e-06,0.9996935129165649,1.6041585695347749e-06,0.00030324119143188
bfe59c7ffee3e97992df70508524beb0cac2723cae9b6f2e82028db838951cb0,3,3,7.230810439295965e-08,1.2907227642244834e-07,8.240191107233841e-08,0.9999997615814209
c003d1a52d489da589e9101f1ed1fa0b0820cca9e106182a7bda36233031b364,0,0,0.9999955892562866,2.2326528323901584e-06,1.1282568124215686e-07,2.059941152765532e-06
c019d8965a6261b08c12a373ab0ce54fb6cf14e68046a8411ffdebdd2cc2e368,1,1,3.044297258725237e-08,0.9991312623023987,3.592440833699584e-08,0.000868744682520628
c02e32cdc5f34e5d69df3a33056bed57266ba1e690041052abc826d8f9d12721,3,3,9.778692344752926e-08,0.00045477141975425184,1.464829438191373e-06,0.9995436072349548
c02f6d9ca2907774596d52f36c038e3a2e8e3e47a13c7e7c4f865ce44b36bf68,2,2,1.0656901139327601e-07,1.178213437924569e-06,0.99998939037323,9.255945769837126e-06
c0420699cb1efca68d19b1301f53e29089353e3bf46409c0a44e9eed12391494,3,3,0.00017632884555496275,0.07847366482019424,0.0002966152969747782,0.921053409576416
c0577d5c7261d0b91fd48538e97b3a135dd2e901c99234341b9be8b09d7a625d,1,1,1.0939376693386293e-07,0.9993982315063477,1.4165985930958414e-06,0.0006001669680699706
c05bacb35a34f78b04062a1e81f371d0cd7a92c66e6cba2f73ec0a88201116fc,0,0,0.9999992847442627,3.5644640572485287e-09,1.848804487281086e-08,6.653932018707565e-07
c063d1bbd5e2b33b93e8264fb419b9bdaced341f35d0ea97e7294dc2b683430a,2,2,3.5852629309829354e-08,3.1119927257350355e-07,0.9999995231628418,1.606737640713618e-07
c06731e0aeed35a27f3ea152cbcad9f83eff51a66759e2c9ab22a1b7dde4f304,1,1,3.8142029978871506e-08,0.9999830722808838,2.1404096273158757e-09,1.697661355137825e-05
c07004db3095d53cf2954aaa1fba696c981e6b5eee175296d50275652fed3f4f,2,2,1.6565643818466924e-05,2.4980836315080523e-05,0.9998121857643127,0.0001462068612454459
c0a78da2da6d86b1aa353150a82b82121eae46cdca133ca7302e1a8f680f013e,2,2,1.893830336996416e-08,1.0169454071728978e-05,0.9999450445175171,4.477642505662516e-05
c0b17498e352224131a5e279bbde83f91b53a804dbda59274b2bd7a9472938ea,2,2,2.681526556358449e-09,9.760820596227404e-09,0.9999997615814209,2.699559900065651e-07
c0c6e20c0c961f3695a758dcfde1b22c04e1d15cce6f9142fd3af5597540f80f,2,2,1.39087524075876e-06,3.370814010850154e-05,0.9997552037239075,0.00020968170429114252
c0cc58aeb9af270e4d51f39282c0f15d17d5dda67114ceee200e47ceab9b8c95,0,0,0.9989550113677979,0.0005733389407396317,3.600020590965869e-06,0.0004680110141634941
c0e31c3044e24803359a5499288b7af95f6d1a6691f255a8c3503b865ccded4b,2,2,1.0554237661608568e-07,1.1885679640499802e-07,0.9999984502792358,1.3589809668701491e-06
c0e798e97c8be8c21d2bd3150b567bf1e4f28d25122a50c81c803546c4bc32c2,3,3,0.01964501664042473,0.001421069959178567,0.001006192876957357,0.9779276847839355
c1033c6d337ac90ebc8563b98f170f18a3c5aac779924f4efbd3d14dce4df812,0,0,0.9052371382713318,0.011273639276623726,0.00018769346934277564,0.08330157399177551
c107df5a7167e481cc964f1005c56bd7d285080ca9eb01362d90a9c063c9374d,2,2,5.320009432985273e-10,6.6097332052095226e-09,1.0,3.1858564675246726e-09
c1138b1e859f12a0cb57207083e3bd0048bd9780de5ed39c342b31d1ab26c344,1,1,2.927855469181395e-08,0.9992700219154358,2.3344547628312284e-08,0.0007299497374333441
c11ccbd618cf456a53b1edf09289ab9e08fbf36e401ecc612008af15cdda028c,0,0,0.999984860420227,2.920861845723266e-07,6.111108064033033e-08,1.4830200598225929e-05
c127bb051cdde1ba10ee571253c93f2039e89b78296e3db4495ee2198fb333f2,2,2,1.0973615616194365e-07,2.2774514718548744e-07,0.9999996423721313,2.9324477068826127e-08
c12baf559f71ad5f20b62abf954965a9952a6c1bec283af0e285a2e637bed2c5,2,2,1.7939447670423103e-12,8.329453571320755e-09,1.0,1.0000521244446503e-10
c132a1c0f5dd3204d97837369287ab6feb10e17537d9c8ffadf8eda13d989162,2,2,1.1026978086192685e-07,1.6270332707790658e-06,0.9999926090240479,5.591527497017523e-06
c162e2e61efb8b0a74ab2f3872be8a5d93eec55fb40c39c768b024a5d60e0fa0,0,0,0.978992760181427,0.018644219264388084,6.273953476920724e-05,0.002300275256857276
c1b02be119178bb9838fda3065d1bbea07ed11c3a3ce9b8379911a11d6df1223,2,2,3.4962980066666205e-08,6.813102260139203e-08,0.9999997615814209,1.6823685200506588e-07
c1ce419099a2483419f1b858cab212fe0bc1b037075a0c434f52e0c354b4566a,2,2,8.775843940433958e-10,2.6059464630634466e-07,0.9999995231628418,2.60444835475937e-07
c1e4ed369415d54d77632271a5d7c741200ccb9357d4e9fceee7db3cb028f8dd,3,3,7.567291682164523e-09,0.00016796075215097517,8.121291195095637e-09,0.999832034111023
c20fb535a3ab1bf7e9f8fc605e97aa48683ee5920339dbe9514f1f276e4a0c6f,0,0,0.9999531507492065,3.2069291933112254e-07,1.4991442753853335e-08,4.647366949939169e-05
c2386b35533897f68d3753db7b79e83d0ac89f6f9116d3c248b1b18116635a56,2,2,5.645210521265653e-09,1.9622290459153646e-09,1.0,3.438628937146859e-08
c2433d9a2616a4ebd3a214443986d0783c1f923e2f45a1fc24ceafd5ad4390f1,3,3,1.336628656645189e-07,0.00118013727478683,1.4552763438757665e-08,0.9988196492195129
c247974758664442545a0d3e347aae2e70917a5389e32510111752a030e3852f,0,0,0.9999139308929443,5.758212410000851e-06,7.715600804658607e-05,3.2220314096775837e-06
c28b645d32e4542d3994085a99821330ef6a6a24fffb99e2421e5220af285a3f,0,0,0.9999872446060181,1.4051499874767615e-07,4.671810529544018e-07,1.210375103255501e-05
c2ab4bc1e2363122b97a578b125224f41bdfdf17ba7a0e60a21e3dd2bc7231f0,0,0,0.9999978542327881,1.3351382222026587e-09,2.5483259946668113e-10,2.199769369326532e-06
c2acea8d2e0948cbea70fd7393724e2634ba511bf0d76f1f0a69a2125d072ce5,2,2,1.2181411435108203e-08,4.3431118257331036e-08,0.9999996423721313,3.6817019122281636e-07
c2dca189b2b49c20c92dbf38bcbae8bb4527f1e67d233e5880eb729ae2735946,0,0,0.999963641166687,8.522366812258042e-08,8.148634833560209e-08,3.6159955925541e-05
c2ee56d1f0d9b29efd8101c9a214438673931f11de335ee95adcd0cf55c356f9,2,2,1.2931156589957027e-08,2.2532785237672215e-07,0.9999995231628418,2.542563777296891e-07
c30392339e726508f6f5c3f0274e93fc716b9fc349e44005fa417dfdd2dad862,2,2,8.299556042423717e-10,5.001887615208034e-08,1.0,6.459612400533388e-09
c311807af2b775dcedce116202960d291f846eb24a648912f5e787fe4591617d,2,2,1.4430288075573117e-09,7.403068713607297e-10,1.0,1.0385542426050165e-09
c31b629b56174909ffe8278b487a2b6d54a69c853eb21c0d24e736c6c2562ed2,3,3,7.426872912219551e-07,0.08818815648555756,1.1641545825114008e-06,0.9118099808692932
c327bd7036b80135a7560bf57e7c32873157f62fdb70ad36b5f52ce62d90a405,0,0,1.0,1.1527628851482064e-09,1.62964780558994e-10,1.5213713622230784e-09
c332b9b42db329af3b9f262d387f5b6f3dadbf3dcd0e3715dfb19d2394046642,1,1,1.6975860489765182e-05,0.8020761609077454,6.722095349687152e-06,0.1979001760482788
c34f67775176bf71e8fdabfa8a8bb0254734eb543de3fc908e689bdacfa66b0b,0,0,0.9999402761459351,5.883998528588563e-05,1.6164752869585186e-09,8.863736411512946e-07
c3529c4de2081bb2bff48f5b7b92e89f11c5bfb1fcda38bc509f02c9a553f1d3,1,1,0.00028500863118097186,0.9814024567604065,5.4962187277851626e-05,0.018257612362504005
c35b685f550da8954bef608c4bfe341ce235805210be950a6bf7b0a789e0e513,2,2,1.4983947949076537e-06,3.5568671137298224e-06,0.9998154044151306,0.000179601032868959
c369af11c55c29047c4e6124d83d59febf9fb9e8e78ee4b81252070564652da2,1,1,6.446178701935423e-08,0.9863877296447754,2.993554517161101e-06,0.013609261251986027
c37666bb376c485182dcfbb25d8b81e9ed2e19bbc6cb419fa2bc4ff567c0e70e,2,2,4.999428648844173e-11,7.079312691615769e-10,1.0,5.61231550122443e-09
c382d750edc890f48cc2b8eac7d8acd85f1d8c121370b4b1882c06f242b207c9,1,1,1.559640452342137e-07,0.9883316159248352,2.9605032523249974e-06,0.011665337719023228
c393f833ce99b3ed0e103a8433448c848953ec88d7f9e0045f69b16bb70ab827,2,2,9.068408246548643e-09,1.3919739672019205e-07,0.9999997615814209,1.342378652680054e-07
c3cdd465d19285b9d6d53e3f9c3c80bddec9606af5177ffe55e682db7a0c8549,0,0,0.9998763799667358,1.9555644030333497e-05,6.998508069955278e-06,9.706654236651957e-05
c3e0da22f2b986af18105694f899ed50e7ce49ed51b5a80c4fa0d9f164cbaf94,0,0,0.999996542930603,1.984363279916579e-06,6.198930009304604e-07,8.201048444789194e-07
c3e6866cbb9783af7419f764b46c59e00ee5578385967bc07015afc8204cec55,1,1,1.4142455256660469e-05,0.9959219694137573,8.571098533138866e-07,0.004063095897436142
c403125826f6ddc4c31ab92b373f5bf6ccd3d4924bc9cc4d702312619969d9d1,3,3,0.005045504309237003,0.006428915075957775,0.00018545714556239545,0.9883401393890381
c40520bd6b0f77e80dedaed499918e87fbb1829bc6f04e94bd779336f15a88ce,3,3,2.5560520953149535e-05,2.8007196306134574e-05,4.6140445419950993e-07,0.9999459981918335
c413e35d10bf19ef723de06755f41fee743f85ab5995090c408506a8b0117667,3,3,0.001720534753985703,0.00014548772014677525,1.1143612027808558e-05,0.9981228709220886
c4314da10187f93e7df8a3f60aed80936e5ce9bf7a5da8a12611c1f5b28da1ff,2,2,1.9459809763588964e-08,3.5573310697145644e-07,0.9999988079071045,8.643939963803859e-07
c4374413ad5256a9a717b212e5df9d1de8cf67d69ef21127ad9a48a7bb15e59d,0,0,0.9999809265136719,5.4834026741446e-06,1.5234381862683222e-06,1.2002796211163513e-05
c450d307e9c9e5a6b5e862bd06d1cba45d93bed65bde210e7f228de411617c75,1,1,8.283340093839797e-07,0.9985958933830261,4.099483339814469e-05,0.0013623035047203302
c4882fa2da8d06545d2c8d35b198de9101e88c857f66b1281fab7d48917b759b,1,1,0.00016483277431689203,0.9747344851493835,6.71687212161487e-06,0.025093842297792435
c48ef1d676f713133c25112f874d87e09ef909f8c65939a0d4a5ff4446215c12,1,1,5.249430614640005e-07,0.9981555342674255,2.2813710529590026e-06,0.0018416757229715586
c49e6da2134ee812cd7a5736699731597601c5e10f9b4677bc8f7e274c296711,3,3,2.7573710426054276e-08,6.337939703371376e-05,2.198914939022245e-10,0.999936580657959
c4e6f3b3822d96fbd0a0618e6616feccda8422c4e7c57b4d73d3f878ee55afad,3,3,0.0005020408425480127,0.003190248506143689,1.3618885532196146e-05,0.9962940812110901
c4e82342ef80571c7b46acede36d436b73b570e80c33da9cd6d2a0e7c97843c8,3,3,1.9180370145477355e-06,3.686865602503531e-05,1.9234563296777196e-05,0.9999419450759888
c53942b706f9f62e0d2b27976404295c0a3175f1d4be600e5e51b5c43a1a107b,0,0,0.9998874664306641,2.849677230187808e-06,1.8552676920080557e-05,9.10855014808476e-05
c547e4cd801f64783a4eb00fd3f96a71a5d121b3adc5b6c1b807cc50e1f080f6,0,0,0.9979568719863892,0.00013076711911708117,6.839704269623326e-07,0.0019117064075544477
c57bbd7deda94a19f9cda0a007d2012045611e281704a610f15d81d7d5046f6e,3,3,2.1706933694076724e-05,0.0027251443825662136,8.322805115312804e-06,0.9972448348999023
c58b814b82c40a90be76d002db705b8d5bc68c134c76f0c7aaea3b7806332129,3,3,7.198195089586079e-05,0.001158695900812745,1.330771829088917e-05,0.9987560510635376
c5c1210ecb612f93664605c9ec00f09c7125d943bb9264cd2c778e93f8e8080f,2,2,5.532469913305249e-07,2.0465447505557677e-06,0.9999960660934448,1.270827851840295e-06
c5c8d22dfae6e92186fc7c18f26155d2374119e4be049d2f9cadbf5450d9657a,3,3,3.201678850928147e-07,0.0030506732873618603,1.3571766999120882e-07,0.9969488978385925
c5ca6426aa52e187440716fd1e0415d52779dec4e0369b6b00ed44b0a0f70219,0,0,0.999879002571106,3.6775702028535306e-05,7.608484156662598e-05,8.059358151513152e-06
c5d3721b6cba72345c6ee39e2a2c021fdde991bb38c87ffb13be1b74900e3428,1,1,1.3618491720990278e-06,0.9992412328720093,7.782679034562534e-08,0.000757320667617023
c5e6525392863a5453ca289599cfaa24b5c576ea6a2ef1588c88ae06eda2946a,0,0,0.9981963038444519,0.00014104315778240561,0.0004935972974635661,0.0011691596591845155
c5fedc5c4af05b52c5e1d28eb87ad9c430907deadb1740a900c7a38d0de3c364,2,2,1.2533737958619895e-07,4.0862289552023867e-07,0.9999990463256836,5.241091116658936e-07
c60767fac59c3b76ea7b20ee5e04f5a9dff63ab1f382359a09b051a027b05365,0,0,1.0,2.1004496753018742e-11,3.865849697651247e-13,5.889848053719504e-10
c611011b04433e4b74e98d6e2ac69bbad1c9da0aa1eccb2b684b794aeeda73e3,0,0,1.0,9.37908417597555e-10,7.376880217790927e-10,1.0971248798341549e-08
c61fbd34f8e8c3cc6ce5f3d425e4b9dabefd55610fceed2f99516253301c5c4c,1,1,5.110051826129336e-10,0.9994627833366394,1.9349180035987956e-08,0.0005372602608986199
c62c0e466322703f2dca8e2edb9b91261e6ff95a6377cb20bb3d43c621c199ba,2,2,7.417655378816335e-10,7.843935501128385e-10,1.0,2.88374235601907e-09
c63114048bbcd505e4f8ec802debee96e126a8d8d24e035636783eee1b7ff335,0,0,0.9987698197364807,5.048863386036828e-05,3.079819362028502e-05,0.0011488053714856505
c6342b138b1bc67a654ff36dacb37e122bbf85fe8f9d7b31d92d4c3f0da9d749,3,3,4.169359968386743e-08,0.0008275461732409894,1.1979818737017922e-07,0.9991723299026489
c6408276276ea7b3d76e6692bb4a9d430bd9a75c35f1b98db84a64d458baf7f8,2,2,9.813016177417921e-09,1.424601991928398e-09,1.0,8.178590249485751e-09
c6415946e957c9c6909d5ba4660362eda683ceaf76ade51c5ef95e8c9a7bef21,2,2,1.5581599654979073e-07,1.0071521501231473e-06,0.9999963045120239,2.4490341274940874e-06
c6a50ffa412d93b81809301fe78756dc2641bc3b859e4f899d8120fe70a8308f,0,0,0.9415337443351746,0.005828018765896559,0.0007387050427496433,0.051899515092372894
c6acc7eb47f198961ddfdc2f3ed5148e2bfa90ff9ef43a39da7debc3280e7d2c,3,3,1.1588005222051834e-08,0.0026267387438565493,7.9831784205453e-07,0.9973723888397217
c6e149f2e5ed0defeb2f13af3a426ceb9dc08ff0971ee4d4cf4cf8a8fec7eb6a,0,0,0.9999759197235107,4.0330010051548015e-06,1.2512023204180878e-05,7.509666374971857e-06
c6f7ecc8a230c7a0acd97f0fc36b452a5ecdb4b1a68e370de291cbb12e3963a0,2,2,4.326492497597201e-09,8.48602965675127e-09,1.0,6.932399987391591e-09
c7052f038debc5d8d51070fe553020c2658e46449a046c04f0f3eddd1041cafd,2,2,7.042617511388016e-08,9.285994906349515e-08,0.9999996423721313,1.842411450070358e-07
c724168c59e6db6f36b997c4d67749eaf1c37e4c6a20bca451748e7ba17a821c,2,2,1.834875540396297e-08,3.4957921002387593e-07,0.999997615814209,2.0859592950728256e-06
c724edea8266db18dd6caebe630e5e0300c63a9aa35d94b0c47064eeabb619e6,0,0,0.999170184135437,4.284758233552566e-06,4.799857151738252e-07,0.0008250235696323216
c72da0a61146485cc242ab28535dac1ac47783a9e66ff2504b71379ac8cdf81c,1,1,1.5380180684587685e-07,0.996692419052124,9.020956781569112e-08,0.003307375591248274
c7638033e254aa5ccbb2859113c1032610a83fb10539ed8dc7b161aa8fc27bbb,0,0,0.9999492168426514,2.5320975964859826e-06,3.2766607205303444e-07,4.79238478874322e-05
c7712ab79fc8b3f510fc90e410a01e5b6b57df78240f5c6fc120e309ba477c77,0,0,0.9996576309204102,0.00019381896709091961,2.15945256059058e-05,0.00012698127829935402
c776daf10155d452908ee5d821db38fb8d330ff5da05658f9bf22b0c20a430ef,2,2,4.9429630166741845e-08,3.5257746731076622e-06,0.9999828338623047,1.3645434592035599e-05
c788e07f99aebc2e12fcf21100b8fec6e958ee5076d4f26e8bf4ad6a0fdad2fc,2,2,6.850008893444226e-10,4.190396474257341e-09,0.9999996423721313,4.015861918560404e-07
c7934861312d46840c77a21e3f3706b93daa2a37947f419067adc4ccc88400bf,0,0,0.9999812841415405,4.950541310222434e-08,2.283143203385407e-06,1.645328120503109e-05
c7a2ebadc5f5ddda1e814399666b0a1a5f3b1dbff72fc603432b48b44f28609f,0,0,0.9999421834945679,7.982156091657089e-08,1.2333841503675558e-08,5.7734061556402594e-05
c7a51c90e69969e7d9166bb35c795c039dfa770ba14a9cb57b721c30edcb3549,0,0,0.9999998807907104,7.698711002035452e-09,5.0375607685282375e-08,1.333599897179738e-07
c7b5779213feba65039836a00c92c29de8422f0e79eda347f871a7b378c77e58,0,0,0.9999834299087524,1.4863813930787728e-06,1.470461370445264e-07,1.506245735072298e-05
c7c7be808ec11573674f3ac8aa2d79565109cc5cf69fed3a5e6e42d99468be93,3,3,0.4306979179382324,0.0020519637037068605,0.00022718020773027092,0.567022979259491
c7cf2a682ff2e3067ea77094fac371109c51643886521ad4f656115ca80c223c,2,2,2.8566563514687004e-07,2.2272745354712242e-06,0.999962329864502,3.5188684705644846e-05
c7d2e915f6338dccf2103664cd97c2dd0193431ecb060b6fe67768b16a8af02e,0,0,0.9999836683273315,3.3035270519121696e-08,1.4385787672210881e-08,1.6330868675140664e-05
c7f1f41cd02f086dabfc143f600eedd0247d359f83ca7a5ff7a4865bc0c8602a,1,1,0.0007676100358366966,0.9625692367553711,0.000621050305198878,0.03604203835129738
c83713992d548ac734c7405311dfd71afc6f9f9ac2e9781ba09ccd28178c28e5,3,3,0.006702682003378868,0.06042547896504402,0.26850202679634094,0.6643697619438171
c848c1d8b34368f03aa0dffc552e1d0063bad63a6282f42929449b0dbd483095,2,2,2.9349257602007128e-05,7.194667705334723e-05,0.9997757077217102,0.00012293814506847411
c86f46e7a4c944c17eac035bd443e0aec094df45c21694f3811ca39b32ab9744,2,2,3.754846886749874e-07,6.355413688652334e-07,0.9999948740005493,4.195393103145761e-06
c87d2df293f5321af757e863d4f613cad0bee093f94be5af93beb076d0a1b246,0,0,0.9999990463256836,1.451688103060178e-08,1.0181316900670367e-09,9.802989779927884e-07
c898269f20fdb2f86d1dd74be9d9aa76e705121ece242c6692887cc935426444,3,3,3.908198323188117e-06,4.995133349439129e-05,4.912330453521463e-08,0.999946117401123
c8a8b4ddd37141f85867af4095d032e5273b0f697b55289585a996462a8b4db8,3,3,4.856098712480161e-06,0.0019246647134423256,7.193112310233118e-07,0.9980698227882385
c8bf20a73b5adcb365f57e3ca233f236455bcec7151f0996d66e772ca2f5e313,0,0,0.999818742275238,6.338588718790561e-05,3.2001989893615246e-05,8.583677845308557e-05
c8f6a54ca49ba6028181e51d0002346b1b2604413d170882b2d715dad082a816,3,3,5.836618583998643e-05,0.001257290132343769,1.2232781955390237e-05,0.9986721277236938
c8fd9924da815b723c0f63ed3f29e612df1e413218cf58a8cb7ed17a2389168b,1,1,5.6920988811270945e-08,0.9748851656913757,2.503754501503863e-07,0.02511461451649666
c92a1bf43db835f2702000adffdc4a98ef8e1ae4b1cbc5bef1969e55c34de7a6,2,2,4.258053465377998e-08,1.6209593013627455e-05,0.9999407529830933,4.308614006731659e-05
c96937b4580691f50ab122bd9cebef0105d1af58af04d781bb625ec17225359e,3,3,2.675668042684265e-07,0.017304031178355217,7.187455519641617e-09,0.9826956987380981
c96b9f82318326981983508f06f1b0efe9b268d941dfe0765746c20735f46a64,1,1,1.2321232034651075e-08,0.9905188679695129,5.3978023828449295e-08,0.00948115810751915
c98ce34362c6ac1fdb202561efe22ad4f31a380974fde885077404109b6ba0b2,2,2,9.241936282933239e-08,1.0729513633123133e-06,0.9999967813491821,2.0016866528749233e-06
c9a0e76626479da040d82fc86c9a5bda47310ea5985a56fba6d9c85c24b4fe1d,0,0,0.9996343851089478,3.0233907182264375e-06,1.6667785018853465e-07,0.00036252569407224655
c9a3c786fd2dd3ae2b86a610c06c7f12c2a37cc833ca5442ed566606323edb95,0,0,0.9967368245124817,0.0007822144543752074,0.0005325564998202026,0.0019483702490106225
c9ae4c3fb2d551a3ec8a742b37e0ff727ffa02d67bc7bb5c2fcd3a505ac48296,3,3,1.1437201692388044e-06,0.018469974398612976,5.9097072124814076e-08,0.9815288782119751
c9cc885c6f00b1b9553d14091accc258b6d1d8ae4a91db228933967f1101b854,3,3,3.780225910077206e-09,5.706169758923352e-05,9.029099601320922e-08,0.9999428987503052
c9cf76f3fa80534d4ba76781314ced04c10041cf121f100e98a2254868504548,1,1,3.33559199816591e-07,0.9987714886665344,9.980067261494696e-07,0.001227202476002276
ca23af2dd4c515972919449220e95d3898b2956825cfc13d7ecc0bd02bb52333,3,3,2.264754584757611e-05,0.011358341202139854,1.0756009032775182e-05,0.9886082410812378
ca2529b672852b3f3b3549db1419ee7b8eef22adf887a794fba8b5400c9b4617,2,2,5.027837914894917e-07,2.855557745817805e-08,0.9999986886978149,8.672119520269916e-07
ca44f1abc4571726f95183db759c4f1b9b0212f6ee2fcacc578df8dd8e61382b,3,3,2.5051897978300985e-07,0.011960241943597794,1.9170568066328997e-07,0.9880393147468567
ca580555c4a76a5b6ac36a72eadcadaf21fc09a3059fef0a512fc03fa59c0761,0,0,0.9999991655349731,2.6073347925148482e-09,1.4628536604277542e-08,8.644437343718891e-07
ca6e6d8c78034b09c75dcc0b399bdc447ca80be0a33a2f7951fcc5d7eeb86542,0,0,0.9977477192878723,0.0001227365282829851,6.25199376713681e-08,0.0021294185426086187
ca7bd00e15e96ee727ca545a13e95fcfd7264d0d9b574b15905f791532847fcc,3,3,1.5537818853772478e-07,6.282332833507098e-06,4.283560031126399e-07,0.999993085861206
ca7f6d8068d9c423127b8c09f9898823e690c5b77d2ff5bcfa04461771c9433a,3,3,1.4397190170711838e-05,0.00019611301831901073,4.882174471276812e-05,0.9997406601905823
ca83339407074eebb43031352b8b733fb0186db75c0b64e94a320b3b6264fe4b,2,2,5.35246680311019e-10,1.6254779211521964e-07,0.9999998807907104,2.5808720494069348e-08
caaa06593ea85ea89e04f14b71b31392b6d8edd61ef44df5a9321a4a445f3010,2,2,6.714689334330615e-06,3.333387894599582e-07,0.9999922513961792,6.579790010619035e-07
cadd20e46b57cf1d4d3a8456eac289cd453e88bd86b8679b25b96530f67fe34a,1,1,7.290957910299767e-06,0.9970288872718811,5.420900492936198e-07,0.0029632928781211376
cae903a3f0017c3d3c87a09a5f19fdbd8f7a710e0ab9f749bb452dcea2543e6b,3,3,7.792350515956059e-05,0.0013962337980046868,4.614195745489269e-07,0.9985254406929016
caf89b7c9086173610ed83d26fb224eca6ab3001568bcf28136e7d93378a3a3f,0,0,0.9999997615814209,2.4107816187779463e-08,2.856680170193471e-10,2.5731881692081515e-07
cb16c391b27f19786eab185225818fe7970da4f20a2d6ca84f6b5f8a4c15ea91,0,0,0.9999998807907104,1.3481436411666436e-08,1.012296357849607e-09,6.949348119178467e-08
cb30ae136e535d022a177f6bccd58b4b2cb9af094c9c8ae7a4f52c14bb55230b,1,1,6.865903401376272e-07,0.98103928565979,1.5412825860039447e-07,0.018959879875183105
cb36da59d8fbe98f1e99674285c788c943de665d9ab5be96baaa9dfe38b91a27,3,3,8.756583014246644e-08,0.00015158420137595385,4.7318502538473695e-07,0.9998478889465332
cb38679bb0ccf45f97af827ab08d5e2a1eac358ae9026df87843413a0c3e9884,2,2,6.7023822047929116e-09,7.969169502075601e-08,0.9999998807907104,3.2625528945118276e-08
cb3b1323a194cce2da8919fa553bc752604db16184f845f5823c925b17f418b9,1,1,2.9133090606592305e-07,0.9998160004615784,3.968371231621859e-08,0.00018380432447884232
cb41a43e9bd10982edbee495d50fdc445a7eb53113025a8dc1658686b573e345,0,0,1.0,4.648665350229231e-13,7.143009057505867e-13,2.1773234326616375e-09
cb47842ff1a67555053e48ff118c780a71dc3b700f85188eb983935cc021973e,2,2,5.455602192228071e-09,3.539705772936941e-08,1.0,2.6579522582892423e-08
cb59ac0e09814ab5501542fe40aac9c67fd51a37bd1e116b2455fc596fcf9f55,3,3,2.1744675393620128e-08,0.01437135599553585,1.1775408204073301e-08,0.985628604888916
cb6b7b3eebe2e417f438e1184d7fa8bafe86a419cabde4d1b21fb3fa4ca74d3e,3,3,0.00016636129294056445,0.002265781629830599,0.00022930199338588864,0.997338593006134
cb76f35ab56f84e7f460f03af125e720648f4231ea3db427e6e0ff942855c48d,3,3,3.930247446937152e-11,5.411577149061486e-06,9.077472107321682e-11,0.9999946355819702
cb9fed5c07654bdc1fad4d334af53c737c245fb4c9309044b7de81c4643afdee,0,2,0.10870814323425293,0.037655144929885864,0.7482362985610962,0.10540048032999039
cba44e30c1d52ec77eeff70c1f371f09197e4c11aeb85f2007e4671b19fa3feb,0,0,0.9999693632125854,2.699669494177215e-06,2.1366513465181924e-06,2.5717386961332522e-05
cbc797ed2b91f533a58dc4a39f3bc3e9925826ec759aa873db0ebe3b514dcc7d,1,1,0.002546377247199416,0.8161589503288269,0.0009851644281297922,0.18030951917171478
cbf8e5d8962d27b04cc69d2d6516127b8ccdcdb5caa01fb63dfabda375711679,0,0,0.9118974208831787,0.013406241312623024,0.0001295992115046829,0.07456675171852112
cc08be564a4f93c634cfc659ca79c8e9c7588a91e11ec45cd7eb076d6b0b6d6d,3,3,2.8806739464926068e-06,7.504012501158286e-06,1.823822094593197e-05,0.9999713897705078
cc22ec7f675f75f6c3f9b1655cb86764fb860a0e8bcdca691db42ce8b7ff3999,2,2,8.007943392840389e-07,1.9038544678551261e-06,0.9999607801437378,3.6467932659434155e-05
cc2c700cb29bbbb403d332204e53b0ae1e3738447a87c0243efc4117fcd5a1e8,2,2,8.507061011187034e-08,8.626335556982667e-07,0.9999971389770508,1.9113974758511176e-06
cc388ba41136f6770be0a2a47a78e400dc761500559c0803d46f1ca63c620270,3,3,2.43677106936957e-07,0.13194434344768524,3.165137968608178e-06,0.8680522441864014
cc40b7f6409cd43f18fa75cb24fb7e52b8c9f846c3f18102b8b1ed1d75478cf2,2,2,1.1683322365119153e-10,3.731766839987216e-10,1.0,1.1811357447655269e-09
cc417f851cc322613edded9829beb18d6c9ff4bf0cdb84028069a49ca8ff499f,0,0,0.9999994039535522,1.704632808241513e-07,3.9612586988369003e-07,1.2872239096850535e-07
cc99745da53eea76201437f79d42f33eb1bb0b45b579bf440026b68da1a4797c,2,2,1.4497676374958246e-06,3.977120650233701e-05,0.9999454021453857,1.3376439710555132e-05
ccaad9ca7a2b6a7394efb4b71eb7825bb293a185c97c94d37e279f07f40b2669,2,2,7.25550008962017e-10,1.2940527760463283e-08,0.9999991655349731,8.135378948281868e-07
ccbbe5f94578b6c1c31e290c0f904f6a0e93520625b2c52a246b642d39d49639,0,0,0.9977443218231201,0.00025317026302218437,4.756968792207772e-07,0.002001960761845112
cce87a1cd32ea758c6636a59ef4a289640d13d91eeaffd87e3d6e1fcdade77ba,0,0,0.9999998807907104,3.013586324929207e-10,2.2337109939485345e-09,6.714758882253591e-08
ccecd140eae8d96f0a6095aef511a07c137dfd3253a408a4ada4e4ff4fb8a264,0,0,0.5380473732948303,0.005274237133562565,0.4565337598323822,0.00014468184963334352
ccfbe19f1549ec3a0bf3e382258cf6b1d90174f4592748c228cba30703a48f11,1,1,3.3733653026502e-07,0.9956328272819519,3.3689769907141454e-07,0.004366391804069281
ccfe1f99a6cdc8333ce8a5d8da295a5e78a4a0dfb3b0f7b4fe1a28e3ce2042f6,0,0,0.9999995231628418,2.3133931392749219e-07,5.230871291672656e-09,2.0834670522162924e-07
cd2b8adebbc5f941da5668f87dd31c81781ea5d203204596aa5f052f23c29e89,1,1,0.0007661223062314093,0.9302148818969727,1.3258328408483067e-06,0.069017693400383
cd67f2b79c3393ddce21a856d5765f1a6e5231563c9fc4387873f3df616d49ac,0,0,0.9928134083747864,0.005769755691289902,2.8528152142826e-06,0.0014139502309262753
cdaa1b4a7adc90108d55f29ea3f7bec2bfdc4d05b54eebc9ab30b234da614aca,3,3,0.00022431978140957654,0.0016285935416817665,9.900657460093498e-05,0.9980480670928955
cdc37c2ddeb38dbc64a78148f64223230a486404ce9ee94527751f0fab41e6d6,3,3,0.011025487445294857,0.07254394143819809,2.0251325622666627e-05,0.9164103865623474
cdc8f42e9c1e5844891d2fc4c66e3a9ee402675aafb5b1ef7c36bb49784f2543,2,2,3.815342353163942e-08,6.020491838398812e-08,0.9999994039535522,4.239620920998277e-07
ce06270bae15dfafc32f6670fd9519dbb0c5a88da8ebcb6c16fba0aafd590245,0,0,0.9999957084655762,3.8778193811594974e-07,2.244912593596382e-06,1.6711403532099212e-06
ce2efe2233a9ba2afea4bc93473e978ca4afa0ba0500d327adeb510a67c5671f,0,0,0.9988085031509399,0.0011193107347935438,5.493860044225585e-06,6.66698906570673e-05
ce3e9f4c1878d08ad0e79883df4c8e6a7ee2b65c03aad9a9454e6883db2dd219,1,1,6.905792382383424e-09,0.988447368144989,1.0691902474491144e-08,0.0115525983273983
ce501243f53dfe91e5f1f451e848852284060b33e5db12066a2f94e7000f96c0,0,0,0.9999996423721313,9.345086482426268e-09,1.1733705118643911e-09,3.6724932783727127e-07
ce7b113adc55d098f3fdfc611357611975866b58dbf65d0c820d9520270b6950,0,0,0.9999998807907104,3.2415687911679925e-08,2.6212136905456873e-09,6.057954493599027e-08
ce86ed1a251c08992f60749bffc99664d6bdec61def606d69a125cad5e06eba4,1,3,1.2953502448453946e-07,0.3694319725036621,6.254783357917404e-08,0.6305678486824036
ce8b911a326c3b239522465687c2bc70c8569232d64fb51c24ff063818d3f77f,2,2,3.0198987133189803e-07,1.1754121231888348e-07,0.9999994039535522,1.6743969410981663e-07
ce9336b54975941b5a10669b5f87593eb6be2b53b92aa1b6e380c1c0b1503635,0,0,0.999954104423523,8.545729315301287e-07,6.222218473794783e-08,4.4961812818655744e-05
cea4a82b9b20b738b72288e07ee2e306a09a03004e10fde6384b7a3f2fc5895b,0,0,0.9993195533752441,6.52410089969635e-05,0.00023136675008572638,0.00038382556522265077
ced7179a483a1199d2906ad093d7c7c7697672560d4165436400e7504f6db56f,2,2,2.069531745974018e-07,2.069552351713355e-08,0.9999995231628418,2.786575521440682e-07
cee8db4b39f968fbc25956de1d1b950aa4ce0f4df8c2747d8ede8d988bf5c693,1,1,1.178463882034464e-09,0.9993034601211548,1.02140951252494e-09,0.0006965266074985266
cef806339af795598b9012d4f6ec3743b937e94d53ee3dcfc65966e1b32d6a26,2,2,1.2921066172566498e-07,2.006876655968881e-07,0.9999994039535522,2.404829899660399e-07
cf086c657a6ddefc691dda9717559b13237ff1cb7c4316cbdcba36e6a6a7c15b,2,2,7.614321657456458e-05,0.00026266893837600946,0.9995960593223572,6.519772432511672e-05
cf176031fe39c2397fdd2f12c88c07103c499050cc61c13f29fca788844362f2,3,3,6.998521229206744e-08,0.0013481193454936147,1.7709213651073696e-08,0.9986518025398254
cf37b6989deaceb2f9e3c01aa89b83391990a624b568d8a853ef63c2c9371cbe,2,2,3.224507594268289e-08,5.689089448424056e-06,0.999990701675415,3.5851837765221717e-06
cf3c814e4fa8b347ec61233ee77550026201447498227e3bb50bd0a00fd85a31,0,0,0.9999916553497314,2.2875367378105693e-08,3.290849903692106e-08,8.316816092701629e-06
cf40c3857e954b62d397518f26edc836a6f63c8c4cbd0b68f199a5ea13539944,3,3,2.577183977336972e-07,2.816215237544384e-05,3.1487041951550054e-07,0.9999712705612183
cf54928fe86b17ce201f9f5fc336ee71edf5df31c6d4c227b68fc185eb42ac2e,3,3,4.47709062427748e-05,0.0003621691430453211,2.8567988010763656e-06,0.9995902180671692
cf92f762c693d100395810e1edffa51160c8fbb02315a90a095778c7c5afc2c3,0,0,0.9998998641967773,2.290494194312487e-06,6.827117613283917e-05,2.957996002805885e-05
cfaa52b6edcfc3856e4e69975bc91950ae9b6d3701170b3ba1978a3be105e83e,3,3,0.018861398100852966,0.0022000365424901247,0.00037574171437881887,0.9785627722740173
cfb18fb8adbbbec3ddce1c85d55d16aabd9b59e218a5943f2644b9d723d7d788,2,2,5.064598962434275e-09,4.524175380993256e-07,0.9999994039535522,1.7351099756979238e-07
cfda344ccfe407dde0c97a9679d2db5f6d0603871b28a1fea78ec669ffa20956,0,0,0.9999938011169434,1.2936085624914995e-07,4.6549707803933416e-06,1.4473345117949066e-06
d0085f5154a7d0b6be09c4746b2d881e2fac12436464f7d480887e0942723586,1,1,3.241741453052782e-08,0.9999328851699829,9.37690037972061e-06,5.76519851165358e-05
d058ce737a967df3c6666f7c9a3c52b529ae45c874180be56ee52899e13965ff,3,3,4.949216963723302e-05,6.451032822951674e-05,2.207633542639087e-07,0.9998857975006104
d07db11cfac25346b6d5d7f3ea0c843826d6fe98b13a0fdc2083ea2907b3dce7,3,3,1.037422094896101e-07,0.0018661707872524858,1.2729217679918747e-08,0.9981337189674377
d0a0ee0c80ce7bd1d22fc9d87555a7f80267df9d825bff64ace9b3d4d6e61374,2,2,1.8096470100203987e-08,1.1301112934347657e-08,1.0,3.932014180918486e-08
d0a60e857d0971bcaad6ee38864067c26d11ac72ec631ad8e07eae50509d7218,3,3,3.6631730981895316e-09,0.00039638715679757297,4.847346968261945e-09,0.9996035695075989
d0a8106c6e3f804d0a20a23ecf92fe3b2bf565837396fa54d22feaa293cd7aa2,2,2,1.7108753302963464e-10,2.5843389650503923e-09,1.0,2.185517189445818e-08
d0b939f9f6b352e1f1291e40f2138049e8ee370ff79c6c2375851fb9c9879c3b,2,2,6.673537833457033e-10,2.2328901394530476e-08,1.0,1.324776821576279e-08
d0f19cb294ce941cf84e4575f7ffc54113cdefe280da3a585deb3e06da362a23,1,1,2.462862084939843e-06,0.9407705068588257,0.0003173339937347919,0.05890965461730957
d0f785f11a812c2f2cd147661db5795a3f72a0cb121d75328648a428d93bce35,2,2,6.158568766068129e-08,1.1417336764907304e-07,0.9999964237213135,3.407529220567085e-06
d1103c3d90d44b9901bb4cca0de23eb0c27eedb79cde5a307f24c634b7fcd289,2,2,1.1426658375057741e-07,1.4778038348595146e-06,0.9999828338623047,1.5658060874557123e-05
d12de061750e680498a3edb39e70b5964ed86504cb34f42e011ef1c7254ce201,2,2,3.353178357201614e-08,7.093657217183136e-08,0.9999995231628418,4.030268030419393e-07
d14840875160bee9b703db43b3675d067561be81bc8a1f962f45a00be3adfcae,3,3,1.356614461656136e-06,0.010087139904499054,9.401600387093367e-09,0.9899114966392517
d15f2717fe8f0b7d86b3f7c4c34882c9b8d5fae8463306497128ec896270b025,2,2,2.8527781026355115e-08,2.0390911004142254e-07,0.9999995231628418,2.251746877846017e-07
d16fbcdabbe05707642a34a28a6b5eafefdc3695286cd83ac8c7f39dba04e9b8,0,0,0.9999164342880249,2.4447608666378073e-05,4.60077262687264e-06,5.4489963076775894e-05
d18027623a6a3028f1d43925ed6cbf6ddd030060ac61c8baa04977e84d394ef5,2,2,2.521327644444682e-07,3.45748685504077e-06,0.9999959468841553,3.978789493430668e-07
d1d5c9452fced83e84dd41fa19e10f288bc7536644914e7e6878eb51fff5a800,3,3,9.94035076473665e-09,0.0005159411812201142,5.373023359567242e-09,0.9994840621948242
d1d7951e111bb1b351700ee58c6c289b3f43f11dcc1d086ae8761ce929e38b5a,0,0,0.9931254386901855,0.005981694906949997,0.0005973673542030156,0.0002954773954115808
d1d80ae04e15183f39492f51ac90aee2907ee298fca509ee5251e7e6e985540a,0,0,0.9999973773956299,2.0412443291206728e-07,5.626684895787548e-09,2.375871190452017e-06
d1eeff9056189032fb60d6cf9b243576e4901ce71abeffa2ec6eaa377dcd972a,2,2,1.2677459082510723e-10,8.979507137851783e-10,1.0,7.3761663443860925e-09
d206b0dc0849563cfcdc50b47c61e5228a51570f32b214d527e5766c8a7557a2,3,3,1.2718331163341645e-05,0.010731641203165054,1.3510204553313088e-05,0.9892421364784241
d229bbcc72a55ef65754987d7bfa406b2bb7c0202b3acb2a03f8d2730b7a0d48,2,2,2.5516383175272495e-06,1.1185038601979613e-05,0.9998977184295654,8.861525566317141e-05
d2659d7a36badbdffc2a59e11f318d29abe3d091363fa2b103a0b3e9c2a9fcc5,3,3,1.1102328834056152e-08,8.998378325486556e-05,2.359317852196341e-09,0.9999099969863892
d28bf233c5a70e8f995b71d1fa2f35f8d2cc536a64e616bb70fb1b790b398c91,2,2,4.4470180315947516e-10,2.4632914374933534e-08,0.9999998807907104,1.5265132446984353e-07
d28c1ebe1b69629b43ace61cea04667d7e2329bcbe828c79708a46c7f39dbca1,2,2,7.860474049437016e-09,2.406732035886705e-10,1.0,9.325801242354714e-10
d29104742083804218391bf02eec8cd7d1491ed77ce79105a37b616f3885952d,3,3,0.02288704924285412,0.0026298114098608494,0.0021498105488717556,0.9723332524299622
d2abe6bbf2b743bfc08438fe87c93bb8e8c58040bc63dd200c8092cc6faeec6a,3,3,0.002051098272204399,0.010843414813280106,4.179575171292527e-06,0.9871013164520264
d2d309f77cd5aa650c56173b3c24ec84a28159bf291bf90dcfbec51259041aa5,3,3,1.00259782698231e-08,0.0005560297286137938,2.4728544545382647e-08,0.9994439482688904
d2f38e18cff68e5715d116c2164ee3432dcc035a0456004d92f6e97947d11b8d,3,3,5.491808119373331e-10,3.529371724653174e-06,1.6908240085822257e-10,0.9999964237213135
d2f9668f953cdf1855e56c458c961f8c9ef6c5c4f96f16ca3e7ff7f847242180,3,3,3.007081472716777e-09,4.3492769918884733e-07,4.1930323102512546e-10,0.9999995231628418
d2fb43696e5cbdaee150f2e217a8a9c2b3dd3c10921428eeab28ea47ef4d152e,1,1,2.062436550431812e-07,0.9108720421791077,1.7260947515751468e-06,0.08912599831819534
d30cb6d476631605591317f21601eef73338127026cadfd4fbdb3b9704fd8547,3,3,3.2827831546455855e-06,0.0005087920580990613,2.1873711375519633e-07,0.9994876384735107
d316a81883c40c640be374cde28001b90c5951b4680e2a3473ab29ed7549c109,1,1,1.6928194401799601e-09,0.9879278540611267,8.641241606710537e-07,0.012071351520717144
d32e75f32a5680d29e4b7885eeca8c3bdb8edc86a0c8fe78613d408907f8dcc6,2,2,8.130028561481595e-08,7.064869578243815e-07,0.999998927116394,2.942818468909536e-07
d339d63e3a63df283549f5ca490a35c8158a7014a70847eaa1e4882a7ed88c56,2,2,7.993289159458072e-07,5.721111051570915e-07,0.9999840259552002,1.4500635188596789e-05
d34bd176982a7543c47af7f1c2d1f2fa640db74a7eba6ac264665a7dc8e281d7,0,0,0.9986940026283264,6.144001963548362e-05,0.0010709650814533234,0.00017359506455250084
d34cc876cff4fe8efb656275cf4d3184e360efd79144e20def49f623241adcdb,0,0,0.9998704195022583,6.942431355128065e-05,5.294698439683998e-06,5.497972961165942e-05
d3517380b13aefa27968c8c082fa29da04a25e79d5124e2c5cb24faafe680728,0,0,0.9999940395355225,4.824543431425354e-09,3.3442720814846894e-10,6.013035090290941e-06
d35634c0589d2159b1cd8ee3e14f3ed2f6abee46569fe648a2ed7619777eed1c,2,2,5.611898057367171e-09,1.6113257288452587e-06,0.9999980926513672,2.7315593342791544e-07
d35e94b187590ee153b57e5c259c9a2a80558574a704ddcdb188f5bcf089d94b,0,0,0.9999974966049194,7.935170742712216e-09,4.4823048050979253e-10,2.5198185085173463e-06
d382d756650814eb6ee85823460ae0149b81d16125dbc84adc3505dd5c44ba7e,2,2,2.2295468249389216e-10,8.682172136786903e-08,0.9999998807907104,4.867932723584545e-09
d3872b52d61a621525d409224a46c9ced872b46cb8e588d069e0a9c24fc48dee,1,1,9.827311231447311e-08,0.9997157454490662,2.0671702571917194e-08,0.0002841378445737064
d3a1a99fd7ceb96e2208ec67d98779d235d564c953c85315b667d237f8372907,1,1,7.001233461778611e-05,0.9778156280517578,0.00017557911633048207,0.021938713267445564
d3a98e94765e4361e514a93b41f6ade7ace867dfdab538e91f2651b32ac7660e,0,0,0.9999995231628418,6.661168328037093e-08,2.8844135968597584e-08,3.0612309842581453e-07
d3f8ba6d85ff8bcf81d533ab1895a1806edf1f28490ee30fdaf4480073a30e9a,1,1,1.9639348636246723e-07,0.999862790107727,8.977145625976846e-06,0.0001279547723243013
d403fed5323278c1d4a3fe3375ae3989ba53937cd07380f7a19c43d2112cd7e6,0,0,0.9999816417694092,3.258770107095188e-07,3.198080946731352e-07,1.7642072634771466e-05
d40a5989ae963441ea6edf9cded191ca94efb1436a52ad86b402c574c6b0df33,0,0,1.0,3.137420045984385e-10,1.563812968008449e-10,2.872790005881143e-09
d41211d6a0d3add427be6148f07e3d8b1fb624cff1f551f01e786c7915ba565f,3,3,9.992545813020115e-08,0.0014579264679923654,2.3191569198388606e-07,0.9985417127609253
d448bf6e4ce8faac849bd5d500033f6e306143f864688ec899bca7c9cc885165,0,0,0.9999998807907104,6.539820684992037e-09,5.97846994132567e-10,6.260550833303569e-08
d4600f0563cfe45e7238308b6ec91eb1eb5b933eef66f043cf7bb366451ecd51,2,2,0.0004075223987456411,0.00023648336355108768,0.9987548589706421,0.0006010918878018856
d4a350d742488cc0ba3e73dea81ec37d7f2f7a810e1341c8ca93f6b347bb5ac3,1,1,1.3543923671477387e-07,0.9996284246444702,4.436278686625883e-06,0.0003670083824545145
d551e7c75cb72e01ddb13abdc7cc996e7727c54bb21556a552b82bebcd81f825,0,0,0.8269992470741272,0.12836402654647827,0.0004055679019074887,0.044231198728084564
d569b14301ee28f6db579b68d1173303bd1b39eef69580747e2da0a60bf60a04,2,2,4.1416635099267296e-07,6.272726750466973e-05,0.9997153878211975,0.00022147946583572775
d57b9c7ace8ec5fe688f008cc33860622eb272b0b3bb82b7169eb7d4aa30f186,3,3,1.475315980492553e-10,9.598371980246156e-05,3.75333653046539e-10,0.9999040365219116
d581dbb4660306ade847356cf95dccd3b31ed7a5822e9cb83d4a6548457bc33c,3,3,3.321949179735384e-06,8.827736019156873e-05,1.1542677214038122e-07,0.9999083280563354
d5969370a0bee2aca1e7731f036b02bfc7aa1381b195953f172060fe2451eb1f,2,2,1.1377354894648306e-05,0.00011217765131732449,0.999151349067688,0.0007251829374581575
d59fca02546fe844ba930d996e38e747f38849dd9020207cd1789b87d4336788,0,0,0.9999995231628418,1.625744090461012e-07,5.9330350410391475e-08,4.1236404513256275e-07
d5b105957babe492f9108348253ca4e3a44f90646adc68aa9e0d32211cc1a50c,0,0,0.9999996423721313,8.956382302471866e-09,3.8178910699571134e-08,3.5443881074570527e-07
d5b31ce75a3fc088afd9ab9a20472925ba5c6eaf87a1cb064a029a5b779cbe1d,3,3,1.4332539421957335e-07,1.5289857401512563e-05,1.6496571886293054e-09,0.999984622001648
d5cda42a9980b321bc18a300620183c2e8c378226ea90b1b028483ebf80485c8,0,0,0.9999551773071289,3.9109497151912365e-07,8.509069893136711e-09,4.4406686356524006e-05
d5cddd1a948736993ecda96b0dfb1decf31f9bad9c033c09e0df7fafa0125553,1,1,0.16009986400604248,0.7738412022590637,0.002094880910590291,0.06396400183439255
d5d1eeef969442eb0b40c20180aabe3e2916f63e589ce195d34ce88a76403b13,0,0,0.9963514804840088,0.0023604899179190397,0.0003644557436928153,0.0009236171608790755
d5fa22a4f721ad4b5f697a1c3936fb628700af4d5f8c0e4dd8f1cb9c2a0a9dc8,2,2,1.9594038747072773e-07,1.0521775038796477e-05,0.9999877214431763,1.5991204236343037e-06
d61a25687b6684d87660be01f39551f9dcd0fedae24407989299bd2775e7db8e,3,3,5.8410285497245695e-09,0.012724372558295727,2.373768204222415e-08,0.9872755408287048
d61dd7cf3b58b06642b227527de74d8d9adb2871a7eb09c4bcceb2b88519c785,1,1,2.4707417196623283e-06,0.9931546449661255,2.9747448934358545e-05,0.0068131242878735065
d64e23246a229627520e97f25d1c3e0a568f6a81b544bbad390984e8818858a9,0,0,0.9993621706962585,0.00042418402153998613,5.36780589754926e-07,0.00021297673811204731
d65adfb57a6c81fb6c58b3a3a31ac56329dd2680f4389c02c93478c300d19acc,0,0,0.9868228435516357,0.0006845391471870244,1.9884269931935705e-05,0.01247276458889246
d675b881f43741b7a43cf18e4140e89ba2bee8b5158f458773a08adcd2e1cf69,1,1,1.8099015619554848e-08,0.9985910058021545,1.3502919671282143e-08,0.0014089852338656783
d6777b94115814c29ef50265b6cc0d440e1e9969115a2fbd573e33e2356d657c,0,0,0.9999961853027344,8.907152277970454e-07,5.348921305881049e-08,3.0385731406568084e-06
d6941d5b0eae6cc2783ea3671ee6d1bc372ba9030de0edc76096119beaef129e,0,0,0.999996542930603,1.0621531600918388e-06,5.6226383549073944e-08,2.3291713660000823e-06
d6a505962e00aa6b7ba702c555a0bc22f49459112783f764d6d20437045cf257,2,2,2.0138090803811792e-06,2.2830417947261594e-06,0.9999940395355225,1.6969944454103825e-06
d6ae95c03b57a0857b5b544535cd50248b154e5bf78246e37dbbddbdcead4f58,0,0,0.9998921155929565,7.425975491059944e-05,7.0384942318924e-07,3.285998900537379e-05
d6d1bc9bf4b82841f0dab6cb235dc384fb515f432a935bcda258160c8e1e17f3,1,1,9.93545927485684e-06,0.9739097356796265,0.00043825432658195496,0.02564196102321148
d6ddf0093d9204668cf386500c545c3e6bb3d72b57c392b3255c0af029da4938,0,0,0.9997053742408752,1.1907164662261494e-05,3.7588537793453725e-07,0.0002822829410433769
d6f31133f3be109031b939a24f7631c7a5209aa0c33ba0e73ebfc3b36e4e4a98,1,1,1.4427084238377574e-07,0.9840047359466553,8.495368319927366e-07,0.015994317829608917
d6ff9b42f53d9218f8e64358101cd516e4c5877d4afc6ebda5c4c75b7b83d413,2,2,1.08176152480155e-08,6.762605835319846e-07,0.9999986886978149,6.54347502404562e-07
d7045d3d6ef375a28d5b91ebb5443ba8ac3a410c437e0334ac9cf0e1bbe3c3fe,0,0,0.9999984502792358,1.5940198494490687e-08,3.1249167697922076e-09,1.5498309267059085e-06
d7064c1be0f4e62d8b285bfd6806c5bc2255d52a636989d0a51ee0944f93c98b,0,0,0.998980700969696,0.0007183077395893633,3.642405863502063e-05,0.000264492176938802
d70bfc6d530123a29346fe353197fc885c0cd9e3ef71e4a1937a4928291eb555,3,3,0.004353341180831194,0.00018296498456038535,1.8865188394556753e-05,0.9954448938369751
d710083658936638444adf0a6f95172f8afe821842ec0bc43403f7f512119f4f,3,3,4.630350076695322e-07,0.00025148707209154963,3.5948991694567667e-07,0.9997476935386658
d74fd2d6e8230e20ba3a54d6f960026a11c0157fab27470fb99290dab3a7c0c9,0,0,0.9999761581420898,9.04556856085037e-08,1.1231023888669256e-09,2.3737473384244367e-05
d75a57b16797f517a531c9367d5903253869fa9b8e76a5ce82c1222db343ae8b,2,2,4.384781391308934e-07,8.472813419757586e-07,0.9999939203262329,4.723841357190395e-06
d75f7c9c0d5488400c88d141ae8db52d8859770d8d4a4cbeb46f1665456bddf9,3,3,1.1237882517889375e-06,0.00020009920990560204,1.2436854603947722e-06,0.999797523021698
d77c20c40985366a7c7582d616551abf870d26476665cb044c63bd7ce14fdefb,2,2,4.263166601958801e-07,1.7061059907064191e-06,0.999988317489624,9.56328494794434e-06
d797a4dfd91412d2fbcdc7945a6872d253d49008316539b2e1d8348b2d7b51e5,3,3,5.891579348826781e-07,4.393831432025763e-07,2.377008314624618e-07,0.9999986886978149
d7a31ca4a9455b3d9574e4b513600d87a13f4041e9ee431111f9ad55cf4a02f9,1,1,0.008726773783564568,0.8249273896217346,0.004479589406400919,0.1618662029504776
d7c16253435baafacca144cdd526ec109d06a858f80dbd92c19cc3640288982f,0,0,0.9997559189796448,2.3608899937244132e-05,1.1441603646744625e-06,0.00021932470554020256
d7d21c3a7df7c8317055818d398439aaf15669131b6fb289a0ec3fc24995834b,3,3,0.0001722176093608141,0.0004842992639169097,8.875216650494622e-08,0.9993433356285095
d7e2f9fa1bcd127fc3ca035229827e3b48a2ac5ea3910fbe627db1e34b4a5ef0,3,3,4.7489865373506746e-09,3.6371368423715467e-06,2.822566402826965e-09,0.9999963045120239
d7eb6f90c168a93e182d06a8b6a3c55ce455e269d1f4e94c554ddf791cd9af90,2,2,4.2555802792776376e-07,2.3864733975642594e-06,0.9999905824661255,6.5788854044512846e-06
d81099827be9eea9fd64d18771a60680255ea1fa9a2d2dd9247d55c97df59556,0,0,0.9945620894432068,7.367711805272847e-05,5.390299406826671e-08,0.005364343989640474
d81cb84da4c3db5fc364cfc41b08b7a8aa948998dd7ad7e04dc234e21a6b7c47,0,0,0.9999847412109375,2.22275798478222e-06,1.4018256422332342e-07,1.2919730579596944e-05
d85300702429bd215d8d6c2001613665cf20b066f215e51b065d28767dc4a90a,1,1,2.0985650905913644e-07,0.9912973642349243,4.441270903043915e-06,0.008697863668203354
d878520038a6b59f7b6098a814ec6610ccf40d0221d8d3f288988a5d55ea6dc6,0,0,0.9999984502792358,8.120849770421046e-08,1.4457492625297164e-06,8.48307113443525e-09
d8b1eb98cdf7205abf2a0b4e939a1ddecfe7c273ed43d11aaf2da583f0643fe8,3,3,5.432780199043918e-07,2.0897687136312015e-07,1.7896195636524226e-09,0.9999992847442627
d8e84755b11f9ef085241883463dcaf83f51db7627afff843081779ee390edf8,3,3,2.8514193672890542e-08,0.0005243175546638668,1.0602191480302281e-07,0.9994755387306213
d9481aff9f97a2cece38b82f89aa12964a08c94dd9e2362a152321729f3089a4,0,0,0.9970645308494568,0.0001743173343129456,0.002452417043969035,0.0003086737124249339
d9a5b9b64de2dd39e4eb036f0eeec44d8f433b08209d8fa21e061f19956c3a0f,2,2,1.499705470919821e-09,6.075241287817335e-08,0.9999998807907104,3.969146789017941e-08
d9bde7d0aba0589ace83b782a16a1485030a631d018df24942e3c5327171682a,2,2,3.682114595449093e-07,3.556509909685701e-06,0.9999896287918091,6.492671673186123e-06
d9e909580b25de58d89c9c2f85215ec9ecd8956b263b004b4f24a6cc12797747,3,3,2.1942909711469838e-07,0.0620444193482399,8.702794218606869e-08,0.9379553198814392
d9eeac9b545864004b03c36348ccf8c0f5859e0159e861258e955f24480591a0,0,0,0.989066481590271,0.0007849169196560979,0.00940750353038311,0.0007411354454234242
da00e41a94bdaa1c374e99524b35c19fa4fd9e5fcf3dd326661db164cd8eb6dd,1,1,2.3045346186911786e-10,0.9999419450759888,2.64882913825204e-07,5.776020771008916e-05
da0e833e22bcda83654dd46ee497d54cf8044d26f07b17725f9aa8a4222ed708,2,2,6.501164606653731e-10,3.0516655868950693e-09,1.0,1.5304869593890658e-09
da33a3834120cd4ff5d517186f1fb29c527534101a5ac42a935dac1fdaf58ad4,0,0,0.9999376535415649,7.846118421639403e-08,1.5757989046960574e-07,6.207048136275262e-05
da34343e3094daca4b920734f77102b032b4dee0a86899d776893b702038de45,0,0,0.9972124695777893,4.187478407402523e-05,1.067419930222968e-06,0.002744649536907673
da62659943d74a9b98cbaf46b0e44afda81a63414df1de40b2b29d99ff5eedb4,1,1,1.213691575685516e-06,0.9966557025909424,1.5856916206757887e-06,0.003341600066050887
da68a13f974026dcd72399620c1dcdafc4c120128a95e8b3b4130a7b14f7eab8,3,3,1.77832071290851e-09,2.0947945813531987e-05,3.332685460932794e-09,0.9999790191650391
daa16cffbd2bf28b40e4059cf6490f5a543fcc8b7d96b75528616b2aaad72541,1,1,0.10139813274145126,0.6776749491691589,0.00025171617744490504,0.2206752449274063
db0bc3ccf6ce464197daf067cf62a94c6360970f5080450d0933b022bb0a9eb5,0,0,1.0,1.400729116030064e-10,3.859149458329547e-11,3.042774565642503e-08
db2a4a892cc3ce73a5f1e71cc745ee2a78345d72085bdeec5f24d88c168141ac,3,3,0.002719885902479291,0.0015958026051521301,2.109880142597831e-06,0.9956822395324707
db31bf1d9b47140f0d4d1d68038dd798956f1f550567d2fd2082a11deb4763b8,1,1,2.5978765805234616e-09,0.9997314810752869,5.716080386797273e-10,0.00026849639834836125
db403da61b30c5f60b49d329025b3552d01242b9697733f2c269d9ae728913d6,0,0,0.9999939203262329,1.822361817005458e-08,9.285897051292125e-10,6.030998520145658e-06
db6a4a97853de963c98fdd918c4b638a3bda34b2528900e6dbae0b49a771bc0d,2,2,1.3972351553093176e-05,1.1499285392346792e-05,0.9999356269836426,3.8834674342069775e-05
db6fcc6c67539cb15a7f8e678c55b9fa486b65aef276f6c373fabd0c06258cb7,0,0,0.9999998807907104,4.29642488253279e-10,6.668663954378928e-10,1.1141560207761358e-07
db6fe6260cb233407ce95cca5ef19a5c149cef23d6f9ce35455556a048e07302,3,3,4.841826495294299e-09,8.234438610088546e-06,3.249978952624133e-09,0.999991774559021
dbe13f2237dbf663aab7a407659b0772f4e25d261728e52e6c481c895406f082,2,2,7.509057127208507e-07,1.1082014452767908e-06,0.9999973773956299,7.611779437866062e-07
dbe65de5f1194b7efd0b5ffea8be5e9b376690d281645df1781bc4d71cc742aa,0,0,1.0,4.394060948431644e-10,2.8216495806532293e-10,9.112032905989054e-09
dc085684aed8d72e7b6b297defd6acd239b28ee2a1b2fdfb3a508fb936716369,2,2,1.2384740330162458e-05,1.9969369532191195e-05,0.9996615648269653,0.0003061371680814773
dc4a8aaff55eac7162436ae15288d04c47907d40baf9a873afa4ca6ee910cc83,3,3,2.702481849414795e-10,6.799098628107458e-05,1.6696000137983447e-10,0.999932050704956
dc62cfc04ed4ff84ac093db59ab23d4db1252204d1476f8bb772ac5564e18ed6,2,2,8.396007500355296e-11,1.039164532201653e-09,1.0,1.8048520900038056e-08
dc82c5eb79d5f31b3cd6a883414791719120e7b9fa636527455a3b454b504e9e,2,2,5.829123892908683e-06,7.187607934611151e-06,0.9999836683273315,3.326161959193996e-06
dcc707d9967f82aed5f66ceaae8ab776b3c44bc72602552e8680aee3a7faa9da,0,0,1.0,1.22257748369492e-09,1.1077699868522473e-10,1.7446867284220957e-09
dcd701589835840c8f93e4634ff85e972faf181aa70fe1dc1ae81ccafe6663cf,1,1,9.37375830289966e-07,0.9949731826782227,2.3268420079602947e-07,0.005025672726333141
dcd78ef4a71d201b0ac7e068bddeb64b13e262526f3612a0943548adae41ae00,3,3,1.2157419178038253e-06,0.0023576419334858656,0.0003181047213729471,0.9973230957984924
dce5a5a255dbd3c478ece68fc5448900c17f29e6b65351ee0ef34de16726185d,2,2,6.846744837751828e-10,8.456299660508648e-09,0.9999998807907104,1.4563910610831954e-07
dd13c700216221c44355ba5da7f733b75f78dcde4fc608ea7d62ae20e395d5ac,0,0,0.9999988079071045,8.22308088288537e-09,5.337446928876943e-09,1.2270609204279026e-06
dd16a6b189c9237cd4b7bc1615a0d88b2a7e14cfaf660ea6a381d6c090f27323,3,3,2.2840254132461268e-07,0.0022840332239866257,2.0409878231930634e-08,0.9977157115936279
dd18b14dc7cffc21b7e9aac67368e42c377fc7bf061e9c2a81f42937ac3bf572,0,0,0.9988338351249695,0.00014679860032629222,1.5115539099497255e-05,0.0010041894856840372
dd1da54aa331a3aa99538d50f2b68d3854d6ff58c3cf12f1fe0d86ec5743f999,1,1,2.4373878204642097e-07,0.7137287259101868,1.3476436322434893e-07,0.2862708270549774
dd365c8cf8b506d8b02062da0842b2c234332898732c2126026df79b4219eb41,3,3,1.1106868896826327e-11,3.9321753320109565e-06,6.221586357213482e-09,0.9999960660934448
dd4dbb784f2f9df1129c44ef0fe11aa8daacb0f301d722a55007ddd82ca898e0,3,3,1.3121856490272421e-08,7.188988092821091e-06,1.47033034636479e-07,0.9999926090240479
dd4dff48036714835103067a3b16fca4ae1d5541079e9e1ffffa686fee2be2de,0,0,0.9999972581863403,7.986947707649961e-07,1.514985825679105e-08,1.870570599749044e-06
dd4e64bf45c71ab19bfb30da282a122d6606ea9e52b09c107b4455319edcb132,1,1,2.0383539833801478e-07,0.9997896552085876,4.655826657540274e-08,0.00021008384646847844
dd965c9809d0819e083585190b76d094c654ee6bbc21f380455c37d552b31526,0,0,0.9999973773956299,5.482956453306542e-07,8.064701262355811e-08,1.8621376511873677e-06
dd9daa615ac9da8c561fa8b0ef2e99528608080c3c17387026acbcc3ae214c2c,2,2,3.2448224374093115e-07,2.382635102549102e-06,0.9999897480010986,7.474488029401982e-06
dd9dcd1baa335ad554e34332d9219ca8e779b89c82ee1905000733bcb9b017d3,0,0,0.9999996423721313,3.419934202497643e-08,5.962627613875782e-10,3.6493528909886663e-07
dda61ce01e8585ec2fa907dd16a5e1ec837c67597c27f04321be3f3f58b2b487,3,3,0.004692837130278349,0.022558962926268578,3.680194822663907e-06,0.9727444648742676
ddb0d4afd5ddd80f78408c1ea723c17ba15568cbbf0fed9e3e3eccbb5def77e5,2,2,6.91202561853288e-09,1.0767625013841098e-08,0.9999997615814209,2.0749709506162617e-07
ddcdae1f6cd4689445cd9ca8ec9bfa65dcf5012a014f30fef817c362f996d7ce,0,0,1.0,7.173709543062401e-11,8.672654608354868e-12,5.7801660346967765e-08
dde171c457163406ebae36bc0e04af91cdcf4d2345035717c0a060edb2919258,2,2,4.834269096143373e-10,4.4345083161090315e-10,1.0,1.0452791965320785e-09
dde4f49b81a42dec719cb48edb55076599422fddd00d1fa4a3196809ae62e474,2,2,6.750738634764275e-09,3.3669014243287165e-08,1.0,2.509088936619719e-08
ddfdaae4fc8488e3164e10c5be872629ade79a76749a8e9be98b48e258637de6,3,3,7.000420509939431e-07,0.012103831395506859,5.77451316985389e-07,0.9878949522972107
de2593e0536294b92e8f43e95f336daae148d18efadd6db075e17212e27048f4,2,2,5.447590751828102e-07,6.814152584411204e-07,0.9999979734420776,7.834803454898065e-07
de6b03d2ed67d60e26e581f7aaaf40985128487d2e8202bf024d0f93fe62a230,0,0,0.9998817443847656,1.2526735190476757e-05,7.048429688438773e-05,3.5324810596648604e-05
de772391c8cfa4ab6df88dde41fe712f8f060955c5823b468e990ab636da28be,2,2,0.00011171159712830558,0.029847674071788788,0.9685589671134949,0.0014816421316936612
de8e9bb9d9be02e6163c1d707a463e788ef86bf833b35c464995a134cf5c28b5,2,2,3.501754441970206e-10,2.1702719621430333e-08,1.0,1.285203676815172e-08
deac166bbca36463bf6f24432fd2d99bbb10fac298a373413c7e566f663c68e7,0,0,0.986553966999054,0.0025545237585902214,0.0003455264959484339,0.010546001605689526
deb8cc040e3bfa7d65af51e4c8befb1a79e5bc80188139b9638ba4657575e56e,0,0,0.8896889090538025,0.09056779742240906,1.1778006410168018e-05,0.019731605425477028
dec7ff12ce585218f72960050c960ef6109f7bfc97602ef9212ef13fde7072a8,2,2,9.820658988246578e-07,6.87940541865828e-07,0.9999898672103882,8.412822353420779e-06
decbf2959236e028f43d6620a56568ba627b072d2885f9a45d0fcdcb627df458,2,2,1.3564020264311694e-05,1.9597493519540876e-05,0.9998512268066406,0.00011560664279386401
deccbbbd918c533c3a2df435507f6c61699f30d4daea72ac13031abb17226d99,2,2,5.5500734674751584e-08,1.6927898514040862e-06,0.9999899864196777,8.171487934305333e-06
dee398049eda018825fa0eaa6a74805e4513643a56258d3ee6a8e76b371fa346,0,0,0.9717233777046204,0.0006118192686699331,0.02757393941283226,9.081415191758424e-05
df2d0f4f010db7566107848275de8892f07f06b815768ca55e9501df802f79ce,2,2,2.82431908971148e-08,3.649796099125524e-06,0.9998421669006348,0.00015413056826218963
df34cdd31eaf9a324c9265970319b98ef1eae1a4e0ea96590fd755518d406794,3,3,2.6289941335022604e-09,1.9403947248974873e-07,7.272175306383133e-09,0.9999997615814209
df6d757e720bdf445b650421d40fcc21ebdc1ff7d87bce61f338194a96874c8e,2,2,1.8868442566599697e-05,0.00010693239164538682,0.9995286464691162,0.0003455446276348084
df95115c9bfee717a50f3f85759b55784c1dad5da2cfb8a1c25ae8b5ae6af171,3,3,1.4783223534209355e-08,4.873453690379392e-06,6.432372412490395e-09,0.9999951124191284
df9ae9442138ff64dd01a35b7e5b46cd8d2d0104c7a5614e4e4ec108e953a38d,2,2,1.2993091047519556e-07,2.5584293439351313e-07,0.9999992847442627,3.8558692949663964e-07
dfa0291766779e60e9afb6480edcfec6096ffaa9c2205a12fc43e458e883a1f6,2,2,8.143646823555173e-07,3.5384712191444123e-06,0.9999840259552002,1.152184086095076e-05
dfae5ccf5a91ffaccec833b324b7b47a877741146c1b592b61c9306bec1d913f,3,3,2.4430751182080712e-06,0.07155933231115341,1.94326571545389e-06,0.9284363389015198
dfcd60049e78b3e1567c9f9ecfed991e00c8f8c8b16444644c9bedf9e33c5cb2,2,2,1.2413051919679674e-08,2.0043232851207904e-08,1.0,2.888593719774235e-08
dff6111db74191b2c6f136fd7a3c480255c9db5e68f05abc9bf89abd0e5e931e,0,0,0.9999998807907104,8.035115683924232e-09,1.1940428201739905e-08,7.60762901563794e-08
dffb481290000f0aef450242e9041638e64aa111ab4151b48bd755cf536cec95,0,0,0.9999978542327881,8.26862901703862e-07,8.930289396857916e-08,1.2305214340813109e-06
e03205227eb639a25b2ffd20d0122e0ea93fdb40f79d45f7a65ed2d2e3c5876f,2,2,4.584718226396944e-06,2.4039347408688627e-05,0.999933123588562,3.832058428088203e-05
e0395d61fb9a21c2cb08153717011ff8c43f7973110c4ef6c3e4d4c546165a81,2,2,3.0535238693119027e-07,3.885748446919024e-05,0.9998791217803955,8.160252764355391e-05
e03d4e38b9daee20a559259bb391ca62aa322429a05d4c79659f3020ecf759e8,3,3,3.7393584761957754e-07,0.00026130996411666274,1.4791346814035933e-07,0.9997381567955017
e058760a7de70687f8d1f567e821f11bc818014cb5902cca050d7e8707e0a654,1,1,2.4359005124097166e-07,0.9789494276046753,3.099664240835409e-07,0.021049952134490013
e06d5aca2cb69daecb62d28928d4c3b3c59a5b605d1734859c9aa6b7190f29f8,3,3,5.544792429645895e-07,0.0030932521913200617,9.351895613463057e-08,0.9969061017036438
e07277f0d629148df3ce240325eff2aaa080f0a817d7a06071745536c283ef0b,3,3,5.052588107901101e-07,0.00019441296171862632,1.4326433372957581e-08,0.9998050332069397
e088a3deb0b8ad0c3f0c790d1f65da9183209e2cfad04b372fcb1b172c272418,0,0,0.9999991655349731,2.581155911229871e-08,2.272414700854597e-09,8.280476890831778e-07
e0a0fec8e7a9a188ed59f155b45bb3c5cad7786abfee3b111b2934b4408f2048,0,0,0.9999493360519409,5.676124601450283e-06,4.168505711277248e-06,4.073261152370833e-05
e0bf411c3135e9def8ff8fd30b9830e871de31da0075a6c8bd204145d042f806,1,1,3.332408198275516e-07,0.9893546104431152,4.275003462339555e-08,0.01064501702785492
e0e0f2d7f9407c7844e6cfe811cf55445ab561a8be597e5100f668f8536b1f5c,0,0,0.9999610185623169,9.950877029041294e-06,1.333141335635446e-05,1.5752631952636875e-05
e0e10fc7dd99facce9340fc198915b1f960d356953d25c2ae4e09607a328d071,0,0,0.9999994039535522,1.982759023633207e-08,5.565571115084822e-08,5.889045269213966e-07
e0e375f39d68e4e47e028b8096baf6bcb8a056ea124450defba745ae80ac55b9,2,2,6.902022842147915e-10,3.9610594804173616e-09,0.9999997615814209,1.8096336873441032e-07
e0e5dbf2b19076176f0dfabf9404d16c73aa9a20919a71c4b791412f89d921bd,1,1,2.121772979535308e-08,0.9989302754402161,1.1617910189443137e-08,0.0010697244433686137
e0eebca8d85785f79baba4f30630862a73108469f88d45db4113f293f2e9b8bd,0,0,0.9992719292640686,4.528593308350537e-06,0.0007066722027957439,1.688775410002563e-05
e12679ad83b26767d039d89bf198df29ce92080f6f9fcb4cc29454e2e3f1950d,3,3,1.3942037639935734e-06,0.0009378179674968123,1.0725614174589282e-06,0.9990597367286682
e169df59404ea9ba0eb27fc31899cd6edabaad2da7f1828f66d7d7344bdfc479,0,0,0.9999974966049194,6.963438750062778e-07,5.657716997120588e-07,1.2122987982365885e-06
e1733e58a76e1eedb0f78598b7d7b6af005ae82c85ec487abaadc02d16c4bbd8,3,3,1.2831031881432864e-07,0.0032003195956349373,3.1019416724120674e-07,0.9967992305755615
e1796ddd4a93e07a3106a40b83a981445712e5c9dbeb7e852a3cfff79d67af13,2,2,1.7349468528493617e-09,5.50193952619793e-08,0.9999979734420776,2.053391199297039e-06
e18c8358204cd8aacdb7f22782ab20ce9d9bb66be8e33ca3b93b16905f866327,2,2,8.02080103312619e-06,0.00011834383622044697,0.9991998076438904,0.0006738686352036893
e19f122a445b3f8dd568230d9e2b73865379bbcae2ae1456ecfa79c110d53876,0,0,0.9997368454933167,2.114970527600235e-07,2.6833029664885544e-07,0.00026269888621754944
e1c844fe0bef31a7fda79b5b5626e74c9a8d788aac8ff6af88752d44e9e2df51,0,0,0.9999837875366211,4.801567001777585e-07,7.001686412877461e-07,1.501745282439515e-05
e1e143ad02ae64f6314f0e15b35f5706424299437247706ff91aa0da9526f2e9,2,2,3.6749025156268544e-08,4.618116733468014e-08,0.9999979734420776,1.9046462966798572e-06
e1fa4537f23dd6bb63f27e6f9d01a3dbeae94d6aaad4915415b497d7912c2a6c,0,0,0.9907666444778442,2.7118770958622918e-05,8.020564337130054e-07,0.009205358102917671
e22120c233c6f045416fa66dbddbb37c26b059bdec7e0b6aea13695a88682077,2,2,6.686001796651908e-08,3.526591854097205e-07,0.9999995231628418,1.2897730883310032e-08
e23af4907a8444ba40ef5efe72ccc7230a20350671787180b2c17b0ae418ac4f,0,0,0.9999371767044067,3.95577990275342e-05,8.621631764071935e-07,2.236169166280888e-05
e2476a18e34a6577b304045cac89d2935352d8a1776be6e37d648cf6ae24ea55,0,0,0.9999935626983643,2.987281106925366e-07,1.168457419709057e-08,6.0780603234888986e-06
e248578fd042c9ef0a445c89776dac7459d21a3aae816587e650b0c75319d08d,2,2,1.45639631909944e-07,5.101165356791171e-07,0.9999940395355225,5.229015187069308e-06
e248693f71d4c8218a5201e967b7901a28dd5070ce7b0a262cd3cc5f7913eff9,3,3,0.012503771111369133,0.010503175668418407,0.0003906052152160555,0.9766024947166443
e28b713602db1e6f894e5066b2b76c22b49e711116dfd541a395119b4dcb1b98,1,3,0.00034839820000343025,0.4175637662410736,6.51793961878866e-05,0.5820226073265076
e291214391fa730b92bf08ed03d216e46cb14969cdd8a5fe319d875992f06e1c,2,2,3.589928798675146e-09,8.426238373715478e-09,0.9999997615814209,2.876032567655784e-07
e2ac9ba6b7dab57ecabbe803f7abf9d3d4fb09aeea2b11aaf571bf0e2b5e4ddb,1,1,3.267205528345585e-08,0.9939321875572205,5.1792103938907985e-09,0.006067800335586071
e2d3b7e385e8d6b94a750717bdd02eb5fc5158ae85df23e7d200f1b6656a2f21,2,2,2.059962644906932e-09,1.6328289831335496e-08,0.9999998807907104,1.1566048385702743e-07
e2e21a1ef095cca69e48d622fa2fc9f7a396c65d706bb1240082a1502a5ef68f,0,0,0.9998359680175781,2.3448594177466475e-09,3.465639233923845e-11,0.0001640216214582324
e2e5293fdc444a85cc8771466f16ca300b6247a38f489a920ab9ae05f5ac4349,0,0,0.9986685514450073,0.0010876008309423923,0.00010399532766314223,0.00013975988258607686
e301a01d0e97a1e7f7f8c0abaa307516602bb76b54958e7f7a0a795b3c21f01d,3,3,6.067132289899746e-07,0.0025066817179322243,7.150874807848595e-07,0.9974919557571411
e32b76951b59fa18eff69e677aab7ebe1ec1766071f0c96ca2694baaa9b19a4d,0,0,0.9999914169311523,1.7668527618752705e-07,6.176839519866917e-07,7.860351615818217e-06
e32fe9880ae759dc312c5189cd31b531e0b3997df1c164d0831c1b492633d2ed,2,2,3.185561325835806e-08,1.4921358797437279e-06,0.9999945163726807,3.933129391953116e-06
e33bd0cbd71b36dcd5dbdbfbf1594d306135a711629878ab0f758fdf141ee8c8,1,1,5.087407473070016e-08,0.9970256686210632,1.887608931383511e-07,0.0029741537291556597
e353fc7796a796b4abb8ed63d71b64a8687754fc9c6f4e4b419ca3001cee9407,0,0,0.8602316975593567,0.002275839913636446,6.554374522238504e-06,0.13748586177825928
e35d3d51516d986caf9615ec3d9ac1c1d2ad8b7a60e379587fd5cbb03ad4f6a2,1,1,4.9167146048967325e-11,0.9999680519104004,7.985408245758663e-08,3.17790218105074e-05
e35ebc16d6deabe6dd5c569dd929936e13604abf07582f2dad10e704820d0187,3,3,7.096582210763813e-10,0.003061591414734721,3.4094338463575014e-11,0.9969384670257568
e367ee04ce1b126de9b61e9cb052c11e361290bd8fe5c62734eb50b94d918411,0,0,0.9999998807907104,2.6188461177412137e-08,3.164914019748721e-08,1.1021969470448312e-07
e36dea10644c215b2fa26f297fb583fbef9dacabac55f2746aad0ff7a4a09296,1,1,1.3584062763527527e-09,0.9999984502792358,7.45759543008262e-09,1.5432116242664051e-06
e38a80951158f492f1358867ccf8467044fa44e9079dff2132d0a30e655422c7,2,2,3.132403071504086e-05,0.00018472816736903042,0.9996883869171143,9.559855971019715e-05
e390f120839cb6f114f9a7e622f1c72b06fca56687a056f9bd3dfa7702294fff,2,2,5.454683926764403e-10,2.020667722035796e-08,1.0,1.1130255828106783e-08
e3a6b1c2c5f1eb5ea4197339fe2f5ca03ad45042e3ce22a39bf5405f773e546a,0,0,0.9999996423721313,1.027924234620059e-08,8.238017379369467e-09,3.1926595056575025e-07
e3af438cd642f766899a63206df975166086473860289583b7ebfe17768033a9,2,2,1.805274596478057e-09,4.0506133558437796e-08,1.0,3.908675161312658e-09
e3d0aa05ed4ea62d98eabc3d61a5b2250bb4029b1dcc6b1514c59b4f3a90a3a8,0,0,0.9999997615814209,2.5532960634677693e-08,9.395926398036991e-11,2.169117863104475e-07
e40c54818ee51759a0f4401856bf44203be0749632b82998d80002aa5ab22389,0,0,0.9997732043266296,5.6621422118041664e-05,3.9477225072914734e-05,0.00013076310278847814
e42156fe0f4b27eb370aec560707f3c892508813ed22207c600f6a032c7d0a7c,2,2,2.6750046799861593e-07,3.8997444562482997e-07,0.9999974966049194,1.7357829165121075e-06
e433e72a0d000b4c4317ceb0ca76b42c7e3142a82d2cadaebd1d87c701784758,0,0,0.9997594952583313,3.0564492590201553e-06,0.0002366936969337985,7.597010949211835e-07
e437a33e72b52c8e13e8211e9b972e890966ca3277ea2293f104adffea3559a6,2,2,2.129402432160532e-09,2.5223116928430045e-09,1.0,1.5714149981249648e-08
e44bca07fd5a88cb20e319b779de670482c9af46db337924d10d2ca6fb493ef2,0,0,0.9990261793136597,0.0004689962952397764,1.8720031391694647e-07,0.0005046344012953341
e486d674d2c2cde2834075062e94b8e8bb758086bb2d7dbc68df399938f24cfc,3,3,1.88730609806953e-07,0.0001739287399686873,2.0923243937431835e-06,0.9998238682746887
e4877bd929060a6797cb48bbf10913670d0592d954ad9cd882a783a8f493f35f,2,2,8.579924724472221e-06,2.6260388494847575e-06,0.9999587535858154,3.0002907806192525e-05
e4a5b5c0ba97561611b5c880bab6307a237f3abf3c673834c3e216e47397325b,3,3,5.440110140142451e-09,4.7384506615344435e-05,1.3079207406008209e-07,0.9999524354934692
e4b3ad010f86cdc80611d754caa35dbcf4c1d438f386c8e8a7bfae2073dbfe5e,2,2,8.12940257333139e-08,1.6786141543434496e-07,0.999984860420227,1.486187284172047e-05
e4b81c4dbafffc813893a8d1e5b30d69ce9fd1d8005a385f722b907a5cb944a6,3,3,2.577612292498088e-07,0.4897087812423706,1.4709366951137781e-06,0.5102894902229309
e4c1b6fedf921655230ce7c2747d51e5fdc9ad611975e2b9cb321e42485724ad,3,3,1.5299490030429297e-07,0.0016021945048123598,6.837828436800919e-08,0.9983975291252136
e4eaf9f9f651bc7c7c8d5c90e497e1dc42d962c7bd23e50a7856e13ac5a630c5,2,2,2.7223775234119785e-08,4.4767477902496466e-07,0.9999990463256836,4.6336791115209053e-07
e4ef62f21c50c9ea8e5b6478d6658768bc984cd499162b5694d80b96f4b736eb,3,3,2.379162651777733e-06,4.88745172333438e-07,1.305844854471161e-08,0.9999971389770508
e53e00383140effe4efcd57777d6bca27147bef61da69031df0f5161628698f5,1,1,1.174368868817055e-08,0.9994115829467773,1.87871066259504e-07,0.0005881398101337254
e5512b585baf67ed18cb969e948ce0a7cf9c47f28e799cfa9d433d0c5d7ee06e,0,0,0.9999995231628418,2.5114003321391465e-08,1.2012105088388125e-08,5.043349347033654e-07
e589d33040810c24d454d7afd4fba4b639e32223f9f3f609c16d8c716af8f188,0,0,0.9996030926704407,4.9239428335567936e-05,7.499106686736923e-07,0.0003469763323664665
e58beba3cdf97a9cce910d0e46a3bb8caba7fe26d01cd6c2c146b16d87250587,1,1,1.5169024663919117e-05,0.9983127117156982,4.772854026668938e-06,0.0016674093203619123
e6046f693e82ce3654eca5656e3aa996c98f40d1ac0318405605d1fa70ad986f,0,0,0.9999995231628418,4.179699697459682e-09,1.0302451253219047e-10,4.1858149302242964e-07
e605a1fe51c15cc43b9eb1347db31762af8762d6d69bea282184bda59457f4d2,3,3,3.231671374948064e-09,1.191295453395469e-07,7.173684424266469e-10,0.9999998807907104
e6194d0f0965f10374bb5ecbb06da15f30ce619e3d09ee63fb397950636c2686,2,2,1.6323635065873532e-07,2.2135589006211376e-06,0.9999955892562866,1.999185087697697e-06
e619b607eac39af5a5d6122629ccccec9c061c3fca79c20c21553872b921c5af,0,0,0.984184980392456,0.0018738446524366736,1.0564140211499762e-06,0.013940026052296162
e638cfe4afd56a2373c6dd868c43fad5ba069e24abcaabaeeb40e4f7f50a2c13,3,3,0.00022883598285261542,0.0008990360074676573,1.1729559901141329e-06,0.9988709092140198
e6682e5657bfc734c81e3136743738193e91ecc83fe4fc2a1a2ada36a2048766,0,0,0.9990628361701965,0.0009001371217891574,2.7660373689286644e-06,3.428568015806377e-05
e6d30305542346c7726b0f51568a31092742e622ca927174f4af6dc011dd234c,0,0,0.9999856948852539,5.9106064327352215e-06,2.0872447237252345e-07,8.115722266666126e-06
e6e92577e0f9500644fe915894bf40d2f703c25c058a5ac44fb7c325d304134f,0,0,0.9999935626983643,1.1500970487077211e-07,2.7043100203627546e-07,6.02735690335976e-06
e724ebed4f57ca1d4ed41340f68e5be1057b8438bf5b4d07ece8bb600eba936a,3,3,6.662287887593266e-06,5.662399416905828e-05,8.219663527597731e-07,0.9999358654022217
e73308bc92694409c38face171da6ef12776d6b6ea8ee2388badefea2728cf87,0,0,0.9999387264251709,1.4002114767208695e-05,7.712555429861823e-07,4.660259583033621e-05
e7352d1cb2f762f9b9c734e1134d697195ff967833bbf918954b125d7fb5a5cc,3,3,1.5329578673117794e-07,1.2675708603637759e-05,3.997571695890656e-08,0.9999871253967285
e7418bd4d455259d095fed29a94772bdf318611374f98e70b56eadd59a2691af,0,0,0.9958425164222717,0.000125176360597834,0.00024249160196632147,0.00378984771668911
e74d8dec68d3af933070c4756ace1f536b5696ee16e391478eeae5620adfa4df,0,0,0.9712255597114563,0.00814166758209467,0.0009061190648935735,0.019726647064089775
e768b643abb6da1c293dc7c63b6d07e56141339ee02bb34101f0c6a77af0e67a,0,0,0.9996447563171387,0.00023981418053153902,6.1994537645659875e-06,0.00010929775453405455
e775e82d9e0d33ac2dc682a3c9d1501316d863df385f91efe5fee31848a7231c,2,2,4.135415100636752e-12,2.150016387147957e-09,1.0,1.6421857207404855e-09
e7798babed4bc5495cfb104a0bf4eb659ebbd41648e0f249980dd4b469b2f5f3,1,1,0.0002811521990224719,0.9311538934707642,2.8964692319277674e-05,0.06853602081537247
e7c5a9fe65574608532c580c173f1cab78ccc77fcab9dab38175c7e4bbdda006,0,0,0.9999849796295166,1.0951197509712074e-05,6.022242615699724e-08,3.970560555899283e-06
e7d87c63420bb135f3bb05d77ea1ea1e4428c667ab84025b3df38723e2839cb4,3,3,4.23405666083454e-09,2.2486565285362303e-05,1.6612270448135291e-09,0.9999774694442749
e822feadcd708a986d5b706c354d56abaa1fefd6225d5e0629042c237ce9a4e6,3,3,1.3761516015620145e-07,0.0001108809738070704,1.5885735393794675e-08,0.9998888969421387
e832e6c2ce72520e784ec19cd4d815f3f23a585d366d571ebd136c57226f4865,0,0,1.0,1.0451790127818938e-10,1.7803662710758061e-10,1.7385081152454518e-09
e8441974119c9ba4104c4a63c8b8edd53f2cbbf8790ab8384851c7a120fc60d9,2,2,2.623264627743538e-08,7.66409158359238e-08,0.9999995231628418,3.8778895827817905e-07
e870e9cecacb7ea1afcb99cba204f0c7a89dd1c56eca93904615540aadda5f28,0,0,0.9988279938697815,9.656471956986934e-05,0.0007292063673958182,0.000346292246831581
e8722be91b756172a6d76838aae5e4058fc492c4bbbe326da2d80886052df2e3,0,0,0.9790803790092468,0.0009406133322045207,0.0002164619800169021,0.019762510433793068
e87b01ca55b0ea642bbf168cdf2f7982ff74dc5df1656d4a9841359d33bad3e2,0,0,0.9999994039535522,5.498734356734758e-09,4.339953285636966e-09,6.541764037137909e-07
e881a683a5f2cb4769d8f3835432bfd56c71a5a3d5deed293d05cbc7a85b8004,0,0,0.9999946355819702,4.103213768757996e-07,5.674968406310654e-08,4.983372946298914e-06
e88621dbd610b61e1c5db97252868c5e874a9a8af1f1783db65c87a2cb109640,1,1,5.892653643968515e-05,0.9794344305992126,9.183304428006522e-07,0.020505640655755997
e89bdaeac5e5cdeb3bf34c4dc133bb3bf704c48aebbc96acd7ae54216cd147d6,2,2,6.169680044632031e-11,2.481999494818865e-09,1.0,4.975043932375911e-09
e8b6c15bb5efca493cacaa92b0f406547a88d91dc8b37822083aeffbf3d8e695,0,0,0.999997615814209,5.8017018744749294e-08,1.37448523673811e-06,8.960183777162456e-07
e8c3ae9b3d759a09088ba0862146fed9926dda685f8512849086f874a48ec430,2,2,1.4392940101970453e-06,1.0412338724563597e-07,0.9999856948852539,1.2747322216455359e-05
e8cbc0c4c1ed6677ba3a216fff749de09e5d394bb03cc3ced2866945a0fe64b4,3,3,0.001221451791934669,0.0003810887865256518,9.016827107188874e-07,0.9983965754508972
e8d00379d0acf0a6869016fc292be0948f8d9b88a36fb277f3abb0f023b0b3a4,0,0,0.999997615814209,3.851417673672586e-08,1.2220855438727085e-08,2.3315362795983674e-06
e8dd1a04169948338d3fde26b4bca841c15dab9ed21abbaa0a936652aa90a4b0,3,3,5.071579067816856e-08,0.006172868888825178,1.4481490495654725e-07,0.9938269257545471
e8e327d91811c2148857c54b2736cd8c8480dd916eaebf244b9d821855e0b419,0,0,0.9999736547470093,7.49040509617771e-07,1.5712396361777792e-07,2.5569517674739473e-05
e8fa51ef6bc420c503fcccadbaa292ecb65293f16be2a1e4421584b959ccc2ca,0,0,0.9999527931213379,4.3089531942541726e-09,8.748081370413274e-09,4.720406650449149e-05
e916ce710651269da754ad34a415afd81f7e524536f550d6d1c4e2c0fbe7b324,3,3,2.3379913116627904e-08,0.0011688547674566507,6.800949137186763e-08,0.9988310933113098
e92dfde9756237ec2c6552480ab73e070386f03c66f2ddae803e416d0e8afb98,3,3,1.420197008883406e-06,4.675025775213726e-05,2.392254145888728e-06,0.9999494552612305
e93500dea5bbf7838546d86ae4e96031f5bc625f9449a7483148c04f8e999b03,0,0,0.9999997615814209,2.0671620859502582e-08,2.0480663920352526e-07,8.031237896943821e-09
e93c6fc5ff3490125e3643f7b1a26e0bbc8013700a9557cf91fd48444cd184bb,1,1,0.005806006491184235,0.9807541370391846,2.8665342597378185e-06,0.013436894863843918
e93d2e09349493e15fd97e58140a732ea00ed38049850f1fd52813eb1331857c,3,3,1.3484899308302545e-10,1.6836735312608653e-06,1.9771987866401552e-11,0.9999983310699463
e950e76dfa83ec502b0de58d87d60fb3f9e91f7bb10e89052563dd843c763c30,0,0,0.999998927116394,2.7176911832071937e-09,6.041508265886009e-11,1.1078524266849854e-06
e95e790cfe33e21c27f0bc6872ff13d810f919824ebc9cb2345ff607d68f5b6b,2,2,2.267886287654619e-07,8.65548983597364e-08,0.9999946355819702,4.984794031770434e-06
e95fa785390e1261b0d5372c1fe6bbee004c6197d806f3f4f897c9d8d60a6aa3,0,0,0.9993107318878174,0.0004640036204364151,0.00012979262100998312,9.547153604216874e-05
e960cb7dcc4312e05e372c2052f8550c04b838a71ff01592f67874c3c7173c62,2,2,6.8603953877754975e-06,6.931218763384095e-07,0.999990701675415,1.820601482904749e-06
e983363c99774379769b40272219cc728060c8649ede6d2db5fe8e12ebe37f66,2,2,1.2271529215013288e-07,1.421898377884645e-05,0.999984622001648,1.1059069038310554e-06
e9a6a9db978a87c91a8dfeb98571d259d982d1f20932257b83221ea19e7052ce,2,2,4.594167180016484e-08,3.4235114299008274e-08,0.9999998807907104,1.620536416169216e-08
e9aa02b66d4d6fea9bf9bdf602e45091ccb6da4ba4fa448f1acd3696062d4a2f,3,3,4.900979888589063e-08,1.1549791452125646e-05,5.435119909691366e-09,0.9999884366989136
e9ada7fca014c8744d4ed7471aeb272c0500f8c3544144768593cd37b5e690a5,2,2,1.3867673942513647e-07,1.3956049770058598e-05,0.9999812841415405,4.595558948494727e-06
e9d353b99080d27533b4adf42f4e325cd131770d97ceb95b57c56e04b1c4d755,1,1,1.4556208327576314e-07,0.9930511713027954,1.7453070100259538e-08,0.006948758382350206
e9fb34c4278100ba9603917a36d5ddd2814be3d10c839d8c52dd605deef125b6,3,3,1.688804104560404e-06,0.00040275263017974794,5.6706586093469014e-08,0.9995954632759094
ea72e988e679d402ef4434999923e39cbc78b3d8d3a86c1a287855dc48f9d83d,1,1,4.186419118923368e-06,0.9902717471122742,2.432399810459174e-07,0.0097238440066576
ea8115f989413cdcadb00fc0b1ea085f463d61191e9f1a62f487953f33bef83c,3,3,2.465193119860487e-06,0.10063621401786804,2.6993429713684236e-08,0.8993613123893738
eaa5b0b5ca75b99875528dcf46928da1b86ed23481ed8a8310a33d457cccfd32,2,2,2.7246616421394698e-11,1.2568592833162029e-09,1.0,2.40556186081875e-10
eadd54b5afd43cb412a9ac0136901cef04badbd54866b2c2831391b101ee7aa4,0,0,0.9996036887168884,0.00035815805313177407,2.294411569891963e-05,1.5136844012886286e-05
eafcae38d90bf170631f9e74618a2ad2e275fb55cc929be7950620ee9428f160,2,2,2.8026087006693956e-10,8.67605987053821e-09,1.0,9.360681119119363e-09
eb08987f40eba74ce61e5e0751dda5f0758fbe1d3da9b50d274b3b58afaacfcc,0,0,0.9994340538978577,2.1378837118390948e-06,1.1856788262321061e-07,0.0005636867135763168
eb0d2c335c419f71cd171133ce26d92c35f5aedc4d05761a9e0c48c13c8ee0d4,3,3,1.487620647822041e-05,0.19492894411087036,2.6858770070248283e-06,0.8050535321235657
eb203beaf51204f86e1ed21a305bba5266c5abf51dd9b9248cc2c5751ea2a6ae,2,2,3.935787162845372e-07,2.6233528842567466e-05,0.9996292591094971,0.00034412628156132996
eb3a3235114e8f6847a85d013dc550eca8a37f01c617af0a2e6d5c1c759324e3,2,2,1.96770637977961e-11,7.1843664350979e-10,1.0,3.6786109713915494e-09
eb52c9f53eacbdad0aa676c125bb710f6018c4f00826cadc4c40a3a6c2789b31,3,3,0.0036262148059904575,0.0005347172846086323,3.6857170471193967e-06,0.9958354234695435
eb661287a5cd67d5ea86b5e8dfab87ede597b36e17284c2c6c5a9aa1794852df,0,0,1.0,1.0212951595534037e-09,2.023209155765926e-08,1.8481005170656317e-08
eb6dfe52c1d22410f3fbaadbaad38ba1cb4bd7f577f21cc01feafaefbafc6bf7,2,2,9.07961293705739e-06,1.6378668306060717e-06,0.9999456405639648,4.366701250546612e-05
eb89287c8c5c64673e2d954eab38ed7e8301a0b52b8570d05398932e80d31c0c,1,1,8.32820023788372e-06,0.6481424570083618,2.4560717065469362e-05,0.35182464122772217
eb9f9b622ddfb346910a2ffa6050b8968921374c6b499f3e8568448feb20b584,2,2,4.4324234949044694e-08,2.1671478123153065e-07,0.999963641166687,3.6090397770749405e-05
ebc8bbd8a7904237c810495cb1fb4c102c4d7dd51289c3e5586bc56ca63ba3d1,3,3,2.092048312363204e-08,0.00010481598292244598,4.638765815911938e-08,0.9998950958251953
ebf323abee772952dcc23d0f7818c4fbc11aea6c6e4c6c90bd26c9189ddc9b71,0,0,0.9999932050704956,5.724315599309193e-08,2.9098234932689593e-09,6.764243153156713e-06
ec0fe4e9196217b540674b316de97deffe71ea6f0bf04c88acb98a1c0a344209,3,3,8.700233706804283e-07,0.0008251392282545567,2.91428159471252e-06,0.9991711378097534
ec1e77a4ed293c4b1110f942cc4811514098695c5a717f228f250908272dfbf1,3,3,3.802710324407599e-08,3.631815843618824e-06,1.7841389876593894e-07,0.9999961853027344
ec50a01f9dc9fbf5bf373dfb427821e2dfe01c11e4f116daa2a3fcf025039d82,2,2,2.4155133360181935e-06,5.3258037951309234e-05,0.9998672008514404,7.706129690632224e-05
ec59a90a3f6fffb9cd82e638fbde0c4bc6e2f63127810e8e0c517424ed392866,3,3,0.00011401990195736289,0.0039023468270897865,8.297367457998917e-06,0.9959753155708313
ec6da1166f387a4e2c22839534da86dbfbc2e6215b5b0465782d61ec40965153,1,1,5.6053086154861376e-06,0.9954114556312561,8.82537563029473e-07,0.0045821028761565685
ec72f8a0261686acbd681db89f2627336309c59f346e31ba0bd73834fe5022c7,3,3,0.002887497190386057,0.00029835119494237006,2.2794042706664186e-06,0.9968119263648987
ec94a0f57c74b3a87983d8c422d33109a017565c37d2f7132c852cdb482ab66b,1,1,3.3355352258013227e-08,0.9999920129776001,1.5273377229618745e-08,8.006838470464572e-06
ecc91aafe761c41d2b8477c83b2d9ef545af78e89f276e44063bf41d0a387451,0,0,0.9999938011169434,3.070410230066045e-06,2.083207846226287e-06,1.0718691783040413e-06
ecd63947aeb73eab7a9a4f5ac7f7659a867f5ada56a929100e734ac6c5bea7c7,3,3,4.370154420030303e-05,0.10603687167167664,0.00011436398926889524,0.8938050270080566
ecd872e970f5da28292e03ded7e247fe194e591a18251dc6e41399616d77370d,2,2,4.647761997489397e-08,3.42253628105027e-07,0.9999996423721313,2.9975314674857145e-08
ecdb5d1daf0ab6c69cb5a7c364afe7d667522c96bfc9876996b6a61360c38c66,0,0,0.9999793767929077,4.117558546568034e-06,3.954309875098261e-07,1.6081079593277536e-05
ed3394d5397142cce190d5345abd117fe6059ac2bcb745b4a1fe58a2d431ff73,1,1,1.2043133210681845e-06,0.8732730150222778,9.235525908479758e-07,0.12672483921051025
ed4acf31382037e449620e8f89241fca4b76abe4176e88101dce6290749e4f20,1,1,3.249951134876028e-07,0.9939788579940796,9.834600689373474e-08,0.006020630244165659
ed59f2885ea185887f33e46c2193738b4c8ceff6620e5e0f829bd1cb1c8330b1,0,0,0.9999822378158569,5.738934760302072e-06,9.992885679821484e-06,2.0236402633599937e-06
ed64566e0d25bed48c667e2cd48286ddde04758ccd3d9442214eba7ee219d13a,2,2,6.547720659000333e-07,2.5722852114995476e-07,0.9999988079071045,2.2290120682555425e-07
ed6cda7fad6902260b53f91ee7010684e9d4da26d5f0e7fc6fafc54c95829dcb,0,0,0.9999561309814453,2.157561175408773e-05,1.4668713674836908e-06,2.0851677618338726e-05
ed6ce0c3841c13184c87ab42a7ea7a836c7816992b254359c512218df1527a8c,2,2,3.7280671882911065e-09,4.2183225446024153e-07,0.9999994039535522,1.737478072527665e-07
ed800aed9f6a13deabde0f9e2fe67475f0d6e9b3e9a6d48d770f47e85c41c51a,2,2,1.962858732440509e-06,6.696971831843257e-05,0.9997891783714294,0.00014193168317433447
ede25004542a54d3ae60fe92eb6526117761cdb830bd6005bc1d8738b3f11ceb,1,1,1.5369293393519e-08,0.9999371767044067,2.406431853785307e-08,6.283608672674745e-05
edec0e778d8703b0d9e58e9b26c02ed4521859b5c46b02ec9496e8baeadcd6fc,0,0,0.9955644607543945,0.0030552996322512627,0.0002825478441081941,0.0010976988123729825
ee1653654928bef27fa940febcdced8ec2097b84fa2e58b037ae5134d3079568,2,2,1.0541000960984093e-08,5.45083622682796e-08,0.9999990463256836,8.756449574320868e-07
ee1903e03d173283daddc12c83015578880f23b610e3f24884b75c926500afab,3,3,2.6017665799571432e-09,0.00023323434288613498,2.3433837981201577e-08,0.9997667670249939
ee2635101ea89688e563dfa17e15b8c72eb0adf741e847df93743a194f3a3e6f,2,2,3.455759844950279e-10,3.227729195032225e-09,1.0,2.592484893426672e-09
ee2e2b01005b2b8d702dc9f0eb5f2760b24d5620c2d66494f416a4b2a8f5b78d,1,1,1.2638141644316647e-09,0.9996570348739624,4.835705169625726e-08,0.0003429146599955857
ee47dfe3a7e44032be1920f97a27de13060f52d517b2a4b570a1c9b8dbd6ebfb,3,3,8.078319297055714e-06,0.01450582966208458,2.7220161769037077e-07,0.9854857921600342
ee561cd3f97656ee775fc215163b96cb9bf31b51e857a280d1410f08d9a1e0db,1,1,5.25216228197678e-06,0.9781616926193237,1.2591546692419797e-05,0.02182042971253395
ee5772832529b913c9e42e4784ca152ce43537650524604e7e39ef5d085ece3a,0,0,0.9996013045310974,3.8306843634927645e-05,4.031934804515913e-05,0.00032019527861848474
ee9b03c92656dd6cd3edd9917684ae096a26e946ea5c85d152010556c0f95c5d,2,2,1.7202590925080585e-06,2.312953984073829e-05,0.9999517202377319,2.342636616958771e-05
eea5c1d3fa197994f41e7323b3d8bbfad81a6d916256134c4bfe5cdb091875a8,2,2,1.36153869334521e-06,3.23692147503607e-05,0.999907374382019,5.8828285546042025e-05
eec2402f9fc2eb67c3a8297b27be3fb8f5bbd861323636688054a86e8df6ec89,3,3,0.0438203290104866,0.01543201133608818,0.001453591394238174,0.9392940402030945
eeea795f3e69c301f25068e5957c7791bc8c7b5c59e5a8889a05dd8bf37f0019,0,0,0.9999998807907104,3.3319400016829093e-10,3.627659284077822e-11,1.3653281882852752e-07
eef5a57824278ec80ddf58e5daa1eb7bc3064d6750854292b4886621791ec148,3,3,2.6858617552250053e-09,3.593100075249822e-07,1.0761171953532767e-09,0.9999996423721313
eef8c995d86aa783cee4700be95e98603ccfe16c741f9ab91503ae51b894492a,0,0,0.9999943971633911,9.095543163084585e-08,1.5883019344187232e-08,5.495286131917965e-06
ef09e455e53977c1b976cc47c9492a434bd5c0e042a2bc18d8f0ff740a3d04cb,2,2,2.6118207188119413e-06,0.00012814000365324318,0.9998455047607422,2.375443364144303e-05
ef14748f6eb8ba08232d4c02fb600acad72c505ae704f63e3d45d1ae5053ae20,2,2,6.701219490423682e-07,3.043407332370407e-06,0.9999951124191284,1.1598428955039708e-06
ef28fa5c1c8851969da33f6287dc8fa36e584dde1d8e31dbca55300ec305dd29,2,2,4.063228516315576e-06,1.5236780200211797e-05,0.9998774528503418,0.00010318381828255951
ef5f76888a0e7b72684ba6a4ff0de4be13e7fc33b62092e2aa4aa23add241e84,3,3,7.65517285117312e-08,0.0004683351726271212,1.3958008082681772e-07,0.9995315074920654
ef6c7e6b0a2f281fee1e81a505824ad01bda750d126a43b6365aec5b788f003f,0,0,0.9999959468841553,9.336776543023007e-07,1.531536497623165e-07,2.9921741315774852e-06
ef8f0332f4436fe075645a3aa62887412ce9e4ef896e6b1d2563e2c4adbe5e38,3,3,1.2202891639390145e-06,0.002883587498217821,6.046114435775962e-07,0.9971145391464233
efa0aec611e61756e1c78bde4741e6ea18570a54614a0940b9a82ee35b4484e8,2,2,1.923235702638859e-11,3.818953597800601e-09,1.0,2.267130705391196e-09
efd23596efce72ec7684ef9a7ebeb115a785f5ec1cc0206a84c079d6fb1e905f,2,2,8.801862350082956e-09,2.1692325447020266e-07,0.9999991655349731,6.492414286185522e-07
efe9c20a0195b05495bdd85fb26ccf75f2b5352144f90933fcb5796bad2edda5,3,3,0.0009110250975936651,0.0074875373393297195,0.00017033999029081315,0.9914311766624451
effd468f2e2a033f664e2e584fca85e5eb07164530a24e4c3b997a7b7e87267b,2,2,2.253385533723673e-10,2.677332489042783e-08,0.9999998807907104,6.672131291907135e-08
f00d6f64077cb8e923c9ae35e64ebb6fb516341c9a65e66660a2226c4630a5f6,0,0,0.9999998807907104,9.098017450526186e-09,2.798165699147148e-09,1.3993638958709198e-07
f032c2abfdd969538a279ab590a0acf574e7e681c4d48cbe226047b93e861fa7,2,2,1.314130471108399e-09,1.6288566939692828e-08,0.9999997615814209,2.5582377816135704e-07
f0356c3247495f176f6f6e1cc13420921ee7a7c1456b53c229625a39ee8012af,2,2,4.5184875285819714e-10,1.5378066109406063e-07,0.9999998807907104,2.492617845462064e-08
f03fef829c8e3ed3afe83d047c0709da06af18fde7f962200b77cdd2004c7d3c,1,1,1.5358434666268295e-06,0.9453228712081909,0.000286535476334393,0.05438901484012604
f055dfa3d3acff566af6f472f04a9430d271b8c1dc4d86e58309ca78156b4eba,3,3,7.660434562239971e-07,4.732157685793936e-05,2.450861913416702e-08,0.9999518394470215
f060b9352b2879052e213fd6655210edafeb4a0f355d2d9e79706112b7cc887c,3,3,1.6991861002679798e-06,9.541860890749376e-06,4.4147736133481885e-08,0.9999886751174927
f06317144ac6152473fb5b7e7c14ed4bd96b676ff2d1098a9c22bbe382f36153,3,3,1.3136838106220239e-06,1.3177535947761498e-05,1.9740474499485572e-07,0.9999853372573853
f0ac67ae7ebb169773ec94ae7f43319a5c97e707170523eb77bbafec1bf9b1de,3,3,8.224741776530209e-08,1.8277177105119335e-06,1.0363883262698437e-07,0.9999979734420776
f0b6dc614ef754bf4396bb2bbce8984c7ee5243d238a248764b5a4e14b196376,0,0,0.9813467264175415,4.4819805111728783e-07,1.1621043682907839e-07,0.018652616068720818
f0cab60afbb60e8c4fd5bbc439b084ef0311eb34a571b485bc673398733f7ab5,0,0,0.9999980926513672,1.4546678812621394e-06,6.084275838702524e-08,3.5073912840744015e-07
f0f5d20832cdd612b3ce12a45002b969caf441305f32b7629cac58c7d93ea253,2,2,7.73823048803024e-05,0.0002144731261068955,0.9995858073234558,0.00012243303353898227
f10f0c664480e418dc4cc74902f5bac4be61d611c512c70fd5abe2c8a0f4619c,0,0,0.9986248016357422,0.001064242678694427,3.648651545518078e-05,0.0002745137899182737
f118476a434dfcb48ac96ae7af3fb2819e59a0e5c6e300063bbe28a04dd5c146,2,2,0.0003957234730478376,0.0007592237088829279,0.9968665242195129,0.0019784881733357906
f1570325fa8b60e9984917ec0380d227664b01ab884ba7cecd3ccae8839e1c5b,0,0,0.9861479997634888,0.00031020562164485455,0.010802184231579304,0.002739544026553631
f15ae68de2b06bc672c7fa2f11981d26e79580af4eb7ae9e2ac5191aed6ee394,2,2,1.6401737639171188e-06,9.502402463112958e-06,0.9999703168869019,1.8599814211484045e-05
f16c8decd2b631e949cbad9e58aa4804ec411aa2af8431ed7752e0278bed10a3,0,0,0.9998577833175659,4.0685417701524784e-08,5.558001614502928e-09,0.00014217755233403295
f173ed5a0324cbed3f216352a6ae26ca32504e95520933654299579e59677aff,0,0,0.9999977350234985,3.6669199232619576e-08,6.389588302901927e-10,2.2832982722320594e-06
f1764c205dd0f41b8d78db8bee4950449114836d5c9459f0922cb1f145c71df7,2,2,3.451337136084476e-07,2.2210722363524837e-06,0.9999842643737793,1.3165412383386865e-05
f191785f8c0b33048953f92db33d1b7a25549bf1bf7f88050321ccb686accc81,2,2,0.0015337314689531922,0.0003174562007188797,0.9970996379852295,0.001049234764650464
f1bcf6ca282faae7d7f786c2fd6d2e3bd56604b6a92d34e020cc3564cde6c7e4,2,2,1.711999146891685e-07,1.3969433894089889e-06,0.9999942779541016,4.191851076029707e-06
f1c066628d88248c43bc9a8bd2a73fadc5f1e736ad476bf94cfd626345964572,3,3,3.43689025612548e-05,0.00024174682039301842,1.2727091416309122e-06,0.9997225403785706
f1d5ba422789cfb826c858cf6ac03064d3bd067a8c109d9535c348cf9b96b961,2,2,5.580955257755704e-05,0.0037759430706501007,0.9881934523582458,0.007974834181368351
f1dc27b6946e844dd57b3826c5ddb635be9a47d9f23a075e127549fd3d651050,1,1,9.615101589588448e-06,0.8646819591522217,9.931657587003428e-06,0.13529863953590393
f1dfe0e0217e15623afc526d8ff432ee7163b2d0eef256743ebd021e8a83442f,3,1,0.0002172290114685893,0.5599873065948486,0.00012578055611811578,0.439669668674469
f1ea90fc761d724c67fbe8ea7f9ca01f57d6457dcf7d6a2fe4203a76055886d5,3,3,4.850621166951896e-07,0.0006140382611192763,2.2747003924905584e-07,0.9993852376937866
f208d509f61400dc28e7c18e609ea871a0b59dccce8bfc2596688da8c216209d,2,2,5.063359935775225e-07,1.03437537291029e-06,0.9999949932098389,3.4837835301004816e-06
f21b32e13fe43e863406ac84a1823e53fe0aee4bc59fb5a08251f1476e30c893,0,0,1.0,3.9117573180647014e-08,5.239721101446548e-09,3.7360081250881194e-08
f21fd2202a033b90c07b131b6ba47a5d688aea638b5c8773ef0070904fef7550,0,0,0.9999991655349731,4.550333088104708e-08,4.236843267335644e-07,3.108183079802984e-07
f24e0ada58aa7484617e5d0e1c1db8cb497535e5292cecde0f4ebf85e37f57c5,3,3,7.974120495857218e-12,1.4039480447536334e-05,6.9215611020467804e-09,0.999985933303833
f250a0834aea5efa9b79168290d374fbbe55c98bd3ca880882835a2034752392,3,3,5.379499512514485e-08,1.5737410649308003e-05,5.877850650648497e-09,0.9999841451644897
f2598015f3d94a345b3904a8e4733d95d3dea4abea3afa91e56eed5a75058888,2,2,1.9630727599029285e-11,1.1690706713807231e-07,0.9999998807907104,1.1109342779036524e-08
f27225d61758beb29beca3d98fba9e779840330d4dadedcb6bf4649104cff566,2,2,7.963991272008641e-11,4.983411017178696e-09,1.0,2.1702181385307995e-08
f2ac48b550c9ee22715eb941e99cf9b97f3f4f76c29ce1c529248fa4abf3062d,3,3,0.004743029363453388,0.01235930435359478,2.3465527192456648e-05,0.9828741550445557
f2b372b3512dfada43fce5d11987dbe198a5e42408dc11800995af8032b646bd,0,0,0.9999997615814209,1.261820301579064e-07,4.1993880595114774e-10,9.632363173750491e-08
f2c1a3d544491c14bbc11c545e5f72c58280742317f96f159636e8f99732b01a,0,0,0.9999779462814331,9.891168701869901e-07,1.0329802535125054e-05,1.0688506336009596e-05
f2dc89fa6a0bf1f6867dbb0d5afd180117f04c407481a9bf2f40bd7d864a062b,2,2,7.019493319937453e-10,1.1856483794758788e-08,1.0,2.0034929271162127e-09
f2f71c8bc1095eddf2103e42c7181ba6fcdb1be2abd22ac4dfc8a35a192c4a61,0,0,0.9999990463256836,2.4252557295767474e-07,6.731241342095018e-07,3.979315721380772e-08
f2ff16578acb3c2a1bc85f474b72749fe3a89f8cf08a51d85335c86eb4494434,3,3,2.177303031203337e-05,0.0006281510577537119,3.1941590350470506e-07,0.9993497729301453
f3144c51e06d9a4a6a305fe0374666e5ae0dc95fe5e2fd4b1b9c711ee46a2986,3,3,6.756481980119133e-06,9.754162601893768e-05,2.711452907533385e-05,0.9998685121536255
f31610baa574b8e555bd794e2fbebff5a62c35e670d5c8d22d695bb7a018cb42,0,0,0.9999980926513672,8.110348836964931e-09,4.6262318975642813e-10,1.9420772332523484e-06
f35a41bd984bfd62aeef8b1a8e9cd474c7802c168b96ba9ec4da92106ea6065c,0,0,1.0,5.318132600962144e-10,6.799893981224159e-10,3.983663532380888e-08
f3774c992ab1f4c89652b6a50df99211b64d869ab796f08fc9e5653bf0f1b460,2,2,1.8232846343835263e-07,6.241323831090995e-07,0.9999809265136719,1.8276246919413097e-05
f3c433f508bcab7a325a02a06c981bc723844b188dbf7f1dcde3ce97e43894c5,0,0,1.0,8.673676887838155e-09,6.454731749094833e-10,4.3004554584058496e-08
f3cf85ffeb1213319e91f203a6fb3216b7855429de1e1e33b2419a67b090475c,0,0,0.999883770942688,1.6146307757480827e-07,1.1336753232171759e-05,0.00010475023009348661
f40022003aa125451a546443be7030cdcb53eef942ccd11bb40b593e9e5d75ac,2,2,3.534886218403699e-06,1.0800185918924399e-05,0.9999792575836182,6.464171747211367e-06
f4064874b9525c9a914f53508e7cb0838bd2ab6d2c2c4144d18979e267e59791,1,1,7.370404091489036e-06,0.961155116558075,0.00011043230188079178,0.03872717171907425
f416a63a8f9087f780e9ce717a21bf5d0378a9cc5344c55c5b5ca3de4fb83ee1,2,2,4.443210400495445e-06,1.997455910895951e-05,0.9998869895935059,8.859689114615321e-05
f43ca9f08b1d00c63e75b90e47961ca2208763744d9fee9ce25ba1e7c7559be8,3,3,6.151233264972689e-07,1.0798474249895662e-05,4.6254690744262916e-08,0.9999885559082031
f451f2e98a154144f723c9382aeb99500f5edc175362867c9eadfc1a594ac635,0,0,0.9863836765289307,0.004346728324890137,0.0014724506763741374,0.007797197438776493
f472c0bf17850ea235467b116ff79dae070d9c8259d8819cc6e4c97aaf3aaaf6,0,0,0.9999489784240723,3.383517105248757e-05,1.2721854680819433e-08,1.716561382636428e-05
f4869bc312bf7e7fb37239d58cbededc3d098c0ba5b389232392f0c1031234d0,3,3,1.2470319177282363e-07,8.322494977619499e-06,1.1177155556651996e-06,0.9999904632568359
f499d8c268bca4d5e8f2b89e70651d88034555261703633488b26684d43ca2e7,0,0,0.9999005794525146,4.816524324269267e-06,6.698068659716228e-07,9.398482507094741e-05
f4ac7331da7eb660d4b672e1e7d05d08e06db75a156f13e6a8f7fc0b56b1ef18,2,2,1.551822137457748e-08,3.7647528188244905e-06,0.9999959468841553,2.228300104434311e-07
f4ca23c9dd585082a080223d7ae5ee518253bf83bb56446817cfa730b555e871,0,0,0.999990701675415,7.606344070154591e-07,2.7433386673436644e-09,8.573261766287033e-06
f4ce26b2d621712a8110852cd48fff6f2e02ab92ae0a47ac8acc43fb30f6648f,0,0,0.9999946355819702,1.0879792178286607e-08,3.6102907330359812e-09,5.351581876311684e-06
f4e2304254ce35166e580c30fa45326613dcc37fdc1a53a3ae05f45d1602474a,2,2,6.204616624927439e-07,1.9004297655556002e-06,0.9999912977218628,6.164395927044097e-06
f5256e8babb2d4f392c19a40c9ffb166d5827504ffd65595134586e3f316cd71,2,2,3.5970895706505246e-10,2.3601711518494994e-07,0.9999997615814209,7.914178645762604e-09
f539fb447b146652a9ae20a09470dc7b10fdebc00e374721c1528ef8f9fa8941,3,3,1.3397513098922786e-09,0.00021306623239070177,1.49641896096675e-11,0.999786913394928
f5457ad73f5683965f5e51c1248811cbf53c2eb9e858f57996e0a16ccaa182a9,0,0,1.0,1.1737537608524917e-09,4.3127229565342873e-10,3.439420970252627e-09
f5478eecb8e9f97139e8cef68bd9a5d25f3eab52652efb977a3d4d66839f66e0,1,1,6.838099125161534e-06,0.980751633644104,8.167653504642658e-07,0.0192407239228487
f54be74fe57b0979df4e6339c29a4c086f3930d63ef56517b248ffffa5c0b544,3,3,2.6515543094518534e-09,4.304166395741049e-06,7.268384227820945e-10,0.9999957084655762
f568dd95bfd330ae35b4c75b6655860b011b5bdede8a92da02787c454b8a4c9a,0,0,0.9999998807907104,5.541240355455557e-09,8.720875399603756e-08,5.589179252751819e-08
f57563e16cfac0937fd311c55be4c88c3d592e7ab3a8a7d691647efc7f3dbfea,2,2,0.00010039452172350138,1.9389464796404354e-05,0.9996013045310974,0.00027899869019165635
f57a750408ddfcf0a70fa4f0616374a36b4a8f2b1efa837e54df0d3eed6f27ce,2,2,1.7232406473999262e-11,7.740634089259402e-08,0.9999998807907104,4.604676817621112e-08
f57e6dda113c15118bda6fe58c328f46d47aab52abc8fe6b75ac27764887e17a,0,0,1.0,2.105080110226254e-09,6.102601091129145e-09,1.2023479989409225e-08
f5a892f8c2f51ecc7e1c3a9c008c951d4ebf7a60b8d391fb73049e98480dea47,0,0,0.9999985694885254,3.688684557801025e-07,2.86016881290152e-08,1.1060984661526163e-06
f5b136ae9a15177c72b8bb5f71069d949a6b8a413727037dd42e772e29bc2364,2,2,6.755989101492332e-09,3.2565904461989703e-07,0.9999992847442627,3.3375212638020457e-07
f60038e150eb2418ab8badc78b622d47328b3afbdb6d40a3425b099dc8f3bab1,0,0,0.9986940026283264,5.221525498200208e-06,2.725809906678478e-07,0.0013005334185436368
f6199d7d0eeff6c70c7a7250a79228b896c156883888023e0688619317f8889b,3,3,5.2157029806210176e-09,1.1070930668211076e-05,1.631944024360621e-10,0.9999889135360718
f61b78d763601eb88940c1959f3ddafc7b6d8170d88203cbe73c27d85454b226,2,2,7.443878402568771e-09,2.541615451434609e-08,0.9999998807907104,1.4350551680308854e-07
f61e07e128b4b992e260d16198ef07589a88f56bf5a3cc385dee131f0e8fa08d,3,3,6.28323391538288e-07,0.0015315342461690307,1.4856218513159547e-06,0.9984663724899292
f6400fa51b4288f14c8eed99991c7824b0605e1823a6069d389d51e2848f7ad1,3,3,0.0025258599780499935,0.002897480269894004,0.00013177533401176333,0.9944449067115784
f64a6f718070b660e068c1b644db3c7cfcd208468c5499b27de9dbc62e647724,0,0,0.9999926090240479,3.3495791740278946e-06,5.981888762107701e-08,3.960516096412903e-06
f65a4dbd0051c71592cf44747aa902370c3d14945f32d241ba8161ad055d093b,2,2,4.615189064249847e-10,3.7379095374490134e-09,1.0,1.66778963972547e-08
f66a37380c290aa4bda11252e4d65b8fdde270a185226e121c9f3d3b1beda284,0,0,0.901762068271637,0.0007313957321457565,1.2812490695068846e-06,0.09750525653362274
f66c843b5a8c79cebe420e3b827433b549e745f8be66aafd941e2c1bfa1f9986,0,0,0.9999997615814209,4.2636845165588966e-08,1.3390918596201118e-08,2.1628197544032446e-07
f67ebb4a252a9373e8c298e5eda94a9a53a42f7c2240cdc4e6e28e494c3aeb74,3,3,3.2921877846092684e-07,0.00027814405621029437,7.493141396253122e-08,0.9997214674949646
f68ecfb79fbb52605be8f5c4b2aff4eec96768cee6a07aa9b32c6621d9092181,3,3,6.150525678094709e-06,1.668497361606569e-06,2.281859087815974e-05,0.9999693632125854
f690b4e15d07019278bf09b109b522da176984a45a4ab1f62ec259e9192be68c,0,0,0.9997617602348328,8.640387022751383e-06,0.0001812711707316339,4.837681262870319e-05
f6966fa226ad512dbc9886ab56d2c1126b5839fcb327c4da7d66a75610050c34,0,0,0.9991099238395691,0.00017794384621083736,6.829384915363335e-07,0.0007113780593499541
f69b85eee0ce364c45092b471e07895e69eaf1390bf36c5721779b7a776cf1db,1,1,1.4391857803275343e-06,0.9762018322944641,1.3648409549205098e-06,0.023795388638973236
f6cbd1bddce82e16e7b1ee040c50d523ff024dffcdd6061bc26857a5abf043d4,2,2,1.1729770221791114e-07,2.747828204974212e-07,0.9999921321868896,7.503374035877641e-06
f6d04bbde2735a70f11e4c0cfd1999c43e278cf9f7aa7db75494dd6b1fd33ecf,0,0,0.9999960660934448,2.7945407055085525e-06,2.6451603130084322e-09,1.2046203892168705e-06
f6e0414e3ede091d4970ec654e59c1f77315e2db8ee8825eea75688ed7b23e1d,0,0,0.9999912977218628,3.679719497995393e-07,4.6058498810452875e-06,3.749017650989117e-06
f7001ea9631748d5ee45ddbd2d7ba4378d3a74ee793df65c4b16d5dc9ca598b7,2,2,3.5226619274908444e-06,7.061771043481713e-07,0.9999932050704956,2.6539830741967307e-06
f719f686689a403add436bd81e686fd8e08a69e33c4eab2f5a7b00cd55d2275f,0,0,0.9999995231628418,3.886038157929761e-09,5.828725835321791e-10,4.925035455016769e-07
f729285622340128e72c75502ad2d19a241f8212f6f7ca8f8292a1b830088aee,3,3,4.112805029876654e-08,6.565578587469645e-06,4.447169743571067e-09,0.9999934434890747
f75f71a51ba4617da1d06a021a2c8a47243e876eb80f1a2582d362e4f125e54c,0,0,0.9566628336906433,0.01043599285185337,0.03137517720460892,0.0015260428190231323
f769abb4d70e5a0eddc1b97ee47ba40e5d000291311667e5ec45d295d074a331,2,2,6.264635885600001e-06,7.502410994675301e-07,0.9999892711639404,3.6745450415764935e-06
f771c961db8c302ecf005d9e78bf6f1db07d70d1ad4e28598d42300f6ae9790b,2,2,1.832925846656508e-07,8.566411935362339e-08,0.9999991655349731,6.256479423427663e-07
f7a0bbd580ac2d1f5a844985ee4d822cd66121cc40ba1591546f73158cec31d1,1,1,1.8183003476224258e-06,0.980541467666626,2.8437837045203196e-06,0.019453836604952812
f7c99961c639c6d092895a1a1cb9f18e56600b8fe54f339fd862b5a98b4cb450,2,2,2.886682295866194e-06,5.199176030146191e-06,0.99998939037323,2.5181980163324624e-06
f7e5d3e0ed7606af567d4f88dc2d946b8516a3af41d75a7b495064de02b7a47c,1,1,1.2962259710036506e-08,0.9996229410171509,6.7186545216202376e-09,0.0003769834293052554
f82c1c0f9cb9b3c263ed770c0a8c3083729c72a625e479f26f037b278953732c,0,0,0.9999997615814209,2.7612412623057025e-07,1.3002810383966334e-08,8.715582033858027e-09
f831507dcc1f6f4e136cf5571b0531353191417d7ae1feba8ccd6fa0313b5857,0,0,0.9996768236160278,1.1525761692610104e-05,8.497166709275916e-05,0.00022669161262456328
f840275e9a8c5ff1c4f54971eda90ace3d6f7008dba53ebb5f2b4bb47f546b47,1,1,4.047913535032421e-06,0.9675171971321106,3.83168753614882e-06,0.032474957406520844
f84c1f453240161e6ceb827fcf04107c6f5559aae72de4909a1a97ecf769212c,3,3,0.0008649585070088506,0.019709039479494095,7.532285053457599e-07,0.9794252514839172
f84eb246f3c0754d06c34d1f3b5c47d6d118e3a0f4a35ebf0dcdd30263f5767d,2,2,1.5803697905880654e-08,1.839840564343831e-07,0.9999374151229858,6.231875158846378e-05
f859c51d78ce647ffdefccc825ba0cb3e4b4346371dfbd0a1d4912d788027eea,0,0,0.9999990463256836,4.584482127256706e-08,1.2983816688461047e-08,9.467717632105632e-07
f85b47cbfe4875c72d9b40a7928ecaacd100d83125fc36169face7b340372cfe,3,3,0.0040937745943665504,0.03350333496928215,7.029772677924484e-05,0.9623326063156128
f86adda7449fb6e34e81e68bfbc7fa04f677a55c48832fc7f88343a51f40780c,1,1,3.782210100666816e-08,0.9995822310447693,5.277005357129383e-07,0.0004173157794866711
f87cb068f5212c0e3e3ff21a92ec5872560a195852eb63aa04c4cfe7bcd610db,1,1,2.027764764989115e-07,0.9998987913131714,6.367636615323136e-06,9.465504990657791e-05
f88061215c09af570120552ef83e39fb0fdecf92a962aa30516e3b346a7c230a,3,3,1.5926676724120625e-06,1.8519183868193068e-05,4.836312541556254e-07,0.9999793767929077
f893a4ec3e77230eaa12b9332353fefdf69e779642314422307f4ef830269146,2,2,2.0413874324276549e-07,1.8649803905645967e-06,0.9999911785125732,6.73575050313957e-06
f89bb71e35b05e014a17e982ca818154f2524758ea06bc8dc20eb809bf85be4a,3,3,4.8064295697258785e-05,0.4820599853992462,1.460852763557341e-05,0.5178773403167725
f8a175ab5d36abd53f6dd053f61edf50d9c89ec364987fb61f429a3f2dd3b22a,3,3,5.508591698344389e-07,0.00021842200658284128,9.375604292927164e-09,0.99978107213974
f8b1b8853d13db1f4443e6f76471281d45b1bfb7e4c06cbe5fa270858afa849e,2,2,1.7538975498609943e-06,1.9969076674897224e-05,0.9999662637710571,1.2029630852339324e-05
f8ce8a1f5fc8d3740c2c222a34f3ee9b913c826430908b8297718c53f7299b6c,3,3,7.685408490942791e-05,0.04300794005393982,7.099582580849528e-05,0.9568442106246948
f8e509ea9f2a041fe579d4ed10d0f789fba9fdf0a64a9a9bcaf0228db21429ad,2,2,7.82539544275096e-08,3.837839415155031e-07,0.9999939203262329,5.555518328037579e-06
f921120eb741663ee8cbc9557378a8678c1fe5054fbb8bf33612f5b9c4ea887b,2,2,8.513500321383205e-11,1.6142832848231592e-08,1.0,3.1969088487571184e-10
f92d33acd56db96b83352685faf1bb04a2f106721674487b38199e38722b3c6a,3,3,2.3723437436729e-08,0.33800166845321655,2.902994111764201e-08,0.6619982719421387
f9370934c72d6ffbae516a0fd671640878d214d1cf88941c917d409f8b0710e0,2,2,7.618062340952747e-07,7.024517003628716e-07,0.9999966621398926,1.925434617078281e-06
f93c50d8258815c9a0e69d5f1b12c5c7d3aad4a1827d761fc1a71675a734e11d,0,0,0.9999467134475708,3.49936151167185e-08,1.85077027481384e-07,5.300708289723843e-05
f98f0ea7da2e1b0bc0354d25cfaeb457301d79bbac1893d3017863948d0c9aa3,2,2,2.610430760441318e-10,5.847115680523984e-09,1.0,4.861484548257522e-09
f995b832c83b1d4e003a715be981b768fc575aa00cdf7d570199b592ad6e89d7,2,2,1.2199645880173193e-06,0.00040994424489326775,0.9994651675224304,0.00012367147428449243
f99f8708f186efaae6a12032dd6c27a85656b4293b26bf2e94b155cf90f596c8,2,2,2.300130432786318e-07,1.3244898582343012e-06,0.9999978542327881,6.542408641507791e-07
f9b2b4c19bb7172ef56309c892983d30ad3ec4dd17cc2b9da7a8dbdea58d302e,3,3,9.689845370530747e-08,1.2341923138592392e-05,3.3761264717213635e-07,0.9999872446060181
f9c0b1ea33c16c974e85282d7cf31ef899571a12149ad5677b7440e62dd0a1c2,3,3,1.1424272194915375e-08,0.016798779368400574,2.2592443471580737e-08,0.9832012057304382
f9d77e241c5e825d8906640af3b3c12a186538515986ec552a6e7c42a985844a,0,0,0.99543297290802,0.0002790812577586621,6.826278695371002e-05,0.004219722468405962
f9e332456c17452adaec70ce9398769870d4462b958c0420ebe68143a3a364e3,2,2,1.2681884697940404e-07,5.715183988286299e-07,0.999987006187439,1.2330967365414836e-05
f9e3eef0189529b611a6155f3974a905459f25d0dbb462ced94aa2deddcdbd54,0,0,0.9999982118606567,1.0788561866093005e-07,1.0530065708280745e-07,1.5238350670188083e-06
f9e96413ae05cdbbf7893b6fe01430aed8684fd8c9943a5ce5ea20eed6cb06f8,3,3,4.8943031849546514e-09,5.435302227851935e-05,6.557166187803887e-08,0.9999455213546753
f9ebc2e32f96210686e8361d6d9690121f40b23206f69f3950a67f2b767488bc,0,0,0.9999957084655762,2.0280774037928495e-07,2.2877728156345256e-08,4.051852101838449e-06
fa0fd11fbdf445c265d3c3cc2341b7931546e97dffa074d555778d1bf2788e10,0,0,0.9998859167098999,3.934928827220574e-05,2.1256379113765433e-05,5.3503288654610515e-05
fa1254a909266dcb75513b38c66334fbd09971ccbcec0ab7cf6efaa76d67c0f9,0,0,0.9999986886978149,5.497731159209707e-10,7.79123099370338e-10,1.2736265944113256e-06
fa1870fd6be4754990bd0071e1400fdb0dd1180a396e9fb1e543a1897370ea8d,3,3,5.094980792819115e-07,0.002723771845921874,4.629738396033645e-05,0.9972293972969055
fa27d08b06f2ad48a8b092aa0dbca38e695cd794ce44b5b3a6da6fdc932fc777,0,0,0.9999947547912598,4.002708351436013e-07,1.7987151323950457e-08,4.914678356726654e-06
fa5fd74c9c26ac514900b398650dce54c85e2d9eadf39759aecb8154f283af51,2,2,1.380208942691752e-07,1.770470043993555e-05,0.9999804496765137,1.6242105402852758e-06
fa7e287bd7173d513bd12b808946503b252c97bd7ea08571490828212eadce10,0,0,0.9473047256469727,0.001469224807806313,2.896307478295057e-07,0.051225677132606506
fa8be36160244ed5ec9f9065205f41629a0753d505198a12124c5d964df83f2d,3,3,3.511410341161536e-06,0.0012920437147840858,1.2673083801928442e-05,0.998691737651825
faa6adf330a09f8048a686f20dc931faef4aa018311f7b486af245c1af068eb9,2,2,2.345879490661673e-09,6.710032085521789e-09,1.0,2.1405856642786603e-08
fab67fb3ca9f787b1c534808cb6af9ffd2814489348ea3ddfc11d0aaa673294e,0,0,0.9999967813491821,7.928996126338461e-08,4.73985835469648e-07,2.650438545970246e-06
fae578d8a148403b356853a38188c9dde06826a4cac5ca2437c5c97929d44d88,0,0,0.9999995231628418,2.7225021881349676e-07,2.8048829037174983e-08,2.9505255838557787e-07
faedb7a9766a86eadb01ab8f4ed7f9edc763fca68ae992885ca4eb174e7c4318,0,0,0.9999995231628418,2.3269378091050896e-10,7.346473429592493e-11,4.249368714681623e-07
faf5987565e0b4352b8670191f35fd64b1ce5c5111f33482aa3006cbe8ca5864,3,3,7.134621338167335e-09,0.0024138360749930143,2.899439799364245e-08,0.9975861310958862
fb01c7bee9e9a4000bd37421588699236bc67591eec1b9a82921ab10f1580bf1,1,1,0.00017049777670763433,0.9956455826759338,5.543705265154131e-05,0.004128520376980305
fb05418dc3414f85b4285c428c6623b80e8ef88fe701fcb475dccbd02884d052,3,3,6.88261492243214e-09,0.0002416872448520735,2.9470383910989995e-09,0.9997583031654358
fb064b73972798f27758601257dc07e0ea3ae2f2c700cf0f688d34ccac298fc0,0,0,0.9999827146530151,1.3932836736785248e-05,3.060095110640759e-08,3.3506480576761533e-06
fb14b4aeb2f722212747e01c2ccb7fbd62f309ca916b7475e42c8e07d1827e57,0,0,0.9995991587638855,6.928921357030049e-05,5.631218300550245e-05,0.0002753135922830552
fb176b384c8db2002d2e55681b4d8e50549b9c7ace6c5a5f32b06881d055b614,2,2,1.4789616642474357e-08,3.915091383532854e-06,0.9999945163726807,1.5811506273166742e-06
fb19bb753134020f213d6a723d7e4846c60d7e23c6578f37ff9a44f65f72c5c3,3,3,1.9059923772601906e-07,9.835022865445353e-06,2.0578742976340436e-07,0.9999897480010986
fb35eec32a185cb84f038994f36e006174e38b02b0bb655210c8d673488d3c44,2,2,2.751727512517732e-09,1.2563155848965835e-08,0.9999997615814209,2.472655182828021e-07
fb90808ef930ef2d42ad9e0c9db32a558206f2994e22cd1bf08838c79314b490,2,2,9.803535587493695e-12,2.87549678512633e-10,1.0,4.479514981170496e-09
fbcfd97d788b5ebf1f8a7f0e424fc01f44b74ef25d50a71a07de7d029169bd51,0,0,0.998405396938324,4.564010669128038e-05,2.7922365575250296e-07,0.001548769767396152
fbe7090ed277a596e974676146c2e4191904fb4094daa250806c5a36f503a886,1,1,9.828698966884986e-05,0.7490555644035339,3.5561693948693573e-05,0.2508106231689453
fbff54ee3b6c561c1460c7343cd512fb96e579610c46bdb75fd76fb89a1e05f6,3,3,2.5533641867525603e-10,0.00010041270434157923,3.693439165619594e-10,0.9998996257781982
fc16cf3998992c826e3bd2aceaccf4836599f8cc1cd03827dddd5f29b2500a50,0,0,0.9999288320541382,1.4116121747065336e-06,1.2572285186251975e-06,6.845302414149046e-05
fc216fa17df2bd2d3c54a470ca5c821ea2072ea24c9cc785a5f1782090e8fc0f,0,0,0.9999333620071411,7.362877454397676e-07,5.239152756075782e-07,6.540583854075521e-05
fc2a3f5eeec7277750aa5fcb750ddeca6ec5303aeb8c6143a5accd0b7ce1bfa3,3,3,5.993568308326758e-09,0.00017717793525662273,5.29572563578995e-09,0.9998227953910828
fc2acafff41cb5094e2fbcd17fa5f338b225335900e05953143ee40a1adeeec4,2,2,3.1624711027689045e-06,0.00013659791147802025,0.9997835755348206,7.667199679417536e-05
fc76dbb67c34193ce92595bb3a224d229d7549e7a66c768836f26a29ca4701b4,2,2,9.45342293334761e-09,1.1343799855012549e-07,0.9999997615814209,1.6473130415306514e-07
fc908cf492fc2626c86eca940d5769592ee4af16c918992763e00d0b470079a1,1,1,6.31132297712611e-06,0.9076167345046997,1.899786184367258e-05,0.09235787391662598
fc98942a5a317b0025f2ef350fb1eb64df9801fd5a8788c2f6539c746f2addfc,0,0,0.9999788999557495,2.738269984092767e-07,1.2910749136452182e-09,2.0856088667642325e-05
fca163c825468b9eb0796052155e36441be23b30fb38eef66fbb381eb8bee583,3,3,0.0007886017556302249,0.0002501779526937753,6.232008308870718e-05,0.9988988637924194
fcbf29e45e0ad23f2c21f8a861a42cb337356ac75d24b1d9bc94f27236c3249a,2,2,0.001301904208958149,0.0006530640530399978,0.9943495392799377,0.0036954411771148443
fcd847faf987b1c72586ce597bd1d02d7703d07c76a7de411abf1f36f234a555,0,0,0.9989645481109619,7.920484495116398e-05,0.000876289326697588,8.006415009731427e-05
fce93802f1429861d354f1a4bed19129057f4780da00b8bdfc9a1f96bf16ec90,2,2,7.63050600482984e-09,3.627778966119877e-08,0.999998927116394,1.126429083342373e-06
fcf47920980aabd83d7e0c108a12a6cc6ce0b90d09088b3fc4c1e6b18249ceb1,3,3,3.5704024412552826e-06,0.0017290442483499646,1.4559504961653147e-06,0.9982659220695496
fd4dcaa8d80e918725e9baa03ff46975739d672950f13b1d1113de40c9dff981,3,3,4.4230731077732344e-07,0.0003076446882914752,6.376633887583694e-09,0.9996919631958008
fd65788aa6aaa6b0c5cd75f7d8aec6edac056ab7cd273600d32cc157e21b948f,0,0,0.999948263168335,1.8959490262204781e-06,2.0869586023763986e-06,4.763391552842222e-05
fda4d3b41978ff10f70b93f5796e7f955567c0df6bac15279ca387144ab332ed,0,0,0.9999996423721313,2.348267003071669e-07,8.999844425261472e-09,1.0931104554856574e-07
fdd071447c0253cff79f7cce6697db06d336ad950ffbf9304665293dcbcff713,0,0,0.999990701675415,1.3862846515166893e-07,4.3045755404591546e-08,9.222045264323242e-06
fdd6ab2b654f81718c8dcebe89b78f082481ed6e6775683dbc2732e84609f70d,0,0,0.999868631362915,2.9657448408215714e-07,9.504779541202879e-08,0.0001310012594331056
fddb69cfe290048b3778b396677ce46e802b6be4c657fe7318e4f1a14fe72ced,1,1,3.227309619546759e-08,0.99928218126297,4.86493298978985e-08,0.0007178676314651966
fdde98363f586dbdfa54b5bb1b322f8bb318b0b182bfba1c1cf577888b2d1a60,1,1,1.4019922218722058e-06,0.9995613694190979,6.235879368432506e-07,0.0004365810309536755
fde6f6ae1f7ead83b3c1ee3a5c52e54c23fc746365f2b849cbd5347fe64bb6e2,0,0,0.9999741315841675,1.0169463493525654e-08,8.371616178060037e-10,2.5899940737872384e-05
fdf37af901c76d1426b913d0d3d1c43d66ce2c9ce07f1d5d7d19238a0d4d50dd,3,3,6.614585856823396e-08,0.02280428260564804,2.0875422279686973e-08,0.9771956205368042
fe11383c8cdf6f664d023ff2c2be58cda02612ac87841912e2ee8612fb12ce7b,3,3,1.2262232758075697e-06,0.00030539114959537983,0.00012651960423681885,0.9995668530464172
fe14ef6759a16ca12269b4f29f947f95989cd1883df01d6e666a89fc3ed8d4f0,2,2,3.28270857608004e-06,7.819370694051031e-06,0.999897837638855,9.103069896809757e-05
fe33b57f621c24dfefa2d86418873b6db8d42f056fff7990f85cab6ae2198cf3,2,2,5.001895260647871e-06,5.5472832173109055e-05,0.9999128580093384,2.671247966645751e-05
fe3703336633808ea2aed0ff893188179d52f646bbb4e0b20023fe7a50eb5089,1,1,3.821680252258375e-07,0.9971994161605835,0.0002804783871397376,0.0025197702925652266
fe3eebfab0aabcc69ce6d9416811ee7dac82bc5454acb60d36ac30ea09233e63,0,0,0.9910985827445984,6.784273409721209e-06,0.008825262077152729,6.932926044100896e-05
fe6224f01978656e426472d6effa3486dd571770f942713520b0bcb01850c7a7,2,2,6.417462827812415e-08,1.4825354810454883e-06,0.9999876022338867,1.08453295979416e-05
fe6de53239c9391821f9008a817927e9f857c2fec9a6489b3a5e7102b6b6912c,2,2,7.133734158948357e-10,1.6805904445860165e-09,1.0,4.673763598361802e-09
fe7c2cc9ff49c53a76e0140e0674f5e4be2f5ef912a06fdb476ccc51bf38c631,3,3,7.415859926140911e-09,5.949873593635857e-05,1.1176969572090911e-08,0.9999405145645142
fe7e3e8cfa53229a6103fc84d031e6b9e1396b23603214bb8ce381fe97f1345e,0,0,0.9996844530105591,5.503247393789934e-06,1.3340950033580157e-07,0.0003099219175055623
fecbb72cdf4cf860fae22cdf5d88e58e61529654385547102e863d98149fd957,1,1,0.001332436571829021,0.9682222604751587,3.6016551803186303e-06,0.030441705137491226
fee65bb9e5f18c8f5fb8d2db50fd9adf06926c9839f36077270f3f00932c07a4,0,0,0.9989514350891113,0.00013277480320539325,0.0003866941842716187,0.0005290884291753173
fef9a376d42f3c458c75f268dcc1f35e71c897d10920af0058b296f08cdec42b,2,2,2.2126989279058762e-05,0.0002444321580696851,0.9990690350532532,0.000664403778500855
ff3e6f88c6bbb51525b1ea89feddcfa603bf1d5c5746a8fd8c346f05814aa932,2,2,8.390656347501135e-08,4.107171847067548e-08,0.9999998807907104,5.492188392963726e-08
ff3f91ebc548571c52e508e8ad1f6ce06c074cc447826c1f7654c57be6433d5b,0,0,0.9992341995239258,1.3732283150602598e-05,0.00026522521511651576,0.00048684224020689726
ff78c22ffbb05adbd9e99f3f4ae4c3d90ec33d0e2c2b7383da16f035ab94624f,2,2,1.3497323152478202e-06,4.7675632686150493e-07,0.9999949932098389,3.1798958843864966e-06
ff7cc61c17449f7832a8fa59414b059912ea1abacc88df9153e8b84ba2eecf70,3,3,1.1827536172681619e-10,1.2863898746218183e-07,7.207034968814696e-11,0.9999998807907104
ffdad21169499e6acc033370794202ac0e903a15b69fae5358ee8d9e1ec43337,2,2,7.305438032290112e-08,9.403354965797917e-07,0.9999850988388062,1.3791128367302008e-05
ffe50cb327ad045cd9ff92b4e94dce95b5f60d617a7ef1734489e123c64136a6,0,0,0.9999829530715942,2.565858281400324e-08,9.786331389705083e-08,1.689688542683143e-05
ffeac0d318106f1200f8e619744a3c5df35f0e7001e5cc5f9d6416e3301a6d65,0,0,0.999998927116394,2.582808633633249e-07,1.224062629034961e-07,7.535971917604911e-07
